env,tag,w_neg,c_neg,reg_neg,rnn_type,discount_short,discount_long,lr,n_states,n_obs,max_alias,ceiling,overlap_alias_eig,overlap_short,overlap_long,overlap_cross,window_len,overlap_short_windowed,overlap_long_windowed,raw_cos,aligned_cos,erank_short,erank_long,rho_gt,rho_short,rho_long,rho_concat,rho_pixels
OneRoom,"0000_window_len=1_w_neg=5.0_c_neg=1.0_reg_neg=0.0_discount=[0.1,0.9]_lr=0.0001_rnn_type=LSTM",5.0,1.0,0.0,LSTM,0.1,0.9,0.0001,225,25,121,0.3091533796842889,0.30902854478282715,0.3067172216787614,0.283756066520629,0.7913021,1,0.3067172216787614,0.283756066520629,0.11861280351877213,0.7476434707641602,6.0277509689331055,4.454990863800049,0.09263681920138013,0.7068432171326179,-0.02503476864881653,0.7068432171326179,0.7251996043390727
OneRoom,"0001_window_len=1_w_neg=5.0_c_neg=1.0_reg_neg=0.0_discount=[0.1,0.9]_lr=0.0001_rnn_type=GRU",5.0,1.0,0.0,GRU,0.1,0.9,0.0001,225,25,121,0.3091533796842889,0.30902854478282715,0.30661102907888427,0.29618616990578933,0.84202397,1,0.30661102907888427,0.29618616990578933,-0.087644562125206,0.8948569893836975,6.2892327308654785,3.436458110809326,0.09263681920138013,0.7121071673865593,0.5915754530477031,0.7121071673865593,0.7251996043390727
OneRoom,"0002_window_len=1_w_neg=5.0_c_neg=1.0_reg_neg=0.0_discount=[0.1,0.9]_lr=0.001_rnn_type=LSTM",5.0,1.0,0.0,LSTM,0.1,0.9,0.001,225,25,121,0.3091533796842889,0.30902854478282715,0.30651606645608465,0.21169285493990606,0.78479606,1,0.30651606645608465,0.21169285493990606,0.14066201448440552,0.22330784797668457,6.586032867431641,3.864872694015503,0.09263681920138013,0.7069299161387639,0.15817657922961106,0.7069299161387639,0.7251996043390727
OneRoom,"0003_window_len=1_w_neg=5.0_c_neg=1.0_reg_neg=0.0_discount=[0.1,0.9]_lr=0.001_rnn_type=GRU",5.0,1.0,0.0,GRU,0.1,0.9,0.001,225,25,121,0.3091533796842889,0.30902854478282715,0.30701337331971884,0.15658728121649446,0.29520214,1,0.30701337331971884,0.15658728121649446,-0.11158604919910431,0.09642580896615982,6.393113613128662,1.0,0.09263681920138013,0.7059733562431415,nan,0.7059733562431415,0.7251996043390727
OneRoom,"0004_window_len=1_w_neg=5.0_c_neg=1.0_reg_neg=0.0_discount=[0.3,0.7]_lr=0.0001_rnn_type=LSTM",5.0,1.0,0.0,LSTM,0.3,0.7,0.0001,225,25,121,0.3091533796842889,0.30902854478282715,0.30690511168684703,0.30234073881519996,0.85800666,1,0.30690511168684703,0.30234073881519996,0.31631341576576233,0.9632760882377625,5.125877380371094,3.0890400409698486,0.09263681920138013,0.7202562997986656,0.7323895673342553,0.7252762296710705,0.7251996043390727
OneRoom,"0005_window_len=1_w_neg=5.0_c_neg=1.0_reg_neg=0.0_discount=[0.3,0.7]_lr=0.0001_rnn_type=GRU",5.0,1.0,0.0,GRU,0.3,0.7,0.0001,225,25,121,0.3091533796842889,0.30902854478282715,0.30736254229756976,0.3025544345963064,0.8624182,1,0.30736254229756976,0.3025544345963064,0.1882944107055664,0.9353951215744019,5.179656982421875,2.8078744411468506,0.09263681920138013,0.7070734575396677,0.7373899755761376,0.7138463149999088,0.7251996043390727
OneRoom,"0006_window_len=1_w_neg=5.0_c_neg=1.0_reg_neg=0.0_discount=[0.3,0.7]_lr=0.001_rnn_type=LSTM",5.0,1.0,0.0,LSTM,0.3,0.7,0.001,225,25,121,0.3091533796842889,0.30902854478282715,0.3066173684600605,0.3077756917198961,0.8933902,1,0.3066173684600605,0.3077756917198961,0.1652461737394333,0.7891644239425659,5.229743003845215,2.5543761253356934,0.09263681920138013,0.7042973668461896,0.7400805155946769,0.7101423726909892,0.7251996043390727
OneRoom,"0007_window_len=1_w_neg=5.0_c_neg=1.0_reg_neg=0.0_discount=[0.3,0.7]_lr=0.001_rnn_type=GRU",5.0,1.0,0.0,GRU,0.3,0.7,0.001,225,25,121,0.3091533796842889,0.30902854478282715,0.3074008895865369,0.3085014028019707,0.9144684,1,0.3074008895865369,0.3085014028019707,-0.05091762915253639,0.9457699656486511,5.676689147949219,3.080841064453125,0.09263681920138013,0.707959969231649,0.7424403362255342,0.7142407667695923,0.7251996043390727
OneRoom,"0008_window_len=1_w_neg=5.0_c_neg=1.0_reg_neg=0.1_discount=[0.1,0.9]_lr=0.0001_rnn_type=LSTM",5.0,1.0,0.1,LSTM,0.1,0.9,0.0001,225,25,121,0.3091533796842889,0.30902854478282715,0.3067450028602918,0.2847582050212088,0.80415994,1,0.3067450028602918,0.2847582050212088,-0.08128601312637329,0.38735345005989075,6.575033187866211,1.002234697341919,0.09263681920138013,0.7087327961341146,0.7384246219938514,0.7087327961341146,0.7251996043390727
OneRoom,"0009_window_len=1_w_neg=5.0_c_neg=1.0_reg_neg=0.1_discount=[0.1,0.9]_lr=0.0001_rnn_type=GRU",5.0,1.0,0.1,GRU,0.1,0.9,0.0001,225,25,121,0.3091533796842889,0.30902854478282715,0.30673435904190144,0.30285323710458745,0.83583975,1,0.30673435904190144,0.30285323710458745,-0.03431239724159241,0.7360590696334839,6.420539855957031,1.4351892471313477,0.09263681920138013,0.7071113524695062,0.7245148860806772,0.7071113524695062,0.7251996043390727
OneRoom,"0010_window_len=1_w_neg=5.0_c_neg=1.0_reg_neg=0.1_discount=[0.1,0.9]_lr=0.001_rnn_type=LSTM",5.0,1.0,0.1,LSTM,0.1,0.9,0.001,225,25,121,0.3091533796842889,0.30902854478282715,0.3066897368165604,0.28147011149735557,0.7994574,1,0.3066897368165604,0.28147011149735557,0.07649489492177963,0.496379017829895,6.147891521453857,1.7260546684265137,0.09263681920138013,0.7028183162512776,-0.14413279147544641,0.7028183162512776,0.7251996043390727
OneRoom,"0011_window_len=1_w_neg=5.0_c_neg=1.0_reg_neg=0.1_discount=[0.1,0.9]_lr=0.001_rnn_type=GRU",5.0,1.0,0.1,GRU,0.1,0.9,0.001,225,25,121,0.3091533796842889,0.30902854478282715,0.30791459666616366,0.165674281605143,0.30793405,1,0.30791459666616366,0.165674281605143,0.14462324976921082,0.06755854934453964,5.805479049682617,1.0,0.09263681920138013,0.7050087580290684,nan,0.7050087580290684,0.7251996043390727
OneRoom,"0012_window_len=1_w_neg=5.0_c_neg=1.0_reg_neg=0.1_discount=[0.3,0.7]_lr=0.0001_rnn_type=LSTM",5.0,1.0,0.1,LSTM,0.3,0.7,0.0001,225,25,121,0.3091533796842889,0.30902854478282715,0.3070919671328239,0.3054802190343905,0.86451375,1,0.3070919671328239,0.3054802190343905,0.061611372977495193,0.7760789394378662,5.227604866027832,2.5220136642456055,0.09263681920138013,0.7102170142194592,0.7347620196083922,0.7156916832499272,0.7251996043390727
OneRoom,"0013_window_len=1_w_neg=5.0_c_neg=1.0_reg_neg=0.1_discount=[0.3,0.7]_lr=0.0001_rnn_type=GRU",5.0,1.0,0.1,GRU,0.3,0.7,0.0001,225,25,121,0.3091533796842889,0.30902854478282715,0.3065416978791219,0.3025575481965972,0.8231366,1,0.3065416978791219,0.3025575481965972,-0.09058289974927902,0.9535375833511353,5.1166768074035645,3.1208298206329346,0.09263681920138013,0.7063345064078151,0.7296783573539859,0.7128392285311683,0.7251996043390727
OneRoom,"0014_window_len=1_w_neg=5.0_c_neg=1.0_reg_neg=0.1_discount=[0.3,0.7]_lr=0.001_rnn_type=LSTM",5.0,1.0,0.1,LSTM,0.3,0.7,0.001,225,25,121,0.3091533796842889,0.30902854478282715,0.3067881638380058,0.29678102232860526,0.79799056,1,0.3067881638380058,0.29678102232860526,0.3050324022769928,0.38755106925964355,5.068963050842285,1.0012760162353516,0.09263681920138013,0.7165466158337097,0.7170541782273052,0.7190838536360838,0.7251996043390727
OneRoom,"0015_window_len=1_w_neg=5.0_c_neg=1.0_reg_neg=0.1_discount=[0.3,0.7]_lr=0.001_rnn_type=GRU",5.0,1.0,0.1,GRU,0.3,0.7,0.001,225,25,121,0.3091533796842889,0.30902854478282715,0.3081869357406654,0.30823735423728604,0.9251316,1,0.3081869357406654,0.30823735423728604,0.11389857530593872,0.9501851201057434,5.214188575744629,3.025183916091919,0.09263681920138013,0.7124235326341511,0.7400483623208743,0.7187611725668523,0.7251996043390727
OneRoom,"0016_window_len=1_w_neg=5.0_c_neg=2.0_reg_neg=0.0_discount=[0.1,0.9]_lr=0.0001_rnn_type=LSTM",5.0,2.0,0.0,LSTM,0.1,0.9,0.0001,225,25,121,0.3091533796842889,0.30902854478282715,0.3076332069502785,0.3081134491768535,0.88079596,1,0.3076332069502785,0.3081134491768535,-0.334695041179657,0.9051886796951294,7.806098937988281,4.017570495605469,0.09263681920138013,0.12316483779703416,0.7314869790053729,0.39568278073758134,0.7251996043390727
OneRoom,"0017_window_len=1_w_neg=5.0_c_neg=2.0_reg_neg=0.0_discount=[0.1,0.9]_lr=0.0001_rnn_type=GRU",5.0,2.0,0.0,GRU,0.1,0.9,0.0001,225,25,121,0.3091533796842889,0.30902854478282715,0.30636051284315957,0.306335832723612,0.8644679,1,0.30636051284315957,0.306335832723612,0.02357563003897667,0.8943676948547363,7.563790798187256,3.9899375438690186,0.09263681920138013,0.1911558060802989,0.7272502110162985,0.4779934391750014,0.7251996043390727
OneRoom,"0018_window_len=1_w_neg=5.0_c_neg=2.0_reg_neg=0.0_discount=[0.1,0.9]_lr=0.001_rnn_type=LSTM",5.0,2.0,0.0,LSTM,0.1,0.9,0.001,225,25,121,0.3091533796842889,0.30902854478282715,0.30745658285292815,0.30747677712704746,0.88138735,1,0.30745658285292815,0.30747677712704746,0.03316285088658333,0.9180766344070435,7.766002178192139,4.2378106117248535,0.09263681920138013,0.14874965709411375,0.7185395446438569,0.43383838176020534,0.7251996043390727
OneRoom,"0019_window_len=1_w_neg=5.0_c_neg=2.0_reg_neg=0.0_discount=[0.1,0.9]_lr=0.001_rnn_type=GRU",5.0,2.0,0.0,GRU,0.1,0.9,0.001,225,25,121,0.3091533796842889,0.30902854478282715,0.3067293008238349,0.30560758456912385,0.8482091,1,0.3067293008238349,0.30560758456912385,-0.13562269508838654,0.9171473383903503,7.7650532722473145,3.9770431518554688,0.09263681920138013,0.1469852461942052,0.723456698873215,0.4353886288899656,0.7251996043390727
OneRoom,"0020_window_len=1_w_neg=5.0_c_neg=2.0_reg_neg=0.0_discount=[0.3,0.7]_lr=0.0001_rnn_type=LSTM",5.0,2.0,0.0,LSTM,0.3,0.7,0.0001,225,25,121,0.3091533796842889,0.30902854478282715,0.3062208699566561,0.30709350092715565,0.8593446,1,0.3062208699566561,0.30709350092715565,-0.09694266319274902,0.9939499497413635,7.76577091217041,6.788355350494385,0.09263681920138013,0.29053583374758607,0.7062323049303717,0.3698648502054341,0.7251996043390727
OneRoom,"0021_window_len=1_w_neg=5.0_c_neg=2.0_reg_neg=0.0_discount=[0.3,0.7]_lr=0.0001_rnn_type=GRU",5.0,2.0,0.0,GRU,0.3,0.7,0.0001,225,25,121,0.3091533796842889,0.30902854478282715,0.30720692239807257,0.30741961227949044,0.8595605,1,0.30720692239807257,0.30741961227949044,0.2445109337568283,0.9945506453514099,7.691030979156494,6.663005352020264,0.09263681920138013,0.18902450335968038,0.7044437790751114,0.4729574326656952,0.7251996043390727
OneRoom,"0022_window_len=1_w_neg=5.0_c_neg=2.0_reg_neg=0.0_discount=[0.3,0.7]_lr=0.001_rnn_type=LSTM",5.0,2.0,0.0,LSTM,0.3,0.7,0.001,225,25,121,0.3091533796842889,0.30902854478282715,0.30702678531848143,0.3071768272171868,0.8501194,1,0.30702678531848143,0.3071768272171868,-0.052404772490262985,0.9969550371170044,7.712988376617432,7.105683326721191,0.09263681920138013,0.10701757852657254,0.4728437478761795,0.2910950710455071,0.7251996043390727
OneRoom,"0023_window_len=1_w_neg=5.0_c_neg=2.0_reg_neg=0.0_discount=[0.3,0.7]_lr=0.001_rnn_type=GRU",5.0,2.0,0.0,GRU,0.3,0.7,0.001,225,25,121,0.3091533796842889,0.30902854478282715,0.30669293771284256,0.30738438930245615,0.86484164,1,0.30669293771284256,0.30738438930245615,-0.05120236799120903,0.9952086806297302,7.650760173797607,6.8227338790893555,0.09263681920138013,0.17055244756018204,0.5524874070848084,0.3336487805918211,0.7251996043390727
OneRoom,"0024_window_len=1_w_neg=5.0_c_neg=2.0_reg_neg=0.1_discount=[0.1,0.9]_lr=0.0001_rnn_type=LSTM",5.0,2.0,0.1,LSTM,0.1,0.9,0.0001,225,25,121,0.3091533796842889,0.30902854478282715,0.3075354545439819,0.3081606884937906,0.88380605,1,0.3075354545439819,0.3081606884937906,-0.10570475459098816,0.9128406047821045,7.717947483062744,4.291149139404297,0.09263681920138013,0.1279459147783354,0.7206869240013767,0.3345812255320917,0.7251996043390727
OneRoom,"0025_window_len=1_w_neg=5.0_c_neg=2.0_reg_neg=0.1_discount=[0.1,0.9]_lr=0.0001_rnn_type=GRU",5.0,2.0,0.1,GRU,0.1,0.9,0.0001,225,25,121,0.3091533796842889,0.30902854478282715,0.30747807098900715,0.3071215903138166,0.8604709,1,0.30747807098900715,0.3071215903138166,0.2273092120885849,0.9232885837554932,7.560490608215332,4.072837829589844,0.09263681920138013,0.18802086188456155,0.7319135840488585,0.4762611815488953,0.7251996043390727
OneRoom,"0026_window_len=1_w_neg=5.0_c_neg=2.0_reg_neg=0.1_discount=[0.1,0.9]_lr=0.001_rnn_type=LSTM",5.0,2.0,0.1,LSTM,0.1,0.9,0.001,225,25,121,0.3091533796842889,0.30902854478282715,0.30705152237441646,0.3075077633661246,0.8514792,1,0.30705152237441646,0.3075077633661246,-0.21485763788223267,0.8989049196243286,7.748783588409424,4.3092427253723145,0.09263681920138013,0.1502780859309366,0.7173533185067886,0.550958404082382,0.7251996043390727
OneRoom,"0027_window_len=1_w_neg=5.0_c_neg=2.0_reg_neg=0.1_discount=[0.1,0.9]_lr=0.001_rnn_type=GRU",5.0,2.0,0.1,GRU,0.1,0.9,0.001,225,25,121,0.3091533796842889,0.30902854478282715,0.30704246916313005,0.3076613080584095,0.8690583,1,0.30704246916313005,0.3076613080584095,-0.03353727608919144,0.9009525775909424,7.73106575012207,4.238376617431641,0.09263681920138013,0.16690075432119134,0.7128995159195479,0.4718458480570968,0.7251996043390727
OneRoom,"0028_window_len=1_w_neg=5.0_c_neg=2.0_reg_neg=0.1_discount=[0.3,0.7]_lr=0.0001_rnn_type=LSTM",5.0,2.0,0.1,LSTM,0.3,0.7,0.0001,225,25,121,0.3091533796842889,0.30902854478282715,0.30774439768861594,0.3073361005903338,0.87731326,1,0.30774439768861594,0.3073361005903338,-0.10186053812503815,0.9957320094108582,7.6180009841918945,6.539624214172363,0.09263681920138013,0.16454495284955944,0.5884462505080019,0.43225368469422826,0.7251996043390727
OneRoom,"0029_window_len=1_w_neg=5.0_c_neg=2.0_reg_neg=0.1_discount=[0.3,0.7]_lr=0.0001_rnn_type=GRU",5.0,2.0,0.1,GRU,0.3,0.7,0.0001,225,25,121,0.3091533796842889,0.30902854478282715,0.30692761051520395,0.3073683129421062,0.855209,1,0.30692761051520395,0.3073683129421062,0.08259306848049164,0.9958240985870361,7.565193176269531,7.113667964935303,0.09263681920138013,0.08949748929786773,0.4734213584734161,0.2711026247276364,0.7251996043390727
OneRoom,"0030_window_len=1_w_neg=5.0_c_neg=2.0_reg_neg=0.1_discount=[0.3,0.7]_lr=0.001_rnn_type=LSTM",5.0,2.0,0.1,LSTM,0.3,0.7,0.001,225,25,121,0.3091533796842889,0.30902854478282715,0.306859093764435,0.3060293567502738,0.8406736,1,0.306859093764435,0.3060293567502738,0.10401272773742676,0.9955005645751953,7.7559051513671875,6.858189582824707,0.09263681920138013,0.23146452811647877,0.5758369996870153,0.3359603713119747,0.7251996043390727
OneRoom,"0031_window_len=1_w_neg=5.0_c_neg=2.0_reg_neg=0.1_discount=[0.3,0.7]_lr=0.001_rnn_type=GRU",5.0,2.0,0.1,GRU,0.3,0.7,0.001,225,25,121,0.3091533796842889,0.30902854478282715,0.3072961952326103,0.2990895535426443,0.83748186,1,0.3072961952326103,0.2990895535426443,0.09115848690271378,0.987031102180481,7.592936038970947,6.607364177703857,0.09263681920138013,0.18809780007544594,0.4752713200482632,0.29070750926306693,0.7251996043390727
OneRoom,"0032_window_len=1_w_neg=15.0_c_neg=1.0_reg_neg=0.0_discount=[0.1,0.9]_lr=0.0001_rnn_type=LSTM",15.0,1.0,0.0,LSTM,0.1,0.9,0.0001,225,25,121,0.3091533796842889,0.30902854478282715,0.30850834327173626,0.3079744679604348,0.90819806,1,0.30850834327173626,0.3079744679604348,-0.14837276935577393,0.9388303756713867,10.512761116027832,7.083504676818848,0.09263681920138013,0.09402535924797477,0.7036640621854022,0.17075340552144727,0.7251996043390727
OneRoom,"0033_window_len=1_w_neg=15.0_c_neg=1.0_reg_neg=0.0_discount=[0.1,0.9]_lr=0.0001_rnn_type=GRU",15.0,1.0,0.0,GRU,0.1,0.9,0.0001,225,25,121,0.3091533796842889,0.30902854478282715,0.3082228787041484,0.3079258101206864,0.8999373,1,0.3082228787041484,0.3079258101206864,0.004829570651054382,0.930747389793396,10.69888973236084,6.955181121826172,0.09263681920138013,0.09305616770907281,0.47296776764656034,0.18862373576835717,0.7251996043390727
OneRoom,"0034_window_len=1_w_neg=15.0_c_neg=1.0_reg_neg=0.0_discount=[0.1,0.9]_lr=0.001_rnn_type=LSTM",15.0,1.0,0.0,LSTM,0.1,0.9,0.001,225,25,121,0.3091533796842889,0.30902854478282715,0.3083272695111419,0.30760504787047166,0.89048594,1,0.3083272695111419,0.30760504787047166,-0.06613016128540039,0.9258196353912354,11.612713813781738,7.067808151245117,0.09263681920138013,0.09611991536996188,0.5929195747257655,0.23108213382447126,0.7251996043390727
OneRoom,"0035_window_len=1_w_neg=15.0_c_neg=1.0_reg_neg=0.0_discount=[0.1,0.9]_lr=0.001_rnn_type=GRU",15.0,1.0,0.0,GRU,0.1,0.9,0.001,225,25,121,0.3091533796842889,0.30902854478282715,0.3083196231691506,0.3073985448964413,0.8669613,1,0.3083196231691506,0.3073985448964413,0.08387067168951035,0.9228847026824951,12.118782997131348,7.133634567260742,0.09263681920138013,0.09047357082401304,0.5883371590433151,0.188293016380675,0.7251996043390727
OneRoom,"0036_window_len=1_w_neg=15.0_c_neg=1.0_reg_neg=0.0_discount=[0.3,0.7]_lr=0.0001_rnn_type=LSTM",15.0,1.0,0.0,LSTM,0.3,0.7,0.0001,225,25,121,0.3091533796842889,0.30902854478282715,0.3083794320528743,0.3083570860572374,0.9148237,1,0.3083794320528743,0.3083570860572374,0.039186038076877594,0.9572302103042603,9.577417373657227,7.720393657684326,0.09263681920138013,0.05254878437404217,0.18903541250614908,0.11221377723928731,0.7251996043390727
OneRoom,"0037_window_len=1_w_neg=15.0_c_neg=1.0_reg_neg=0.0_discount=[0.3,0.7]_lr=0.0001_rnn_type=GRU",15.0,1.0,0.0,GRU,0.3,0.7,0.0001,225,25,121,0.3091533796842889,0.30902854478282715,0.3082839791133203,0.30759957716367825,0.8740842,1,0.3082839791133203,0.30759957716367825,-0.06809776276350021,0.9552201628684998,9.690987586975098,7.660462379455566,0.09263681920138013,0.11829189431915459,0.1914394438884846,0.1532809720378425,0.7251996043390727
OneRoom,"0038_window_len=1_w_neg=15.0_c_neg=1.0_reg_neg=0.0_discount=[0.3,0.7]_lr=0.001_rnn_type=LSTM",15.0,1.0,0.0,LSTM,0.3,0.7,0.001,225,25,121,0.3091533796842889,0.30902854478282715,0.30857438779932517,0.30764280803969235,0.89083415,1,0.30857438779932517,0.30764280803969235,0.05656196549534798,0.956047773361206,11.274027824401855,7.682540416717529,0.09263681920138013,0.07280649520078279,0.18905780496469005,0.15204020016843067,0.7251996043390727
OneRoom,"0039_window_len=1_w_neg=15.0_c_neg=1.0_reg_neg=0.0_discount=[0.3,0.7]_lr=0.001_rnn_type=GRU",15.0,1.0,0.0,GRU,0.3,0.7,0.001,225,25,121,0.3091533796842889,0.30902854478282715,0.3088047972265998,0.30740522721309027,0.88913095,1,0.3088047972265998,0.30740522721309027,0.1236310824751854,0.9478209614753723,10.668604850769043,7.708889484405518,0.09263681920138013,0.11549513366394643,0.18902909668450932,0.17031474300028548,0.7251996043390727
OneRoom,"0040_window_len=1_w_neg=15.0_c_neg=1.0_reg_neg=0.1_discount=[0.1,0.9]_lr=0.0001_rnn_type=LSTM",15.0,1.0,0.1,LSTM,0.1,0.9,0.0001,225,25,121,0.3091533796842889,0.30902854478282715,0.3083499299892861,0.30807562328052296,0.8951497,1,0.3083499299892861,0.30807562328052296,-0.009066474623978138,0.9338643550872803,10.796710968017578,7.184179306030273,0.09263681920138013,0.07561760999608132,0.47266116321422996,0.1926113158854626,0.7251996043390727
OneRoom,"0041_window_len=1_w_neg=15.0_c_neg=1.0_reg_neg=0.1_discount=[0.1,0.9]_lr=0.0001_rnn_type=GRU",15.0,1.0,0.1,GRU,0.1,0.9,0.0001,225,25,121,0.3091533796842889,0.30902854478282715,0.30830442855886636,0.30796824014439916,0.87107104,1,0.30830442855886636,0.30796824014439916,-0.030045416206121445,0.9371747970581055,9.524465560913086,6.670238018035889,0.09263681920138013,0.11790662919912898,0.5912699969465799,0.2125440489805572,0.7251996043390727
OneRoom,"0042_window_len=1_w_neg=15.0_c_neg=1.0_reg_neg=0.1_discount=[0.1,0.9]_lr=0.001_rnn_type=LSTM",15.0,1.0,0.1,LSTM,0.1,0.9,0.001,225,25,121,0.3091533796842889,0.30902854478282715,0.3086728716379924,0.30794020472516015,0.9011825,1,0.3086728716379924,0.30794020472516015,-0.11760786920785904,0.9234950542449951,11.922150611877441,6.925546646118164,0.09263681920138013,0.0722518512276908,0.4680115701561566,0.1890681399455551,0.7251996043390727
OneRoom,"0043_window_len=1_w_neg=15.0_c_neg=1.0_reg_neg=0.1_discount=[0.1,0.9]_lr=0.001_rnn_type=GRU",15.0,1.0,0.1,GRU,0.1,0.9,0.001,225,25,121,0.3091533796842889,0.30902854478282715,0.3081868653390125,0.30723271344039027,0.86246145,1,0.3081868653390125,0.30723271344039027,-0.07507598400115967,0.9185120463371277,12.697647094726562,7.257350921630859,0.09263681920138013,0.06503286709344078,0.2921308657944282,0.18991044088605813,0.7251996043390727
OneRoom,"0044_window_len=1_w_neg=15.0_c_neg=1.0_reg_neg=0.1_discount=[0.3,0.7]_lr=0.0001_rnn_type=LSTM",15.0,1.0,0.1,LSTM,0.3,0.7,0.0001,225,25,121,0.3091533796842889,0.30902854478282715,0.3083506764920191,0.30816588765926467,0.9100715,1,0.3083506764920191,0.30816588765926467,0.008672223426401615,0.9493836760520935,9.22216510772705,7.350388050079346,0.09263681920138013,0.008100328335798901,0.16633003371119814,0.0686816895044134,0.7251996043390727
OneRoom,"0045_window_len=1_w_neg=15.0_c_neg=1.0_reg_neg=0.1_discount=[0.3,0.7]_lr=0.0001_rnn_type=GRU",15.0,1.0,0.1,GRU,0.3,0.7,0.0001,225,25,121,0.3091533796842889,0.30902854478282715,0.30808688316990895,0.30770485965331007,0.9078393,1,0.30808688316990895,0.30770485965331007,0.12520237267017365,0.9590664505958557,9.360896110534668,7.6577229499816895,0.09263681920138013,0.15162909759624243,0.19026068190426323,0.1892116813464588,0.7251996043390727
OneRoom,"0046_window_len=1_w_neg=15.0_c_neg=1.0_reg_neg=0.1_discount=[0.3,0.7]_lr=0.001_rnn_type=LSTM",15.0,1.0,0.1,LSTM,0.3,0.7,0.001,225,25,121,0.3091533796842889,0.30902854478282715,0.3086446195969892,0.30767327779203807,0.89821464,1,0.3086446195969892,0.30767327779203807,-0.08812394738197327,0.9460591673851013,10.672146797180176,7.597458362579346,0.09263681920138013,0.19020039451588366,0.19188442223128616,0.19007350391748476,0.7251996043390727
OneRoom,"0047_window_len=1_w_neg=15.0_c_neg=1.0_reg_neg=0.1_discount=[0.3,0.7]_lr=0.001_rnn_type=GRU",15.0,1.0,0.1,GRU,0.3,0.7,0.001,225,25,121,0.3091533796842889,0.30902854478282715,0.30872102692905484,0.3079374453294906,0.8870441,1,0.30872102692905484,0.3079374453294906,0.010449911467730999,0.955649197101593,11.090530395507812,7.740128040313721,0.09263681920138013,0.07217491303680643,0.18867541067268254,0.13299512709652472,0.7251996043390727
OneRoom,"0048_window_len=1_w_neg=15.0_c_neg=2.0_reg_neg=0.0_discount=[0.1,0.9]_lr=0.0001_rnn_type=LSTM",15.0,2.0,0.0,LSTM,0.1,0.9,0.0001,225,25,121,0.3091533796842889,0.30902854478282715,0.30879624735626016,0.3085946991407459,0.93787956,1,0.30879624735626016,0.3085946991407459,0.17069505155086517,0.9956584572792053,17.768461227416992,16.976961135864258,0.09263681920138013,0.14401738418911983,0.12881175650858662,0.12657652981371384,0.7251996043390727
OneRoom,"0049_window_len=1_w_neg=15.0_c_neg=2.0_reg_neg=0.0_discount=[0.1,0.9]_lr=0.0001_rnn_type=GRU",15.0,2.0,0.0,GRU,0.1,0.9,0.0001,225,25,121,0.3091533796842889,0.30902854478282715,0.30858879771791886,0.30867156996692036,0.9192135,1,0.30858879771791886,0.30867156996692036,0.004950519185513258,0.9914918541908264,17.806486129760742,17.203933715820312,0.09263681920138013,-0.016407356288899163,0.0728334809841527,0.0406865230033585,0.7251996043390727
OneRoom,"0050_window_len=1_w_neg=15.0_c_neg=2.0_reg_neg=0.0_discount=[0.1,0.9]_lr=0.001_rnn_type=LSTM",15.0,2.0,0.0,LSTM,0.1,0.9,0.001,225,25,121,0.3091533796842889,0.30902854478282715,0.3085102600606736,0.30890097320096715,0.94256145,1,0.3085102600606736,0.30890097320096715,0.1774751842021942,0.9913700222969055,17.827533721923828,17.110565185546875,0.09263681920138013,-0.009860720076482159,0.07319692781124093,-0.030825228761272725,0.7251996043390727
OneRoom,"0051_window_len=1_w_neg=15.0_c_neg=2.0_reg_neg=0.0_discount=[0.1,0.9]_lr=0.001_rnn_type=GRU",15.0,2.0,0.0,GRU,0.1,0.9,0.001,225,25,121,0.3091533796842889,0.30902854478282715,0.30776728976072343,0.3083927855153005,0.9405926,1,0.30776728976072343,0.3083927855153005,-0.12888850271701813,0.9976722598075867,17.981679916381836,17.363595962524414,0.09263681920138013,0.1138823024833922,0.1902090069999379,0.14396972844401978,0.7251996043390727
OneRoom,"0052_window_len=1_w_neg=15.0_c_neg=2.0_reg_neg=0.0_discount=[0.3,0.7]_lr=0.0001_rnn_type=LSTM",15.0,2.0,0.0,LSTM,0.3,0.7,0.0001,225,25,121,0.3091533796842889,0.30902854478282715,0.3083795168936459,0.30857342694649686,0.9510423,1,0.3083795168936459,0.30857342694649686,0.08485166728496552,0.9977014064788818,17.88196563720703,17.501506805419922,0.09263681920138013,0.0016168503397795367,0.05289041290819303,0.036710426198325374,0.7251996043390727
OneRoom,"0053_window_len=1_w_neg=15.0_c_neg=2.0_reg_neg=0.0_discount=[0.3,0.7]_lr=0.0001_rnn_type=GRU",15.0,2.0,0.0,GRU,0.3,0.7,0.0001,225,25,121,0.3091533796842889,0.30902854478282715,0.3084518222392008,0.30859223965247085,0.98144436,1,0.3084518222392008,0.30859223965247085,0.035321325063705444,0.999298632144928,17.331493377685547,16.951295852661133,0.09263681920138013,0.06979040328499377,0.10750217429602352,0.08783068655057369,0.7251996043390727
OneRoom,"0054_window_len=1_w_neg=15.0_c_neg=2.0_reg_neg=0.0_discount=[0.3,0.7]_lr=0.001_rnn_type=LSTM",15.0,2.0,0.0,LSTM,0.3,0.7,0.001,225,25,121,0.3091533796842889,0.30902854478282715,0.30881587850342984,0.3083077836786995,0.95068234,1,0.30881587850342984,0.3083077836786995,-0.19785760343074799,0.9980242252349854,17.276147842407227,16.77713966369629,0.09263681920138013,-0.03470831073852024,0.00615218444273357,0.004554281567873326,0.7251996043390727
OneRoom,"0055_window_len=1_w_neg=15.0_c_neg=2.0_reg_neg=0.0_discount=[0.3,0.7]_lr=0.001_rnn_type=GRU",15.0,2.0,0.0,GRU,0.3,0.7,0.001,225,25,121,0.3091533796842889,0.30902854478282715,0.3082769075450088,0.3083417767947049,0.92821616,1,0.3082769075450088,0.3083417767947049,-0.032310549169778824,0.9917070865631104,17.72338104248047,17.257612228393555,0.09263681920138013,0.12901845612588797,0.17937679872213938,0.1487932936799885,0.7251996043390727
OneRoom,"0056_window_len=1_w_neg=15.0_c_neg=2.0_reg_neg=0.1_discount=[0.1,0.9]_lr=0.0001_rnn_type=LSTM",15.0,2.0,0.1,LSTM,0.1,0.9,0.0001,225,25,121,0.3091533796842889,0.30902854478282715,0.3087702633440216,0.3084629311327526,0.93431914,1,0.3087702633440216,0.3084629311327526,-0.026575762778520584,0.9919673204421997,17.861635208129883,17.021448135375977,0.09263681920138013,0.011735370772284783,0.14927616695262863,0.07345874732648933,0.7251996043390727
OneRoom,"0057_window_len=1_w_neg=15.0_c_neg=2.0_reg_neg=0.1_discount=[0.1,0.9]_lr=0.0001_rnn_type=GRU",15.0,2.0,0.1,GRU,0.1,0.9,0.0001,225,25,121,0.3091533796842889,0.30902854478282715,0.3084780627424698,0.30866060169424175,0.9321926,1,0.3084780627424698,0.30866060169424175,-0.14142075181007385,0.9939098954200745,18.020395278930664,16.838544845581055,0.09263681920138013,-0.01632697310439308,0.1516348392522786,0.045829898480540705,0.7251996043390727
OneRoom,"0058_window_len=1_w_neg=15.0_c_neg=2.0_reg_neg=0.1_discount=[0.1,0.9]_lr=0.001_rnn_type=LSTM",15.0,2.0,0.1,LSTM,0.1,0.9,0.001,225,25,121,0.3091533796842889,0.30902854478282715,0.3088730666487035,0.3085768669712754,0.94384634,1,0.3088730666487035,0.3085768669712754,-0.034178487956523895,0.9924452304840088,17.71558952331543,17.102449417114258,0.09263681920138013,0.1223879917353432,0.16733137852390254,0.16675434209226953,0.7251996043390727
OneRoom,"0059_window_len=1_w_neg=15.0_c_neg=2.0_reg_neg=0.1_discount=[0.1,0.9]_lr=0.001_rnn_type=GRU",15.0,2.0,0.1,GRU,0.1,0.9,0.001,225,25,121,0.3091533796842889,0.30902854478282715,0.30816358554616413,0.30810763681129216,0.9168712,1,0.30816358554616413,0.30810763681129216,0.11267149448394775,0.9919437766075134,16.236236572265625,15.563477516174316,0.09263681920138013,0.18947350086170725,0.21532013967403518,0.1940260599327697,0.7251996043390727
OneRoom,"0060_window_len=1_w_neg=15.0_c_neg=2.0_reg_neg=0.1_discount=[0.3,0.7]_lr=0.0001_rnn_type=LSTM",15.0,2.0,0.1,LSTM,0.3,0.7,0.0001,225,25,121,0.3091533796842889,0.30902854478282715,0.30848132425942504,0.30854042007914545,0.9124834,1,0.30848132425942504,0.30854042007914545,-0.06886641681194305,0.9936994314193726,17.62476921081543,17.21670150756836,0.09263681920138013,0.029714218318277905,0.011313359053627837,0.02833220171037686,0.7251996043390727
OneRoom,"0061_window_len=1_w_neg=15.0_c_neg=2.0_reg_neg=0.1_discount=[0.3,0.7]_lr=0.0001_rnn_type=GRU",15.0,2.0,0.1,GRU,0.3,0.7,0.0001,225,25,121,0.3091533796842889,0.30902854478282715,0.30868102092705607,0.308881685051105,0.9479357,1,0.30868102092705607,0.308881685051105,-0.11550293117761612,0.9979357719421387,17.497480392456055,17.016569137573242,0.09263681920138013,0.13243588979860382,0.19417763965212403,0.14204455117509904,0.7251996043390727
OneRoom,"0062_window_len=1_w_neg=15.0_c_neg=2.0_reg_neg=0.1_discount=[0.3,0.7]_lr=0.001_rnn_type=LSTM",15.0,2.0,0.1,LSTM,0.3,0.7,0.001,225,25,121,0.3091533796842889,0.30902854478282715,0.3087223151415744,0.3086053977109481,0.96948403,1,0.3087223151415744,0.3086053977109481,0.057695094496011734,0.9993857741355896,17.204343795776367,16.775251388549805,0.09263681920138013,0.057145554196583,0.07756230889552494,0.057275315622999964,0.7251996043390727
OneRoom,"0063_window_len=1_w_neg=15.0_c_neg=2.0_reg_neg=0.1_discount=[0.3,0.7]_lr=0.001_rnn_type=GRU",15.0,2.0,0.1,GRU,0.3,0.7,0.001,225,25,121,0.3091533796842889,0.30902854478282715,0.3089736592219278,0.3085118841772888,0.94758636,1,0.3089736592219278,0.3085118841772888,0.16698826849460602,0.9979530572891235,17.71356773376465,17.3914794921875,0.09263681920138013,0.0426490210365142,0.1475594117978201,0.07094792114188139,0.7251996043390727
OneRoom,"0064_window_len=4_w_neg=5.0_c_neg=1.0_reg_neg=0.0_discount=[0.1,0.9]_lr=0.0001_rnn_type=LSTM",5.0,1.0,0.0,LSTM,0.1,0.9,0.0001,225,25,121,0.3091533796842889,0.30902854478282715,0.3065744138884831,0.2981450805296736,0.8554286,4,0.3453889882947928,0.2786189277727461,-0.0021026760805398226,0.2611446976661682,7.332983493804932,1.0000064373016357,0.09263681920138013,0.47252336346936236,0.4102608454133635,0.47252336346936236,0.7251996043390727
OneRoom,"0065_window_len=4_w_neg=5.0_c_neg=1.0_reg_neg=0.0_discount=[0.1,0.9]_lr=0.0001_rnn_type=GRU",5.0,1.0,0.0,GRU,0.1,0.9,0.0001,225,25,121,0.3091533796842889,0.30902854478282715,0.30569761437666415,0.28788389690241545,0.8437146,4,0.335291202080931,0.28021231152784265,-0.05192531272768974,0.3612916171550751,6.776770114898682,1.9270516633987427,0.09263681920138013,0.7091909802857993,0.7309937707518677,0.7108790271604271,0.7251996043390727
OneRoom,"0066_window_len=4_w_neg=5.0_c_neg=1.0_reg_neg=0.0_discount=[0.1,0.9]_lr=0.001_rnn_type=LSTM",5.0,1.0,0.0,LSTM,0.1,0.9,0.001,225,25,121,0.3091533796842889,0.30902854478282715,0.30531081334204485,0.2677991206239185,0.8239511,4,0.3279155793991528,0.2692344366429837,0.11006225645542145,0.7859036326408386,7.077999114990234,3.5882346630096436,0.09263681920138013,0.706911542839448,-0.00913210392549486,0.706911542839448,0.7251996043390727
OneRoom,"0067_window_len=4_w_neg=5.0_c_neg=1.0_reg_neg=0.0_discount=[0.1,0.9]_lr=0.001_rnn_type=GRU",5.0,1.0,0.0,GRU,0.1,0.9,0.001,225,25,121,0.3091533796842889,0.30902854478282715,0.3071457528291651,0.28557695761488266,0.84082305,4,0.338981666596811,0.24048717589841212,-0.22528903186321259,0.24138624966144562,7.188652992248535,1.0000007152557373,0.09263681920138013,0.4549148527377008,0.19565439358462153,0.4747149535783604,0.7251996043390727
OneRoom,"0068_window_len=4_w_neg=5.0_c_neg=1.0_reg_neg=0.0_discount=[0.3,0.7]_lr=0.0001_rnn_type=LSTM",5.0,1.0,0.0,LSTM,0.3,0.7,0.0001,225,25,121,0.3091533796842889,0.30902854478282715,0.30638823219805894,0.304829714962669,0.85371697,4,0.3427011248575037,0.31525724048526393,0.009068123064935207,0.9422571063041687,6.285743713378906,3.4496564865112305,0.09263681920138013,0.7065325935410622,0.7344887167810714,0.712657792200426,0.7251996043390727
OneRoom,"0069_window_len=4_w_neg=5.0_c_neg=1.0_reg_neg=0.0_discount=[0.3,0.7]_lr=0.0001_rnn_type=GRU",5.0,1.0,0.0,GRU,0.3,0.7,0.0001,225,25,121,0.3091533796842889,0.30902854478282715,0.30631200475669385,0.30476663723206027,0.8638223,4,0.3443886438237182,0.3165996023289198,-0.14489208161830902,0.9353256821632385,6.315730094909668,3.431513786315918,0.09263681920138013,0.7090422713944631,0.7319842064181034,0.714179905215609,0.7251996043390727
OneRoom,"0070_window_len=4_w_neg=5.0_c_neg=1.0_reg_neg=0.0_discount=[0.3,0.7]_lr=0.001_rnn_type=LSTM",5.0,1.0,0.0,LSTM,0.3,0.7,0.001,225,25,121,0.3091533796842889,0.30902854478282715,0.3053987322781811,0.3029911364947454,0.83784294,4,0.3265976087820365,0.2992043943493494,0.12580600380897522,0.9164262413978577,6.063142776489258,3.4629852771759033,0.09263681920138013,0.7174681516275117,0.7424403362255342,0.7185625112680015,0.7251996043390727
OneRoom,"0071_window_len=4_w_neg=5.0_c_neg=1.0_reg_neg=0.0_discount=[0.3,0.7]_lr=0.001_rnn_type=GRU",5.0,1.0,0.0,GRU,0.3,0.7,0.001,225,25,121,0.3091533796842889,0.30902854478282715,0.3068895197260692,0.30491847345293793,0.858091,4,0.33444685071077185,0.2999904525926915,0.19782161712646484,0.9207044839859009,6.828000545501709,3.5081698894500732,0.09263681920138013,0.7053285682702819,0.7335488076879539,0.7064177604203393,0.7251996043390727
OneRoom,"0072_window_len=4_w_neg=5.0_c_neg=1.0_reg_neg=0.1_discount=[0.1,0.9]_lr=0.0001_rnn_type=LSTM",5.0,1.0,0.1,LSTM,0.1,0.9,0.0001,225,25,121,0.3091533796842889,0.30902854478282715,0.30567250514602545,0.30188021452273317,0.84122527,4,0.33546613605267434,0.27858896163099955,-0.12104528397321701,0.28269386291503906,6.936856746673584,1.000009536743164,0.09263681920138013,0.7086363363127073,0.4120654479055251,0.7095900253803117,0.7251996043390727
OneRoom,"0073_window_len=4_w_neg=5.0_c_neg=1.0_reg_neg=0.1_discount=[0.1,0.9]_lr=0.0001_rnn_type=GRU",5.0,1.0,0.1,GRU,0.1,0.9,0.0001,225,25,121,0.3091533796842889,0.30902854478282715,0.30645922826606004,0.2924828500215424,0.863953,4,0.35180256803269966,0.271598410586786,-0.004881688859313726,0.4558131992816925,6.84282922744751,1.9044206142425537,0.09263681920138013,0.4539898719502773,0.7416066477690852,0.5902944895860381,0.7251996043390727
OneRoom,"0074_window_len=4_w_neg=5.0_c_neg=1.0_reg_neg=0.1_discount=[0.1,0.9]_lr=0.001_rnn_type=LSTM",5.0,1.0,0.1,LSTM,0.1,0.9,0.001,225,25,121,0.3091533796842889,0.30902854478282715,0.30671694779883485,0.30655082234623415,0.8313638,4,0.3233592852135066,0.312912714542521,0.1447841376066208,0.2702571153640747,7.27871036529541,1.000004529953003,0.09263681920138013,0.43532202567994627,0.7260008266628325,0.5905528641076648,0.7251996043390727
OneRoom,"0075_window_len=4_w_neg=5.0_c_neg=1.0_reg_neg=0.1_discount=[0.1,0.9]_lr=0.001_rnn_type=GRU",5.0,1.0,0.1,GRU,0.1,0.9,0.001,225,25,121,0.3091533796842889,0.30902854478282715,0.30730620799828967,0.2884454697400506,0.8522515,4,0.33640680496404085,0.2545337686419034,0.13755017518997192,0.2434304654598236,7.204235076904297,1.0000039339065552,0.09263681920138013,0.47416030960526845,0.7424902886330487,0.4753815598441573,0.7251996043390727
OneRoom,"0076_window_len=4_w_neg=5.0_c_neg=1.0_reg_neg=0.1_discount=[0.3,0.7]_lr=0.0001_rnn_type=LSTM",5.0,1.0,0.1,LSTM,0.3,0.7,0.0001,225,25,121,0.3091533796842889,0.30902854478282715,0.30628146213371127,0.3063517022955704,0.85265887,4,0.33798453550375346,0.337368297005005,-0.11208999902009964,0.9503313302993774,6.35693883895874,3.782301902770996,0.09263681920138013,0.7086931787074653,0.735358577670548,0.7138078459044666,0.7251996043390727
OneRoom,"0077_window_len=4_w_neg=5.0_c_neg=1.0_reg_neg=0.1_discount=[0.3,0.7]_lr=0.0001_rnn_type=GRU",5.0,1.0,0.1,GRU,0.3,0.7,0.0001,225,25,121,0.3091533796842889,0.30902854478282715,0.3070208820235035,0.3032267947067976,0.86126757,4,0.34426581267166695,0.3167565597783089,0.019171888008713722,0.9457505941390991,6.377232551574707,3.5622692108154297,0.09263681920138013,0.7077222646717524,0.7436380456746747,0.7103645747795881,0.7251996043390727
OneRoom,"0078_window_len=4_w_neg=5.0_c_neg=1.0_reg_neg=0.1_discount=[0.3,0.7]_lr=0.001_rnn_type=LSTM",5.0,1.0,0.1,LSTM,0.3,0.7,0.001,225,25,121,0.3091533796842889,0.30902854478282715,0.3059260295018179,0.3058679764163608,0.8599367,4,0.3362979868808918,0.2975636973630712,-0.21298424899578094,0.9283143281936646,6.697025299072266,3.4986701011657715,0.09263681920138013,0.590530471649124,0.7416525810173744,0.7094212206928489,0.7251996043390727
OneRoom,"0079_window_len=4_w_neg=5.0_c_neg=1.0_reg_neg=0.1_discount=[0.3,0.7]_lr=0.001_rnn_type=GRU",5.0,1.0,0.1,GRU,0.3,0.7,0.001,225,25,121,0.3091533796842889,0.30902854478282715,0.30773990734789436,0.304664929711992,0.8760964,4,0.3518835630441585,0.27631327682284057,-0.15511827170848846,0.9305480718612671,6.714175701141357,3.4440152645111084,0.09263681920138013,0.7084422683386855,0.7420464586214544,0.712155397297263,0.7251996043390727
OneRoom,"0080_window_len=4_w_neg=5.0_c_neg=2.0_reg_neg=0.0_discount=[0.1,0.9]_lr=0.0001_rnn_type=LSTM",5.0,2.0,0.0,LSTM,0.1,0.9,0.0001,225,25,121,0.3091533796842889,0.30902854478282715,0.30852733363543494,0.30817829209653985,0.90299165,4,0.33076838384102375,0.3651934490771627,-0.006897154729813337,0.9638555645942688,8.924847602844238,5.861112594604492,0.09263681920138013,0.18984670850405688,0.7052843575188036,0.3714851455388353,0.7251996043390727
OneRoom,"0081_window_len=4_w_neg=5.0_c_neg=2.0_reg_neg=0.0_discount=[0.1,0.9]_lr=0.0001_rnn_type=GRU",5.0,2.0,0.0,GRU,0.1,0.9,0.0001,225,25,121,0.3091533796842889,0.30902854478282715,0.30825931099786547,0.3078628640886307,0.8986187,4,0.3479835170824653,0.36351299954190414,0.12326239794492722,0.9649248719215393,8.971235275268555,5.491917610168457,0.09263681920138013,0.18851349597246314,0.7042382277890172,0.3305184297209127,0.7251996043390727
OneRoom,"0082_window_len=4_w_neg=5.0_c_neg=2.0_reg_neg=0.0_discount=[0.1,0.9]_lr=0.001_rnn_type=LSTM",5.0,2.0,0.0,LSTM,0.1,0.9,0.001,225,25,121,0.3091533796842889,0.30902854478282715,0.307968087379087,0.3077486757935951,0.85850495,4,0.3312694875083252,0.3507144739016465,-0.09853986650705338,0.9580670595169067,9.667352676391602,5.4853901863098145,0.09263681920138013,0.1491176972460309,0.7038093260831169,0.33072283267579966,0.7251996043390727
OneRoom,"0083_window_len=4_w_neg=5.0_c_neg=2.0_reg_neg=0.0_discount=[0.1,0.9]_lr=0.001_rnn_type=GRU",5.0,2.0,0.0,GRU,0.1,0.9,0.001,225,25,121,0.3091533796842889,0.30902854478282715,0.307760800242258,0.30808099557660024,0.8799715,4,0.3358437638902891,0.36407734810174747,-0.09759428352117538,0.9653344750404358,8.256750106811523,5.107851505279541,0.09263681920138013,0.22947447013434955,0.7186813635479499,0.4740276773508334,0.7251996043390727
OneRoom,"0084_window_len=4_w_neg=5.0_c_neg=2.0_reg_neg=0.0_discount=[0.3,0.7]_lr=0.0001_rnn_type=LSTM",5.0,2.0,0.0,LSTM,0.3,0.7,0.0001,225,25,121,0.3091533796842889,0.30902854478282715,0.30831009754348226,0.30816696967549323,0.9154199,4,0.3412935465651183,0.36279686059067434,0.24087069928646088,0.991836428642273,8.190519332885742,6.977316379547119,0.09263681920138013,0.22854432185649343,0.4735890148296716,0.3707881084960469,0.7251996043390727
OneRoom,"0085_window_len=4_w_neg=5.0_c_neg=2.0_reg_neg=0.0_discount=[0.3,0.7]_lr=0.0001_rnn_type=GRU",5.0,2.0,0.0,GRU,0.3,0.7,0.0001,225,25,121,0.3091533796842889,0.30902854478282715,0.30817302846853695,0.3086116821717697,0.9295905,4,0.34986229166601773,0.35931746952723465,-0.05499003082513809,0.9918738007545471,8.105897903442383,6.9293107986450195,0.09263681920138013,0.3311718301778265,0.7039695182865254,0.4731767639262761,0.7251996043390727
OneRoom,"0086_window_len=4_w_neg=5.0_c_neg=2.0_reg_neg=0.0_discount=[0.3,0.7]_lr=0.001_rnn_type=LSTM",5.0,2.0,0.0,LSTM,0.3,0.7,0.001,225,25,121,0.3091533796842889,0.30902854478282715,0.30786886468464036,0.3078610438802438,0.8934021,4,0.3322071643193124,0.338167656018612,-0.06716099381446838,0.9917968511581421,8.15350341796875,6.7736687660217285,0.09263681920138013,0.3122450352202652,0.5898925736635077,0.3320784376659344,0.7251996043390727
OneRoom,"0087_window_len=4_w_neg=5.0_c_neg=2.0_reg_neg=0.0_discount=[0.3,0.7]_lr=0.001_rnn_type=GRU",5.0,2.0,0.0,GRU,0.3,0.7,0.001,225,25,121,0.3091533796842889,0.30902854478282715,0.3083617442760791,0.3083830589017284,0.90702784,4,0.3372739873935349,0.34461337865716934,0.028789425268769264,0.9909465909004211,8.421666145324707,6.787017822265625,0.09263681920138013,0.370963803170753,0.7054709613399784,0.47336853523788347,0.7251996043390727
OneRoom,"0088_window_len=4_w_neg=5.0_c_neg=2.0_reg_neg=0.1_discount=[0.1,0.9]_lr=0.0001_rnn_type=LSTM",5.0,2.0,0.1,LSTM,0.1,0.9,0.0001,225,25,121,0.3091533796842889,0.30902854478282715,0.30853875339835396,0.30833027124976636,0.88502014,4,0.34667577546327066,0.3685465522507406,0.039740756154060364,0.9636531472206116,8.851770401000977,5.423055171966553,0.09263681920138013,0.18943905092549035,0.7072991046218883,0.24898289484837277,0.7251996043390727
OneRoom,"0089_window_len=4_w_neg=5.0_c_neg=2.0_reg_neg=0.1_discount=[0.1,0.9]_lr=0.0001_rnn_type=GRU",5.0,2.0,0.1,GRU,0.1,0.9,0.0001,225,25,121,0.3091533796842889,0.30902854478282715,0.30871349869552545,0.30814004985579957,0.91925526,4,0.3390033039888517,0.37039413898943163,0.08889388293027878,0.9656027555465698,8.836400032043457,5.75037145614624,0.09263681920138013,0.1892679495756131,0.7055191912506821,0.22886815125693222,0.7251996043390727
OneRoom,"0090_window_len=4_w_neg=5.0_c_neg=2.0_reg_neg=0.1_discount=[0.1,0.9]_lr=0.001_rnn_type=LSTM",5.0,2.0,0.1,LSTM,0.1,0.9,0.001,225,25,121,0.3091533796842889,0.30902854478282715,0.30814371531251167,0.3073644050981553,0.87915504,4,0.3245303982015091,0.3575112457106218,-0.1614261269569397,0.9602388739585876,10.425741195678711,6.009045124053955,0.09263681920138013,0.03426849988615123,0.5905143950122227,0.14720457745478607,0.7251996043390727
OneRoom,"0091_window_len=4_w_neg=5.0_c_neg=2.0_reg_neg=0.1_discount=[0.1,0.9]_lr=0.001_rnn_type=GRU",5.0,2.0,0.1,GRU,0.1,0.9,0.001,225,25,121,0.3091533796842889,0.30902854478282715,0.3082080324750129,0.30762280218508703,0.83823204,4,0.3206361749165387,0.3591439039463647,0.1768898069858551,0.9580368399620056,10.289322853088379,5.67573356628418,0.09263681920138013,0.2491126562747897,0.707852600263773,0.3723883080333215,0.7251996043390727
OneRoom,"0092_window_len=4_w_neg=5.0_c_neg=2.0_reg_neg=0.1_discount=[0.3,0.7]_lr=0.0001_rnn_type=LSTM",5.0,2.0,0.1,LSTM,0.3,0.7,0.0001,225,25,121,0.3091533796842889,0.30902854478282715,0.3079926548588605,0.3078423620645345,0.9222171,4,0.3452345297702766,0.348633547857036,-0.16668686270713806,0.9890713095664978,8.726635932922363,7.028824806213379,0.09263681920138013,0.23030701025959113,0.707524751704109,0.3728332863761231,0.7251996043390727
OneRoom,"0093_window_len=4_w_neg=5.0_c_neg=2.0_reg_neg=0.1_discount=[0.3,0.7]_lr=0.0001_rnn_type=GRU",5.0,2.0,0.1,GRU,0.3,0.7,0.0001,225,25,121,0.3091533796842889,0.30902854478282715,0.30861926501533377,0.30799680972080784,0.8738109,4,0.3606694681564254,0.3586986963232494,0.13610732555389404,0.9930084943771362,8.059271812438965,6.697101593017578,0.09263681920138013,0.35296543399423697,0.5907825303491109,0.4749497873102389,0.7251996043390727
OneRoom,"0094_window_len=4_w_neg=5.0_c_neg=2.0_reg_neg=0.1_discount=[0.3,0.7]_lr=0.001_rnn_type=LSTM",5.0,2.0,0.1,LSTM,0.3,0.7,0.001,225,25,121,0.3091533796842889,0.30902854478282715,0.3083847652738161,0.308433334625683,0.9005908,4,0.32897387549829654,0.34398896903647297,0.009711320511996746,0.9918844103813171,8.476510047912598,7.117964267730713,0.09263681920138013,0.1884698593865884,0.5886029977177888,0.3700749948163571,0.7251996043390727
OneRoom,"0095_window_len=4_w_neg=5.0_c_neg=2.0_reg_neg=0.1_discount=[0.3,0.7]_lr=0.001_rnn_type=GRU",5.0,2.0,0.1,GRU,0.3,0.7,0.001,225,25,121,0.3091533796842889,0.30902854478282715,0.30853364634848574,0.3085139632659105,0.9087523,4,0.32432026186882956,0.3331102969329515,0.14057087898254395,0.9902260899543762,8.67515754699707,7.093841075897217,0.09263681920138013,0.23053725066664071,0.5904340118277167,0.333066002504152,0.7251996043390727
OneRoom,"0096_window_len=4_w_neg=15.0_c_neg=1.0_reg_neg=0.0_discount=[0.1,0.9]_lr=0.0001_rnn_type=LSTM",15.0,1.0,0.0,LSTM,0.1,0.9,0.0001,225,25,121,0.3091533796842889,0.30902854478282715,0.3086986921292759,0.3080552458162895,0.8968333,4,0.3336203729058326,0.3686177813688803,-0.10747206211090088,0.970465898513794,10.924299240112305,6.70262336730957,0.09263681920138013,0.1894505342375626,0.7040372698277519,0.26882778060611423,0.7251996043390727
OneRoom,"0097_window_len=4_w_neg=15.0_c_neg=1.0_reg_neg=0.0_discount=[0.1,0.9]_lr=0.0001_rnn_type=GRU",15.0,1.0,0.0,GRU,0.1,0.9,0.0001,225,25,121,0.3091533796842889,0.30902854478282715,0.3072505742700099,0.30834943084412275,0.8826729,4,0.3358018376170978,0.36390261701004334,0.11630057543516159,0.9753473401069641,10.012893676757812,6.270779609680176,0.09263681920138013,0.20958939278435498,0.7076924080603645,0.2690229969113433,0.7251996043390727
OneRoom,"0098_window_len=4_w_neg=15.0_c_neg=1.0_reg_neg=0.0_discount=[0.1,0.9]_lr=0.001_rnn_type=LSTM",15.0,1.0,0.0,LSTM,0.1,0.9,0.001,225,25,121,0.3091533796842889,0.30902854478282715,0.30789743597696256,0.3077383468600102,0.89390516,4,0.3217933679590613,0.33905151461591965,-0.10877913236618042,0.9727448225021362,10.018248558044434,6.527409553527832,0.09263681920138013,0.2473361878972052,0.7050730645766733,0.26849131956239597,0.7251996043390727
OneRoom,"0099_window_len=4_w_neg=15.0_c_neg=1.0_reg_neg=0.0_discount=[0.1,0.9]_lr=0.001_rnn_type=GRU",15.0,1.0,0.0,GRU,0.1,0.9,0.001,225,25,121,0.3091533796842889,0.30902854478282715,0.30783851939211815,0.3078774349666819,0.91011,4,0.3323225144470203,0.3572992956765398,0.02162654511630535,0.971474289894104,11.063933372497559,6.521762847900391,0.09263681920138013,0.15257072918617084,0.5885915144057163,0.20938843482308978,0.7251996043390727
OneRoom,"0100_window_len=4_w_neg=15.0_c_neg=1.0_reg_neg=0.0_discount=[0.3,0.7]_lr=0.0001_rnn_type=LSTM",15.0,1.0,0.0,LSTM,0.3,0.7,0.0001,225,25,121,0.3091533796842889,0.30902854478282715,0.3083846471104287,0.3083440442770368,0.932866,4,0.34195900671938045,0.35892202568015147,-0.02043970488011837,0.9919409155845642,9.767168045043945,7.892594337463379,0.09263681920138013,0.16806171717170065,0.35182571527106143,0.2088234558691327,0.7251996043390727
OneRoom,"0101_window_len=4_w_neg=15.0_c_neg=1.0_reg_neg=0.0_discount=[0.3,0.7]_lr=0.0001_rnn_type=GRU",15.0,1.0,0.0,GRU,0.3,0.7,0.0001,225,25,121,0.3091533796842889,0.30902854478282715,0.3083179942174873,0.30821201480985455,0.9002951,4,0.34406726400303206,0.3623339731280651,-0.02471127361059189,0.9917362332344055,9.422253608703613,7.776925563812256,0.09263681920138013,0.2685211761737839,0.4738003077718019,0.26830643823803196,0.7251996043390727
OneRoom,"0102_window_len=4_w_neg=15.0_c_neg=1.0_reg_neg=0.0_discount=[0.3,0.7]_lr=0.001_rnn_type=LSTM",15.0,1.0,0.0,LSTM,0.3,0.7,0.001,225,25,121,0.3091533796842889,0.30902854478282715,0.30853145848427277,0.3083177983331765,0.9138263,4,0.3349927717847607,0.3439044688756503,0.06376148015260696,0.9917809963226318,10.022419929504395,8.077901840209961,0.09263681920138013,0.18993742666942806,0.4735120766387872,0.22955427915325202,0.7251996043390727
OneRoom,"0103_window_len=4_w_neg=15.0_c_neg=1.0_reg_neg=0.0_discount=[0.3,0.7]_lr=0.001_rnn_type=GRU",15.0,1.0,0.0,GRU,0.3,0.7,0.001,225,25,121,0.3091533796842889,0.30902854478282715,0.30824497727111577,0.3080087999369504,0.9234599,4,0.3380872047023681,0.3565315247269857,0.13205254077911377,0.9847784042358398,9.61083984375,7.900015830993652,0.09263681920138013,0.5504089275997225,0.3500125002948456,0.4534444146268431,0.7251996043390727
OneRoom,"0104_window_len=4_w_neg=15.0_c_neg=1.0_reg_neg=0.1_discount=[0.1,0.9]_lr=0.0001_rnn_type=LSTM",15.0,1.0,0.1,LSTM,0.1,0.9,0.0001,225,25,121,0.3091533796842889,0.30902854478282715,0.30847690782163795,0.30767298528841436,0.8938839,4,0.34381312670616965,0.37020846242650307,-0.05608540400862694,0.9728034138679504,10.869348526000977,6.89799690246582,0.09263681920138013,0.14927042529659246,0.5880029946620113,0.2086540770160663,0.7251996043390727
OneRoom,"0105_window_len=4_w_neg=15.0_c_neg=1.0_reg_neg=0.1_discount=[0.1,0.9]_lr=0.0001_rnn_type=GRU",15.0,1.0,0.1,GRU,0.1,0.9,0.0001,225,25,121,0.3091533796842889,0.30902854478282715,0.3081531499391353,0.308111469086593,0.94799167,4,0.3505152978573328,0.3782627095734187,0.03071087785065174,0.9756369590759277,10.145867347717285,6.734080791473389,0.09263681920138013,0.18865703737336684,0.7062328790959753,0.3703861925735164,0.7251996043390727
OneRoom,"0106_window_len=4_w_neg=15.0_c_neg=1.0_reg_neg=0.1_discount=[0.1,0.9]_lr=0.001_rnn_type=LSTM",15.0,1.0,0.1,LSTM,0.1,0.9,0.001,225,25,121,0.3091533796842889,0.30902854478282715,0.3083023588877894,0.3075728415560254,0.86788714,4,0.3176331473573203,0.35606371354962624,0.13782471418380737,0.9644269347190857,11.4886474609375,6.754790782928467,0.09263681920138013,0.10937395416380806,0.7048715324498044,0.22842834040456322,0.7251996043390727
OneRoom,"0107_window_len=4_w_neg=15.0_c_neg=1.0_reg_neg=0.1_discount=[0.1,0.9]_lr=0.001_rnn_type=GRU",15.0,1.0,0.1,GRU,0.1,0.9,0.001,225,25,121,0.3091533796842889,0.30902854478282715,0.3081543340209369,0.3082116268139098,0.92220384,4,0.3335620905937068,0.3619111588282371,-0.07826132327318192,0.9696489572525024,11.386802673339844,6.704328536987305,0.09263681920138013,0.1894832616769687,0.7064131670955104,0.26833744318062713,0.7251996043390727
OneRoom,"0108_window_len=4_w_neg=15.0_c_neg=1.0_reg_neg=0.1_discount=[0.3,0.7]_lr=0.0001_rnn_type=LSTM",15.0,1.0,0.1,LSTM,0.3,0.7,0.0001,225,25,121,0.3091533796842889,0.30902854478282715,0.30868280238060686,0.3084632267334291,0.91637355,4,0.34665184394233467,0.3650473411650868,-0.21133337914943695,0.9909582734107971,9.986433029174805,7.86057710647583,0.09263681920138013,0.1883596195906943,0.34970417336570436,0.22795982127201345,0.7251996043390727
OneRoom,"0109_window_len=4_w_neg=15.0_c_neg=1.0_reg_neg=0.1_discount=[0.3,0.7]_lr=0.0001_rnn_type=GRU",15.0,1.0,0.1,GRU,0.3,0.7,0.0001,225,25,121,0.3091533796842889,0.30902854478282715,0.3079333433142392,0.30818887646821425,0.9367401,4,0.3542686939977943,0.36512690511545326,0.12489645928144455,0.9933376908302307,9.284202575683594,7.5672502517700195,0.09263681920138013,0.24821466127073602,0.5899563060455091,0.3718681139964465,0.7251996043390727
OneRoom,"0110_window_len=4_w_neg=15.0_c_neg=1.0_reg_neg=0.1_discount=[0.3,0.7]_lr=0.001_rnn_type=LSTM",15.0,1.0,0.1,LSTM,0.3,0.7,0.001,225,25,121,0.3091533796842889,0.30902854478282715,0.30854301364045433,0.30790172472060473,0.9134396,4,0.3360396676754816,0.3496563055330783,0.11990488320589066,0.9920125603675842,10.099403381347656,7.839731693267822,0.09263681920138013,0.22899217102731304,0.4734649950592908,0.2288635579321033,0.7251996043390727
OneRoom,"0111_window_len=4_w_neg=15.0_c_neg=1.0_reg_neg=0.1_discount=[0.3,0.7]_lr=0.001_rnn_type=GRU",15.0,1.0,0.1,GRU,0.3,0.7,0.001,225,25,121,0.3091533796842889,0.30902854478282715,0.30844682921684385,0.308490268623581,0.9252156,4,0.3425606392428412,0.3594736958475062,0.027660908177495003,0.9903039336204529,9.788357734680176,7.798015594482422,0.09263681920138013,0.18853359176858964,0.4730102559012278,0.2283135072838402,0.7251996043390727
OneRoom,"0112_window_len=4_w_neg=15.0_c_neg=2.0_reg_neg=0.0_discount=[0.1,0.9]_lr=0.0001_rnn_type=LSTM",15.0,2.0,0.0,LSTM,0.1,0.9,0.0001,225,25,121,0.3091533796842889,0.30902854478282715,0.30833937717163395,0.30803396300357266,0.8885274,4,0.34939975234648407,0.3663719313883221,-0.01694599539041519,0.9738335609436035,10.895113945007324,6.997982025146484,0.09263681920138013,0.11123597321633115,0.4721036484131199,0.18807425928569774,0.7251996043390727
OneRoom,"0113_window_len=4_w_neg=15.0_c_neg=2.0_reg_neg=0.0_discount=[0.1,0.9]_lr=0.0001_rnn_type=GRU",15.0,2.0,0.0,GRU,0.1,0.9,0.0001,225,25,121,0.3091533796842889,0.30902854478282715,0.30793599095009483,0.30829002290932095,0.91086864,4,0.34973424589947516,0.3599385135127346,0.043904341757297516,0.9718676805496216,11.091167449951172,7.2523932456970215,0.09263681920138013,0.0733462108681808,0.5915243523089813,0.18978469861886652,0.7251996043390727
OneRoom,"0114_window_len=4_w_neg=15.0_c_neg=2.0_reg_neg=0.0_discount=[0.1,0.9]_lr=0.001_rnn_type=LSTM",15.0,2.0,0.0,LSTM,0.1,0.9,0.001,225,25,121,0.3091533796842889,0.30902854478282715,0.30743714416984125,0.30823509073102257,0.88990736,4,0.33453479095503774,0.36409882758616635,-0.18266081809997559,0.9683390855789185,11.20777416229248,6.8300909996032715,0.09263681920138013,0.13032755370212995,0.4724900618643527,0.18854679757747278,0.7251996043390727
OneRoom,"0115_window_len=4_w_neg=15.0_c_neg=2.0_reg_neg=0.0_discount=[0.1,0.9]_lr=0.001_rnn_type=GRU",15.0,2.0,0.0,GRU,0.1,0.9,0.001,225,25,121,0.3091533796842889,0.30902854478282715,0.30809025654420624,0.3080266022690713,0.89632404,4,0.33306124438795337,0.3487584964182227,0.009986176155507565,0.9661502838134766,11.845011711120605,7.298974990844727,0.09263681920138013,0.09412181906938206,0.5890921868120688,0.2687795506954106,0.7251996043390727
OneRoom,"0116_window_len=4_w_neg=15.0_c_neg=2.0_reg_neg=0.0_discount=[0.3,0.7]_lr=0.0001_rnn_type=LSTM",15.0,2.0,0.0,LSTM,0.3,0.7,0.0001,225,25,121,0.3091533796842889,0.30902854478282715,0.3082832854268888,0.30786539208197194,0.880757,4,0.3529365919304901,0.37170304628519385,0.10637567937374115,0.9928087592124939,9.963203430175781,8.273012161254883,0.09263681920138013,0.18906239828951893,0.2286292983658284,0.18906239828951893,0.7251996043390727
OneRoom,"0117_window_len=4_w_neg=15.0_c_neg=2.0_reg_neg=0.0_discount=[0.3,0.7]_lr=0.0001_rnn_type=GRU",15.0,2.0,0.0,GRU,0.3,0.7,0.0001,225,25,121,0.3091533796842889,0.30902854478282715,0.3082751737684828,0.3081582332774434,0.91515064,4,0.35489300275146674,0.36506842336318657,-0.07054587453603745,0.9925819039344788,9.36763858795166,7.862420558929443,0.09263681920138013,0.20866728282494948,0.4738112169182706,0.22831924893987637,0.7251996043390727
OneRoom,"0118_window_len=4_w_neg=15.0_c_neg=2.0_reg_neg=0.0_discount=[0.3,0.7]_lr=0.001_rnn_type=LSTM",15.0,2.0,0.0,LSTM,0.3,0.7,0.001,225,25,121,0.3091533796842889,0.30902854478282715,0.30833358367300934,0.3080396263766704,0.90252,4,0.338324291533015,0.35010150043028804,0.15863296389579773,0.990526556968689,10.572982788085938,8.41895866394043,0.09263681920138013,0.01026895182065235,0.20833656343726725,0.07209797484592202,0.7251996043390727
OneRoom,"0119_window_len=4_w_neg=15.0_c_neg=2.0_reg_neg=0.0_discount=[0.3,0.7]_lr=0.001_rnn_type=GRU",15.0,2.0,0.0,GRU,0.3,0.7,0.001,225,25,121,0.3091533796842889,0.30902854478282715,0.30844497257456166,0.30820874734344084,0.92325115,4,0.34598457560342866,0.3432361754679532,0.14716821908950806,0.9895316362380981,10.805350303649902,8.3919038772583,0.09263681920138013,0.18869206147518736,0.26816002600911015,0.2284162829268873,0.7251996043390727
OneRoom,"0120_window_len=4_w_neg=15.0_c_neg=2.0_reg_neg=0.1_discount=[0.1,0.9]_lr=0.0001_rnn_type=LSTM",15.0,2.0,0.1,LSTM,0.1,0.9,0.0001,225,25,121,0.3091533796842889,0.30902854478282715,0.3085630113975798,0.3085317722817146,0.9200031,4,0.35251326768644714,0.38283491751887655,0.2607538402080536,0.972802460193634,11.010685920715332,7.260591983795166,0.09263681920138013,0.171636472219807,0.5891243400858711,0.24845810748666872,0.7251996043390727
OneRoom,"0121_window_len=4_w_neg=15.0_c_neg=2.0_reg_neg=0.1_discount=[0.1,0.9]_lr=0.0001_rnn_type=GRU",15.0,2.0,0.1,GRU,0.1,0.9,0.0001,225,25,121,0.3091533796842889,0.30902854478282715,0.30872299919823354,0.3081517392350985,0.89277536,4,0.3534030592526163,0.36791009869830005,0.01852305233478546,0.97711181640625,10.149529457092285,7.243135452270508,0.09263681920138013,0.2482525562005746,0.4743842341906782,0.2683397398430416,0.7251996043390727
OneRoom,"0122_window_len=4_w_neg=15.0_c_neg=2.0_reg_neg=0.1_discount=[0.1,0.9]_lr=0.001_rnn_type=LSTM",15.0,2.0,0.1,LSTM,0.1,0.9,0.001,225,25,121,0.3091533796842889,0.30902854478282715,0.30844210854765275,0.3081908672288146,0.8541678,4,0.3422405459799064,0.3626928540080309,0.06532386690378189,0.9720239639282227,11.423133850097656,7.367125988006592,0.09263681920138013,0.19154853535317143,0.5910121965905569,0.22994815675733185,0.7251996043390727
OneRoom,"0123_window_len=4_w_neg=15.0_c_neg=2.0_reg_neg=0.1_discount=[0.1,0.9]_lr=0.001_rnn_type=GRU",15.0,2.0,0.1,GRU,0.1,0.9,0.001,225,25,121,0.3091533796842889,0.30902854478282715,0.3085651196500027,0.30778151446028856,0.89489794,4,0.3288125525021095,0.3645767050791427,-0.13249774277210236,0.9593858122825623,12.821573257446289,7.172752857208252,0.09263681920138013,0.13690863985076385,0.5882872066358006,0.18929665785579386,0.7251996043390727
OneRoom,"0124_window_len=4_w_neg=15.0_c_neg=2.0_reg_neg=0.1_discount=[0.3,0.7]_lr=0.0001_rnn_type=LSTM",15.0,2.0,0.1,LSTM,0.3,0.7,0.0001,225,25,121,0.3091533796842889,0.30902854478282715,0.3085889905893088,0.308488814885853,0.9238305,4,0.3631197826855971,0.3764551300882889,0.1945565789937973,0.9923676252365112,9.249007225036621,8.039584159851074,0.09263681920138013,0.190381830846626,0.2694220420058556,0.2694220420058556,0.7251996043390727
OneRoom,"0125_window_len=4_w_neg=15.0_c_neg=2.0_reg_neg=0.1_discount=[0.3,0.7]_lr=0.0001_rnn_type=GRU",15.0,2.0,0.1,GRU,0.3,0.7,0.0001,225,25,121,0.3091533796842889,0.30902854478282715,0.30825403705415605,0.3082706564824148,0.87862366,4,0.354689839479731,0.37421363920906703,0.1511562466621399,0.9939512610435486,9.363632202148438,8.011194229125977,0.09263681920138013,0.1909755180807638,0.3707467685725866,0.2291408799186493,0.7251996043390727
OneRoom,"0126_window_len=4_w_neg=15.0_c_neg=2.0_reg_neg=0.1_discount=[0.3,0.7]_lr=0.001_rnn_type=LSTM",15.0,2.0,0.1,LSTM,0.3,0.7,0.001,225,25,121,0.3091533796842889,0.30902854478282715,0.308493949063986,0.3080879079704191,0.8782527,4,0.3429660974914755,0.3552607887030938,0.023238347843289375,0.9914344549179077,10.14241886138916,8.265647888183594,0.09263681920138013,0.1521975215438212,0.3330826533066568,0.20894862397072075,0.7251996043390727
OneRoom,"0127_window_len=4_w_neg=15.0_c_neg=2.0_reg_neg=0.1_discount=[0.3,0.7]_lr=0.001_rnn_type=GRU",15.0,2.0,0.1,GRU,0.3,0.7,0.001,225,25,121,0.3091533796842889,0.30902854478282715,0.3088814460000512,0.30828414599367104,0.93086547,4,0.3475614776764212,0.35799381356322063,-0.03247272968292236,0.9912638068199158,10.535605430603027,8.2942476272583,0.09263681920138013,0.1704525427451531,0.37145126976822207,0.2087189577292748,0.7251996043390727
OneRoom,"0128_window_len=8_w_neg=5.0_c_neg=1.0_reg_neg=0.0_discount=[0.1,0.9]_lr=0.0001_rnn_type=LSTM",5.0,1.0,0.0,LSTM,0.1,0.9,0.0001,225,25,121,0.3091533796842889,0.30902854478282715,0.3045480377903319,0.3022510248270381,0.8648717,8,0.34073879269953133,0.2673331122697717,0.2659354507923126,0.23150068521499634,7.690864086151123,1.000059962272644,0.09263681920138013,0.3939734897356198,0.19045934320311397,0.31381365564934105,0.7251996043390727
OneRoom,"0129_window_len=8_w_neg=5.0_c_neg=1.0_reg_neg=0.0_discount=[0.1,0.9]_lr=0.0001_rnn_type=GRU",5.0,1.0,0.0,GRU,0.1,0.9,0.0001,225,25,121,0.3091533796842889,0.30902854478282715,0.30584959928461586,0.2960147661876257,0.8532985,8,0.3240763959048754,0.2730358227821427,-0.14344549179077148,0.38742583990097046,7.170680046081543,1.7895163297653198,0.09263681920138013,0.7064636936686286,0.7288504105535732,0.7075609241371366,0.7251996043390727
OneRoom,"0130_window_len=8_w_neg=5.0_c_neg=1.0_reg_neg=0.0_discount=[0.1,0.9]_lr=0.001_rnn_type=LSTM",5.0,1.0,0.0,LSTM,0.1,0.9,0.001,225,25,121,0.3091533796842889,0.30902854478282715,0.3063757166613458,0.2836524416933666,0.8486756,8,0.33815947458606244,0.30254036050473226,0.022087987512350082,0.23715464770793915,7.609376430511475,1.0000027418136597,0.09263681920138013,0.12793041230703778,0.71745839081225,0.18722736502036577,0.7251996043390727
OneRoom,"0131_window_len=8_w_neg=5.0_c_neg=1.0_reg_neg=0.0_discount=[0.1,0.9]_lr=0.001_rnn_type=GRU",5.0,1.0,0.0,GRU,0.1,0.9,0.001,225,25,121,0.3091533796842889,0.30902854478282715,0.3068031742315197,0.3007842283188502,0.8239993,8,0.3376669492432579,0.26938389929754997,-0.007478199899196625,0.3637259602546692,9.275262832641602,1.8063807487487793,0.09263681920138013,0.17179609025761192,0.7133858341858097,0.19041513245163563,0.7251996043390727
OneRoom,"0132_window_len=8_w_neg=5.0_c_neg=1.0_reg_neg=0.0_discount=[0.3,0.7]_lr=0.0001_rnn_type=LSTM",5.0,1.0,0.0,LSTM,0.3,0.7,0.0001,225,25,121,0.3091533796842889,0.30902854478282715,0.3058078583229163,0.30548552956200403,0.8488679,8,0.34249148484954184,0.3164018497568707,0.12337296456098557,0.9206503033638,7.26460075378418,3.8934199810028076,0.09263681920138013,0.3323023622513442,0.7289468703749805,0.708214898759654,0.7251996043390727
OneRoom,"0133_window_len=8_w_neg=5.0_c_neg=1.0_reg_neg=0.0_discount=[0.3,0.7]_lr=0.0001_rnn_type=GRU",5.0,1.0,0.0,GRU,0.3,0.7,0.0001,225,25,121,0.3091533796842889,0.30902854478282715,0.30559768351820066,0.303850139286221,0.8408826,8,0.34846995074291554,0.3004104624562827,0.08233735710382462,0.9296234846115112,7.027464866638184,3.9434046745300293,0.09263681920138013,0.7063230230957429,0.7268861900236067,0.7094114598775874,0.7251996043390727
OneRoom,"0134_window_len=8_w_neg=5.0_c_neg=1.0_reg_neg=0.0_discount=[0.3,0.7]_lr=0.001_rnn_type=LSTM",5.0,1.0,0.0,LSTM,0.3,0.7,0.001,225,25,121,0.3091533796842889,0.30902854478282715,0.30652865110558775,0.3070333839958933,0.8658047,8,0.32677968385708805,0.3689203322889138,-0.04676179587841034,0.90889972448349,7.287322044372559,4.131625652313232,0.09263681920138013,0.5931572792856621,0.7133622933960614,0.7088470550892341,0.7251996043390727
OneRoom,"0135_window_len=8_w_neg=5.0_c_neg=1.0_reg_neg=0.0_discount=[0.3,0.7]_lr=0.001_rnn_type=GRU",5.0,1.0,0.0,GRU,0.3,0.7,0.001,225,25,121,0.3091533796842889,0.30902854478282715,0.30674707227677966,0.305462508975352,0.85677654,8,0.36144632482049155,0.35589378115752696,0.19716455042362213,0.9056073427200317,7.474307060241699,4.2967729568481445,0.09263681920138013,0.33159556439329424,0.7198555322073423,0.593397280507973,0.7251996043390727
OneRoom,"0136_window_len=8_w_neg=5.0_c_neg=1.0_reg_neg=0.1_discount=[0.1,0.9]_lr=0.0001_rnn_type=LSTM",5.0,1.0,0.1,LSTM,0.1,0.9,0.0001,225,25,121,0.3091533796842889,0.30902854478282715,0.30597118131469014,0.3013186458673536,0.8558896,8,0.33448589082477825,0.26219334791002147,0.08594563603401184,0.27660560607910156,7.37156867980957,1.006479024887085,0.09263681920138013,0.14241890714865596,0.12880773734936132,0.16340006663595136,0.7251996043390727
OneRoom,"0137_window_len=8_w_neg=5.0_c_neg=1.0_reg_neg=0.1_discount=[0.1,0.9]_lr=0.0001_rnn_type=GRU",5.0,1.0,0.1,GRU,0.1,0.9,0.0001,225,25,121,0.3091533796842889,0.30902854478282715,0.30612561519039116,0.2933996534687309,0.8416479,8,0.34387852641184796,0.2578097353182342,0.09166372567415237,0.42489609122276306,7.4415106773376465,1.7075631618499756,0.09263681920138013,0.33091517815301064,0.7172763803159042,0.3508984378212234,0.7251996043390727
OneRoom,"0138_window_len=8_w_neg=5.0_c_neg=1.0_reg_neg=0.1_discount=[0.1,0.9]_lr=0.001_rnn_type=LSTM",5.0,1.0,0.1,LSTM,0.1,0.9,0.001,225,25,121,0.3091533796842889,0.30902854478282715,0.3064558926198725,0.3070542589779025,0.85092413,8,0.3184651973350462,0.3300288140443175,0.1152876615524292,0.24387601017951965,8.797266960144043,1.0000044107437134,0.09263681920138013,0.20754421490427874,-0.019659430267773913,0.20743397510838466,0.7251996043390727
OneRoom,"0139_window_len=8_w_neg=5.0_c_neg=1.0_reg_neg=0.1_discount=[0.1,0.9]_lr=0.001_rnn_type=GRU",5.0,1.0,0.1,GRU,0.1,0.9,0.001,225,25,121,0.3091533796842889,0.30902854478282715,0.30585433211904534,0.29029265821860595,0.826927,8,0.33401048884040263,0.23096352473194598,-0.009093865752220154,0.20674197375774384,9.09338092803955,1.0001097917556763,0.09263681920138013,0.15183177805431852,0.7221332471568827,0.18906986244236595,0.7251996043390727
OneRoom,"0140_window_len=8_w_neg=5.0_c_neg=1.0_reg_neg=0.1_discount=[0.3,0.7]_lr=0.0001_rnn_type=LSTM",5.0,1.0,0.1,LSTM,0.3,0.7,0.0001,225,25,121,0.3091533796842889,0.30902854478282715,0.30657943612274113,0.3048559760934156,0.86865413,8,0.34763019143741175,0.33469581562495243,-0.044247645884752274,0.9167367815971375,7.343459129333496,3.8950448036193848,0.09263681920138013,0.4551175331957769,0.7232281809629761,0.5935126877942998,0.7251996043390727
OneRoom,"0141_window_len=8_w_neg=5.0_c_neg=1.0_reg_neg=0.1_discount=[0.3,0.7]_lr=0.0001_rnn_type=GRU",5.0,1.0,0.1,GRU,0.3,0.7,0.0001,225,25,121,0.3091533796842889,0.30902854478282715,0.30643954490608577,0.3018793835587171,0.85766155,8,0.350718204388735,0.31095728924485366,0.18724043667316437,0.9215540885925293,6.9642653465271,3.4999561309814453,0.09263681920138013,0.5526837717212447,0.7337715839421564,0.5984390286733156,0.7251996043390727
OneRoom,"0142_window_len=8_w_neg=5.0_c_neg=1.0_reg_neg=0.1_discount=[0.3,0.7]_lr=0.001_rnn_type=LSTM",5.0,1.0,0.1,LSTM,0.3,0.7,0.001,225,25,121,0.3091533796842889,0.30902854478282715,0.30571889633289046,0.30623717745092094,0.8650926,8,0.3187228098818381,0.3475605337942432,-0.10703703761100769,0.8527147173881531,7.466320991516113,3.595693349838257,0.09263681920138013,0.17143494009293817,0.7416732509791045,0.5937894356152421,0.7251996043390727
OneRoom,"0143_window_len=8_w_neg=5.0_c_neg=1.0_reg_neg=0.1_discount=[0.3,0.7]_lr=0.001_rnn_type=GRU",5.0,1.0,0.1,GRU,0.3,0.7,0.001,225,25,121,0.3091533796842889,0.30902854478282715,0.3071943136622235,0.30496536774332716,0.8634124,8,0.3524823251609738,0.31776075860503966,-0.1691899597644806,0.8894249200820923,7.543582916259766,4.243503570556641,0.09263681920138013,0.29279402706660346,0.7287838073435537,0.5911936329212992,0.7251996043390727
OneRoom,"0144_window_len=8_w_neg=5.0_c_neg=2.0_reg_neg=0.0_discount=[0.1,0.9]_lr=0.0001_rnn_type=LSTM",5.0,2.0,0.0,LSTM,0.1,0.9,0.0001,225,25,121,0.3091533796842889,0.30902854478282715,0.30789414678485816,0.3082866963852624,0.9021203,8,0.34039082950036315,0.3832519807188065,-0.00583770964294672,0.9497079253196716,11.011078834533691,5.627633571624756,0.09263681920138013,0.09069405041580116,0.7095234221702923,0.22823771742416307,0.7251996043390727
OneRoom,"0145_window_len=8_w_neg=5.0_c_neg=2.0_reg_neg=0.0_discount=[0.1,0.9]_lr=0.0001_rnn_type=GRU",5.0,2.0,0.0,GRU,0.1,0.9,0.0001,225,25,121,0.3091533796842889,0.30902854478282715,0.3079597593689018,0.30813691036876456,0.90021384,8,0.3370085388005347,0.3916111541205894,0.04262465611100197,0.963727593421936,9.29114818572998,5.582747936248779,0.09263681920138013,0.22942279523002418,0.710640748434927,0.2690229969113433,0.7251996043390727
OneRoom,"0146_window_len=8_w_neg=5.0_c_neg=2.0_reg_neg=0.0_discount=[0.1,0.9]_lr=0.001_rnn_type=LSTM",5.0,2.0,0.0,LSTM,0.1,0.9,0.001,225,25,121,0.3091533796842889,0.30902854478282715,0.30743380881051285,0.30759850403596983,0.81822884,8,0.33782375008758125,0.34691073608186473,-0.02838299609720707,0.9672887325286865,9.432458877563477,5.827320575714111,0.09263681920138013,0.12613901562375932,0.5930556519738223,0.18908249408564548,0.7251996043390727
OneRoom,"0147_window_len=8_w_neg=5.0_c_neg=2.0_reg_neg=0.0_discount=[0.1,0.9]_lr=0.001_rnn_type=GRU",5.0,2.0,0.0,GRU,0.1,0.9,0.001,225,25,121,0.3091533796842889,0.30902854478282715,0.3069140739345333,0.30804279661399875,0.86266816,8,0.342209963068592,0.36838474452525805,-0.037328314036130905,0.9485183954238892,12.099931716918945,5.678791522979736,0.09263681920138013,0.18976345449153273,0.7096049536860056,0.35130092790935735,0.7251996043390727
OneRoom,"0148_window_len=8_w_neg=5.0_c_neg=2.0_reg_neg=0.0_discount=[0.3,0.7]_lr=0.0001_rnn_type=LSTM",5.0,2.0,0.0,LSTM,0.3,0.7,0.0001,225,25,121,0.3091533796842889,0.30902854478282715,0.3080481401950549,0.3077715644542765,0.9068986,8,0.3510440621124291,0.36136551179910037,-0.07989056408405304,0.9886436462402344,8.671042442321777,7.031360149383545,0.09263681920138013,0.18794909118410966,0.4737469103706657,0.22754929286542883,0.7251996043390727
OneRoom,"0149_window_len=8_w_neg=5.0_c_neg=2.0_reg_neg=0.0_discount=[0.3,0.7]_lr=0.0001_rnn_type=GRU",5.0,2.0,0.0,GRU,0.3,0.7,0.0001,225,25,121,0.3091533796842889,0.30902854478282715,0.3085031340391646,0.30840933337124143,0.89847106,8,0.35260428475332556,0.36310489413954145,-0.07959254831075668,0.9906446933746338,8.667083740234375,6.952991008758545,0.09263681920138013,0.2690804134717048,0.7067169006998227,0.4738898776059658,0.7251996043390727
OneRoom,"0150_window_len=8_w_neg=5.0_c_neg=2.0_reg_neg=0.0_discount=[0.3,0.7]_lr=0.001_rnn_type=LSTM",5.0,2.0,0.0,LSTM,0.3,0.7,0.001,225,25,121,0.3091533796842889,0.30902854478282715,0.3072312069132009,0.30706709422927125,0.89964044,8,0.34510472816086446,0.36743147106269763,0.040844861418008804,0.9936580657958984,8.225738525390625,7.293806552886963,0.09263681920138013,0.18933570111683964,0.5900332442363934,0.22893590279815876,0.7251996043390727
OneRoom,"0151_window_len=8_w_neg=5.0_c_neg=2.0_reg_neg=0.0_discount=[0.3,0.7]_lr=0.001_rnn_type=GRU",5.0,2.0,0.0,GRU,0.3,0.7,0.001,225,25,121,0.3091533796842889,0.30902854478282715,0.3072667268245132,0.29239493197811994,0.86649305,8,0.3636931008118863,0.22762599833675531,0.15962249040603638,0.547183632850647,7.753818988800049,2.9076826572418213,0.09263681920138013,0.33056838212842726,0.15078622249013576,0.33056838212842726,0.7251996043390727
OneRoom,"0152_window_len=8_w_neg=5.0_c_neg=2.0_reg_neg=0.1_discount=[0.1,0.9]_lr=0.0001_rnn_type=LSTM",5.0,2.0,0.1,LSTM,0.1,0.9,0.0001,225,25,121,0.3091533796842889,0.30902854478282715,0.3079644827096793,0.30817896651393706,0.88068783,8,0.3405212258767568,0.37839468269987214,0.18557895720005035,0.9580515027046204,10.605362892150879,5.785170555114746,0.09263681920138013,0.07414717188522356,0.5901078857648634,0.2090427871297136,0.7251996043390727
OneRoom,"0153_window_len=8_w_neg=5.0_c_neg=2.0_reg_neg=0.1_discount=[0.1,0.9]_lr=0.0001_rnn_type=GRU",5.0,2.0,0.1,GRU,0.1,0.9,0.0001,225,25,121,0.3091533796842889,0.30902854478282715,0.30837640458693144,0.3084273057295214,0.8931162,8,0.3498901169254868,0.3945045571534527,-0.022675661370158195,0.9655646681785583,9.291531562805176,5.916496276855469,0.09263681920138013,0.1708510136740618,0.7067932647251036,0.2095210670775248,0.7251996043390727
OneRoom,"0154_window_len=8_w_neg=5.0_c_neg=2.0_reg_neg=0.1_discount=[0.1,0.9]_lr=0.001_rnn_type=LSTM",5.0,2.0,0.1,LSTM,0.1,0.9,0.001,225,25,121,0.3091533796842889,0.30902854478282715,0.3060335863387056,0.30720898157756954,0.833156,8,0.319472524931273,0.3444399468970323,0.04639313742518425,0.951404869556427,13.949119567871094,5.814162254333496,0.09263681920138013,-0.02261638312639061,0.7089458115730557,0.13592968749660045,0.7251996043390727
OneRoom,"0155_window_len=8_w_neg=5.0_c_neg=2.0_reg_neg=0.1_discount=[0.1,0.9]_lr=0.001_rnn_type=GRU",5.0,2.0,0.1,GRU,0.1,0.9,0.001,225,25,121,0.3091533796842889,0.30902854478282715,0.3073895818710079,0.3074979357336836,0.8394114,8,0.3297673866704792,0.3607946509884768,-0.17823408544063568,0.9491474032402039,15.085453033447266,5.838391304016113,0.09263681920138013,0.05973561523448978,0.709664092743178,0.13535781855540002,0.7251996043390727
OneRoom,"0156_window_len=8_w_neg=5.0_c_neg=2.0_reg_neg=0.1_discount=[0.3,0.7]_lr=0.0001_rnn_type=LSTM",5.0,2.0,0.1,LSTM,0.3,0.7,0.0001,225,25,121,0.3091533796842889,0.30902854478282715,0.3078752281609608,0.3078701301429011,0.8778885,8,0.3513913597367134,0.3766521103251617,0.19793757796287537,0.9912651777267456,8.500020980834961,7.146902561187744,0.09263681920138013,0.15108823359763723,0.4882377018746984,0.3315456119857798,0.7251996043390727
OneRoom,"0157_window_len=8_w_neg=5.0_c_neg=2.0_reg_neg=0.1_discount=[0.3,0.7]_lr=0.0001_rnn_type=GRU",5.0,2.0,0.1,GRU,0.3,0.7,0.0001,225,25,121,0.3091533796842889,0.30902854478282715,0.30833907723720466,0.30819592293527054,0.9145047,8,0.3465444368857505,0.36011045822767557,-0.15819837152957916,0.9929141998291016,8.345975875854492,7.338430881500244,0.09263681920138013,0.1910122646793951,0.6054283465661195,0.3726174001091639,0.7251996043390727
OneRoom,"0158_window_len=8_w_neg=5.0_c_neg=2.0_reg_neg=0.1_discount=[0.3,0.7]_lr=0.001_rnn_type=LSTM",5.0,2.0,0.1,LSTM,0.3,0.7,0.001,225,25,121,0.3091533796842889,0.30902854478282715,0.3071906520401079,0.3077777867515508,0.8836094,8,0.3223438913189775,0.33673898670380575,-0.10703380405902863,0.9840505719184875,10.809505462646484,7.293328762054443,0.09263681920138013,0.1687484192336241,0.37238486303969986,0.18963541556192662,0.7251996043390727
OneRoom,"0159_window_len=8_w_neg=5.0_c_neg=2.0_reg_neg=0.1_discount=[0.3,0.7]_lr=0.001_rnn_type=GRU",5.0,2.0,0.1,GRU,0.3,0.7,0.001,225,25,121,0.3091533796842889,0.30902854478282715,0.30809833411412774,0.3076037974491428,0.8806343,8,0.3359478421428458,0.3419616572654228,0.06436162441968918,0.9805111289024353,11.71395206451416,7.59774923324585,0.09263681920138013,0.19021245199355957,0.3509053278084667,0.2926171840606901,0.7251996043390727
OneRoom,"0160_window_len=8_w_neg=15.0_c_neg=1.0_reg_neg=0.0_discount=[0.1,0.9]_lr=0.0001_rnn_type=LSTM",15.0,1.0,0.0,LSTM,0.1,0.9,0.0001,225,25,121,0.3091533796842889,0.30902854478282715,0.30774326744219566,0.3081872990857025,0.8901707,8,0.33217450392763315,0.38479180402809354,0.025713087990880013,0.9716945886611938,12.074034690856934,7.068940162658691,0.09263681920138013,-0.006234290124050501,0.4728621211754952,0.1882579922788545,0.7251996043390727
OneRoom,"0161_window_len=8_w_neg=15.0_c_neg=1.0_reg_neg=0.0_discount=[0.1,0.9]_lr=0.0001_rnn_type=GRU",15.0,1.0,0.0,GRU,0.1,0.9,0.0001,225,25,121,0.3091533796842889,0.30902854478282715,0.3078205683749573,0.30760174643185423,0.89222157,8,0.3548316812186774,0.38114566981669296,0.1394450068473816,0.9730140566825867,9.78758716583252,6.856472492218018,0.09263681920138013,0.146451846348447,0.5874787814659108,0.1882901455526569,0.7251996043390727
OneRoom,"0162_window_len=8_w_neg=15.0_c_neg=1.0_reg_neg=0.0_discount=[0.1,0.9]_lr=0.001_rnn_type=LSTM",15.0,1.0,0.0,LSTM,0.1,0.9,0.001,225,25,121,0.3091533796842889,0.30902854478282715,0.30794619939409945,0.3080746554925539,0.8932384,8,0.33723560958475385,0.36917211511162773,0.20378631353378296,0.970588743686676,11.36341667175293,7.186032772064209,0.09263681920138013,0.23027715364820314,0.7074656126469365,0.26975046473112335,0.7251996043390727
OneRoom,"0163_window_len=8_w_neg=15.0_c_neg=1.0_reg_neg=0.0_discount=[0.1,0.9]_lr=0.001_rnn_type=GRU",15.0,1.0,0.0,GRU,0.1,0.9,0.001,225,25,121,0.3091533796842889,0.30902854478282715,0.3083977303436222,0.308236105433667,0.87092096,8,0.3560756335462542,0.3710116519835764,-0.00897377822548151,0.9638944268226624,10.95829963684082,6.615018367767334,0.09263681920138013,0.08017303989516188,0.7073369995517268,0.18230332080376446,0.7251996043390727
OneRoom,"0164_window_len=8_w_neg=15.0_c_neg=1.0_reg_neg=0.0_discount=[0.3,0.7]_lr=0.0001_rnn_type=LSTM",15.0,1.0,0.0,LSTM,0.3,0.7,0.0001,225,25,121,0.3091533796842889,0.30902854478282715,0.30811765881915193,0.3082114514110481,0.92388505,8,0.35512020308033004,0.38465242482220596,-0.09341869503259659,0.9892333745956421,10.736956596374512,8.39784049987793,0.09263681920138013,0.1889912017546707,0.35308600877099605,0.20891991569054003,0.7251996043390727
OneRoom,"0165_window_len=8_w_neg=15.0_c_neg=1.0_reg_neg=0.0_discount=[0.3,0.7]_lr=0.0001_rnn_type=GRU",15.0,1.0,0.0,GRU,0.3,0.7,0.0001,225,25,121,0.3091533796842889,0.30902854478282715,0.3080352196073358,0.3086495327595885,0.906855,8,0.35209515993956647,0.364340859361996,0.22808460891246796,0.9919012188911438,9.794503211975098,7.896321773529053,0.09263681920138013,0.2491080629499608,0.589114005105006,0.3713128958577508,0.7251996043390727
OneRoom,"0166_window_len=8_w_neg=15.0_c_neg=1.0_reg_neg=0.0_discount=[0.3,0.7]_lr=0.001_rnn_type=LSTM",15.0,1.0,0.0,LSTM,0.3,0.7,0.001,225,25,121,0.3091533796842889,0.30902854478282715,0.3074711277794521,0.30700835584034825,0.9035567,8,0.3336997378145305,0.32560729957786994,-0.09939217567443848,0.9514167904853821,9.486095428466797,6.133590221405029,0.09263681920138013,0.23087945336639518,0.36835823966154857,0.33148704709421106,0.7251996043390727
OneRoom,"0167_window_len=8_w_neg=15.0_c_neg=1.0_reg_neg=0.0_discount=[0.3,0.7]_lr=0.001_rnn_type=GRU",15.0,1.0,0.0,GRU,0.3,0.7,0.001,225,25,121,0.3091533796842889,0.30902854478282715,0.30833435393520403,0.30803727739324094,0.89253986,8,0.3516648904694809,0.38081806472841434,-0.1556144505739212,0.9813457131385803,10.420546531677246,7.613358497619629,0.09263681920138013,0.12518877154977667,0.4719308245664318,0.18836076792190157,0.7251996043390727
OneRoom,"0168_window_len=8_w_neg=15.0_c_neg=1.0_reg_neg=0.1_discount=[0.1,0.9]_lr=0.0001_rnn_type=LSTM",15.0,1.0,0.1,LSTM,0.1,0.9,0.0001,225,25,121,0.3091533796842889,0.30902854478282715,0.30849424521830227,0.3081546188633087,0.914666,8,0.3397666532897383,0.39145357212835263,0.14550825953483582,0.9666610956192017,12.195270538330078,6.864946365356445,0.09263681920138013,0.12501135437825966,0.5909117176099242,0.22240821405066108,0.7251996043390727
OneRoom,"0169_window_len=8_w_neg=15.0_c_neg=1.0_reg_neg=0.1_discount=[0.1,0.9]_lr=0.0001_rnn_type=GRU",15.0,1.0,0.1,GRU,0.1,0.9,0.0001,225,25,121,0.3091533796842889,0.30902854478282715,0.3082382985833125,0.30829939405398565,0.9157138,8,0.37022831888167806,0.401798946190339,-0.11264192312955856,0.9736114740371704,10.000678062438965,6.742620468139648,0.09263681920138013,0.18888555528360557,0.5901750631404863,0.2288830795626262,0.7251996043390727
OneRoom,"0170_window_len=8_w_neg=15.0_c_neg=1.0_reg_neg=0.1_discount=[0.1,0.9]_lr=0.001_rnn_type=LSTM",15.0,1.0,0.1,LSTM,0.1,0.9,0.001,225,25,121,0.3091533796842889,0.30902854478282715,0.30793587245089565,0.3079399011937006,0.88869333,8,0.3257167085607971,0.35808582596539884,-0.0033950190991163254,0.9620369672775269,13.384627342224121,6.868809700012207,0.09263681920138013,0.10588704645305483,0.5925096204847845,0.20397118235298325,0.7251996043390727
OneRoom,"0171_window_len=8_w_neg=15.0_c_neg=1.0_reg_neg=0.1_discount=[0.1,0.9]_lr=0.001_rnn_type=GRU",15.0,1.0,0.1,GRU,0.1,0.9,0.001,225,25,121,0.3091533796842889,0.30902854478282715,0.3068239762892152,0.30756545685866704,0.86116666,8,0.3396807090665518,0.3594103713523273,0.045077141374349594,0.9609903693199158,15.404608726501465,7.173301696777344,0.09263681920138013,0.046560237128338844,0.2689156279434673,0.0925428636594411,0.7251996043390727
OneRoom,"0172_window_len=8_w_neg=15.0_c_neg=1.0_reg_neg=0.1_discount=[0.3,0.7]_lr=0.0001_rnn_type=LSTM",15.0,1.0,0.1,LSTM,0.3,0.7,0.0001,225,25,121,0.3091533796842889,0.30902854478282715,0.30847729826142023,0.3079384197442001,0.89549285,8,0.3441493186457193,0.36469519855384075,0.056378792971372604,0.9914908409118652,10.690567970275879,8.201674461364746,0.09263681920138013,0.20954862702649832,0.35168504469817574,0.22934872786715788,0.7251996043390727
OneRoom,"0173_window_len=8_w_neg=15.0_c_neg=1.0_reg_neg=0.1_discount=[0.3,0.7]_lr=0.0001_rnn_type=GRU",15.0,1.0,0.1,GRU,0.3,0.7,0.0001,225,25,121,0.3091533796842889,0.30902854478282715,0.30815397027677705,0.30824982863900235,0.9052863,8,0.3606853777283153,0.3698273427125137,-0.003938628360629082,0.992998480796814,9.195210456848145,7.722249984741211,0.09263681920138013,0.18791578957910005,0.34975412577321885,0.20774919202476927,0.7251996043390727
OneRoom,"0174_window_len=8_w_neg=15.0_c_neg=1.0_reg_neg=0.1_discount=[0.3,0.7]_lr=0.001_rnn_type=LSTM",15.0,1.0,0.1,LSTM,0.3,0.7,0.001,225,25,121,0.3091533796842889,0.30902854478282715,0.3085131270416127,0.30840010072804314,0.92438805,8,0.340852520772104,0.3596036692691695,-0.02954372577369213,0.9851537942886353,12.262383460998535,7.734436511993408,0.09263681920138013,0.04458453328630001,0.2294802117903857,0.15184728052561608,0.7251996043390727
OneRoom,"0175_window_len=8_w_neg=15.0_c_neg=1.0_reg_neg=0.1_discount=[0.3,0.7]_lr=0.001_rnn_type=GRU",15.0,1.0,0.1,GRU,0.3,0.7,0.001,225,25,121,0.3091533796842889,0.30902854478282715,0.3071802063485623,0.3080563081830512,0.9298638,8,0.3378447372755369,0.35366163016080765,0.15552963316440582,0.980465292930603,12.277121543884277,8.110958099365234,0.09263681920138013,0.14412762398501386,0.249863664884318,0.22899676435214195,0.7251996043390727
OneRoom,"0176_window_len=8_w_neg=15.0_c_neg=2.0_reg_neg=0.0_discount=[0.1,0.9]_lr=0.0001_rnn_type=LSTM",15.0,2.0,0.0,LSTM,0.1,0.9,0.0001,225,25,121,0.3091533796842889,0.30902854478282715,0.3086506599608908,0.3080542134402334,0.88008654,8,0.36117730388343033,0.3945115677867224,0.03996122628450394,0.9751386642456055,10.952205657958984,7.248013019561768,0.09263681920138013,0.115370539727962,0.47397313161849,0.2294802117903857,0.7251996043390727
OneRoom,"0177_window_len=8_w_neg=15.0_c_neg=2.0_reg_neg=0.0_discount=[0.1,0.9]_lr=0.0001_rnn_type=GRU",15.0,2.0,0.0,GRU,0.1,0.9,0.0001,225,25,121,0.3091533796842889,0.30902854478282715,0.3077733705977039,0.3081206965518012,0.89308757,8,0.35288482834510054,0.3890906452920921,-0.07437906414270401,0.9749311208724976,10.511517524719238,7.350426197052002,0.09263681920138013,0.1513454597880567,0.47400183989867073,0.22827446402279442,0.7251996043390727
OneRoom,"0178_window_len=8_w_neg=15.0_c_neg=2.0_reg_neg=0.0_discount=[0.1,0.9]_lr=0.001_rnn_type=LSTM",15.0,2.0,0.0,LSTM,0.1,0.9,0.001,225,25,121,0.3091533796842889,0.30902854478282715,0.3085020597886052,0.30782779904172686,0.8769878,8,0.33127730324598087,0.3638831730809334,0.2016647607088089,0.966528058052063,11.183036804199219,7.1434855461120605,0.09263681920138013,0.17083321454034975,0.5903266428598407,0.2686526600970118,0.7251996043390727
OneRoom,"0179_window_len=8_w_neg=15.0_c_neg=2.0_reg_neg=0.0_discount=[0.1,0.9]_lr=0.001_rnn_type=GRU",15.0,2.0,0.0,GRU,0.1,0.9,0.001,225,25,121,0.3091533796842889,0.30902854478282715,0.30752615144011963,0.307925830062907,0.8722364,8,0.3507814354669934,0.376348993139477,0.1315574198961258,0.9627514481544495,11.087471008300781,6.827550888061523,0.09263681920138013,0.09430382956572798,0.5883021349414945,0.21070901571140402,0.7251996043390727
OneRoom,"0180_window_len=8_w_neg=15.0_c_neg=2.0_reg_neg=0.0_discount=[0.3,0.7]_lr=0.0001_rnn_type=LSTM",15.0,2.0,0.0,LSTM,0.3,0.7,0.0001,225,25,121,0.3091533796842889,0.30902854478282715,0.3083275191097586,0.3084404890973834,0.92949355,8,0.3663922392424463,0.39071498119851567,-0.013915813528001308,0.9936123490333557,9.661237716674805,8.172307968139648,0.09263681920138013,0.1153515922630427,0.26771849265993025,0.17004431100098288,0.7251996043390727
OneRoom,"0181_window_len=8_w_neg=15.0_c_neg=2.0_reg_neg=0.0_discount=[0.3,0.7]_lr=0.0001_rnn_type=GRU",15.0,2.0,0.0,GRU,0.3,0.7,0.0001,225,25,121,0.3091533796842889,0.30902854478282715,0.3084091885529189,0.3080996449717683,0.89990985,8,0.3681372278408416,0.3887318177355875,0.024500103667378426,0.9928185343742371,9.464468955993652,8.223483085632324,0.09263681920138013,0.13250249300862316,0.2698888386415946,0.2291408799186493,0.7251996043390727
OneRoom,"0182_window_len=8_w_neg=15.0_c_neg=2.0_reg_neg=0.0_discount=[0.3,0.7]_lr=0.001_rnn_type=LSTM",15.0,2.0,0.0,LSTM,0.3,0.7,0.001,225,25,121,0.3091533796842889,0.30902854478282715,0.30841361709123627,0.3079652579935484,0.8898555,8,0.3447474667057714,0.34183614946814067,-0.16795700788497925,0.993992805480957,10.108024597167969,8.58449649810791,0.09263681920138013,0.1491555921758695,0.22787656725948932,0.18854852007428363,0.7251996043390727
OneRoom,"0183_window_len=8_w_neg=15.0_c_neg=2.0_reg_neg=0.0_discount=[0.3,0.7]_lr=0.001_rnn_type=GRU",15.0,2.0,0.0,GRU,0.3,0.7,0.001,225,25,121,0.3091533796842889,0.30902854478282715,0.30796984003738603,0.3078770956801503,0.91458845,8,0.357208182423276,0.3737245879681509,-0.030690396204590797,0.9901576042175293,11.241978645324707,8.89875602722168,0.09263681920138013,0.1730713120632406,0.26950127685915454,0.2100538927576794,0.7251996043390727
OneRoom,"0184_window_len=8_w_neg=15.0_c_neg=2.0_reg_neg=0.1_discount=[0.1,0.9]_lr=0.0001_rnn_type=LSTM",15.0,2.0,0.1,LSTM,0.1,0.9,0.0001,225,25,121,0.3091533796842889,0.30902854478282715,0.3080978963405655,0.3081658097656974,0.89502275,8,0.3860233066315655,0.39494552996302895,0.040209729224443436,0.9743424654006958,9.938015937805176,7.261648178100586,0.09263681920138013,0.1566013717235474,0.5896514241099895,0.2695299851393353,0.7251996043390727
OneRoom,"0185_window_len=8_w_neg=15.0_c_neg=2.0_reg_neg=0.1_discount=[0.1,0.9]_lr=0.0001_rnn_type=GRU",15.0,2.0,0.1,GRU,0.1,0.9,0.0001,225,25,121,0.3091533796842889,0.30902854478282715,0.3085743501663427,0.308539140011198,0.91146976,8,0.3628532745935455,0.3800549352354242,0.023650197312235832,0.976211667060852,10.274250030517578,7.195043087005615,0.09263681920138013,0.05170935426155719,0.3719100280855103,0.15246967603993464,0.7251996043390727
OneRoom,"0186_window_len=8_w_neg=15.0_c_neg=2.0_reg_neg=0.1_discount=[0.1,0.9]_lr=0.001_rnn_type=LSTM",15.0,2.0,0.1,LSTM,0.1,0.9,0.001,225,25,121,0.3091533796842889,0.30902854478282715,0.3084395398851401,0.30820180875470343,0.92114764,8,0.34788961871645946,0.3771766605035759,-0.044355567544698715,0.966523289680481,12.469232559204102,7.254481315612793,0.09263681920138013,0.10461928880027314,0.37194677468414167,0.18879196629021636,0.7251996043390727
OneRoom,"0187_window_len=8_w_neg=15.0_c_neg=2.0_reg_neg=0.1_discount=[0.1,0.9]_lr=0.001_rnn_type=GRU",15.0,2.0,0.1,GRU,0.1,0.9,0.001,225,25,121,0.3091533796842889,0.30902854478282715,0.308446670383629,0.307638227948246,0.8807294,8,0.335841143041412,0.3602930032207018,0.09602446109056473,0.9598148465156555,13.523381233215332,7.248714923858643,0.09263681920138013,0.0918372141325984,0.4877955943599149,0.1710709191002463,0.7251996043390727
OneRoom,"0188_window_len=8_w_neg=15.0_c_neg=2.0_reg_neg=0.1_discount=[0.3,0.7]_lr=0.0001_rnn_type=LSTM",15.0,2.0,0.1,LSTM,0.3,0.7,0.0001,225,25,121,0.3091533796842889,0.30902854478282715,0.3083044331110113,0.30806213665744037,0.8716868,8,0.3901986467877562,0.3884154307596843,0.0002459059760440141,0.9945377707481384,9.410412788391113,8.140908241271973,0.09263681920138013,0.18949761581705907,0.26866471757468763,0.22906451589336851,0.7251996043390727
OneRoom,"0189_window_len=8_w_neg=15.0_c_neg=2.0_reg_neg=0.1_discount=[0.3,0.7]_lr=0.0001_rnn_type=GRU",15.0,2.0,0.1,GRU,0.3,0.7,0.0001,225,25,121,0.3091533796842889,0.30902854478282715,0.3080209203466063,0.30820631764945267,0.8754163,8,0.36151506087170804,0.37271050062318406,-0.06171206757426262,0.9945389032363892,9.22372055053711,8.064538955688477,0.09263681920138013,0.21283170594796827,0.2711611896192052,0.2513943903835553,0.7251996043390727
OneRoom,"0190_window_len=8_w_neg=15.0_c_neg=2.0_reg_neg=0.1_discount=[0.3,0.7]_lr=0.001_rnn_type=LSTM",15.0,2.0,0.1,LSTM,0.3,0.7,0.001,225,25,121,0.3091533796842889,0.30902854478282715,0.30852021322924245,0.3081150762006756,0.925101,8,0.36332609713694397,0.37235356714965945,-0.00803184974938631,0.9909504055976868,10.785974502563477,8.631189346313477,0.09263681920138013,0.22898757770248412,0.22901628598266488,0.20942632975292835,0.7251996043390727
OneRoom,"0191_window_len=8_w_neg=15.0_c_neg=2.0_reg_neg=0.1_discount=[0.3,0.7]_lr=0.001_rnn_type=GRU",15.0,2.0,0.1,GRU,0.3,0.7,0.001,225,25,121,0.3091533796842889,0.30902854478282715,0.3084864537520116,0.3084766423506994,0.94024694,8,0.34450555330666777,0.36487327610644876,0.0428435318171978,0.9881824851036072,11.927878379821777,8.720840454101562,0.09263681920138013,0.07139060282226847,0.1715480507168503,0.15289570691781687,0.7251996043390727
OneRoom,"0192_window_len=16_w_neg=5.0_c_neg=1.0_reg_neg=0.0_discount=[0.1,0.9]_lr=0.0001_rnn_type=LSTM",5.0,1.0,0.0,LSTM,0.1,0.9,0.0001,225,25,121,0.3091533796842889,0.30902854478282715,0.30502350501529524,0.2989291710341283,0.82722867,16,0.31671578700206304,0.28334287926943513,-0.0782114639878273,0.2611057758331299,7.607838153839111,1.0001046657562256,0.09263681920138013,0.12410015356532282,0.7195167745012095,0.18998163742090643,0.7251996043390727
OneRoom,"0193_window_len=16_w_neg=5.0_c_neg=1.0_reg_neg=0.0_discount=[0.1,0.9]_lr=0.0001_rnn_type=GRU",5.0,1.0,0.0,GRU,0.1,0.9,0.0001,225,25,121,0.3091533796842889,0.30902854478282715,0.3035485545388734,0.293593972436924,0.8404624,16,0.3515186188320004,0.2516994348386431,0.03953130915760994,0.43282416462898254,7.600422382354736,1.660096526145935,0.09263681920138013,0.1479532894018999,0.7226810011427313,0.29332914940917254,0.7251996043390727
OneRoom,"0194_window_len=16_w_neg=5.0_c_neg=1.0_reg_neg=0.0_discount=[0.1,0.9]_lr=0.001_rnn_type=LSTM",5.0,1.0,0.0,LSTM,0.1,0.9,0.001,225,25,121,0.3091533796842889,0.30902854478282715,0.2873987308063305,0.28782042629012994,0.8449318,16,0.30746378683053266,0.277998145442481,0.021079907193779945,0.7548990845680237,5.35726261138916,1.5633604526519775,0.09263681920138013,0.4917234612542443,0.455567679029011,0.4917234612542443,0.7251996043390727
OneRoom,"0195_window_len=16_w_neg=5.0_c_neg=1.0_reg_neg=0.0_discount=[0.1,0.9]_lr=0.001_rnn_type=GRU",5.0,1.0,0.0,GRU,0.1,0.9,0.001,225,25,121,0.3091533796842889,0.30902854478282715,0.30692403638732,0.2978096713779287,0.84091854,16,0.357431156896825,0.27475881171551947,-0.0033710203133523464,0.5242920517921448,9.02886962890625,2.017221689224243,0.09263681920138013,0.12842993638218272,0.733099810185927,0.2097983890640708,0.7251996043390727
OneRoom,"0196_window_len=16_w_neg=5.0_c_neg=1.0_reg_neg=0.0_discount=[0.3,0.7]_lr=0.0001_rnn_type=LSTM",5.0,1.0,0.0,LSTM,0.3,0.7,0.0001,225,25,121,0.3091533796842889,0.30902854478282715,0.3058274355102405,0.3077101822536864,0.8560504,16,0.3355587023261978,0.32400737954655123,-0.19843009114265442,0.8769604563713074,7.543277263641357,4.535964012145996,0.09263681920138013,0.3330792083130352,0.7115467817574312,0.591805119289149,0.7251996043390727
OneRoom,"0197_window_len=16_w_neg=5.0_c_neg=1.0_reg_neg=0.0_discount=[0.3,0.7]_lr=0.0001_rnn_type=GRU",5.0,1.0,0.0,GRU,0.3,0.7,0.0001,225,25,121,0.3091533796842889,0.30902854478282715,0.3050549273806319,0.3058967771124784,0.87451154,16,0.35124324229218223,0.3207560888691804,0.027986373752355576,0.885008692741394,7.310443878173828,4.384322166442871,0.09263681920138013,0.45725802256605325,0.7206874981669804,0.7070074284952519,0.7251996043390727
OneRoom,"0198_window_len=16_w_neg=5.0_c_neg=1.0_reg_neg=0.0_discount=[0.3,0.7]_lr=0.001_rnn_type=LSTM",5.0,1.0,0.0,LSTM,0.3,0.7,0.001,225,25,121,0.3091533796842889,0.30902854478282715,0.30723926087753417,0.3019062290359381,0.85460454,16,0.34909513247563784,0.3111304291224299,0.18813727796077728,0.9382663369178772,6.892667293548584,4.123724937438965,0.09263681920138013,0.7104059147030484,0.7299855359519197,0.7129270758685214,0.7251996043390727
OneRoom,"0199_window_len=16_w_neg=5.0_c_neg=1.0_reg_neg=0.0_discount=[0.3,0.7]_lr=0.001_rnn_type=GRU",5.0,1.0,0.0,GRU,0.3,0.7,0.001,225,25,121,0.3091533796842889,0.30902854478282715,0.30656672124292844,0.3058277722104945,0.86748874,16,0.37326925285770496,0.3374604012339616,-0.04880044609308243,0.9348800778388977,7.488888740539551,5.1997480392456055,0.09263681920138013,0.12079583051651911,0.7060106770073764,0.45220249442622407,0.7251996043390727
OneRoom,"0200_window_len=16_w_neg=5.0_c_neg=1.0_reg_neg=0.1_discount=[0.1,0.9]_lr=0.0001_rnn_type=LSTM",5.0,1.0,0.1,LSTM,0.1,0.9,0.0001,225,25,121,0.3091533796842889,0.30902854478282715,0.30567632915282916,0.2822805300506467,0.8209971,16,0.33115106292390256,0.2635046143178099,0.1705092340707779,0.2734861671924591,7.307358264923096,1.0000231266021729,0.09263681920138013,0.14458982729592387,0.7397624278502742,0.16799913312090664,0.7251996043390727
OneRoom,"0201_window_len=16_w_neg=5.0_c_neg=1.0_reg_neg=0.1_discount=[0.1,0.9]_lr=0.0001_rnn_type=GRU",5.0,1.0,0.1,GRU,0.1,0.9,0.0001,225,25,121,0.3091533796842889,0.30902854478282715,0.3052446737181031,0.2949219358017316,0.8499487,16,0.352559439848863,0.2503558344185281,0.03602391853928566,0.3917440176010132,7.640486240386963,1.810806393623352,0.09263681920138013,0.28783553291378533,0.7327713874606594,0.29015343945557853,0.7251996043390727
OneRoom,"0202_window_len=16_w_neg=5.0_c_neg=1.0_reg_neg=0.1_discount=[0.1,0.9]_lr=0.001_rnn_type=LSTM",5.0,1.0,0.1,LSTM,0.1,0.9,0.001,225,25,121,0.3091533796842889,0.30902854478282715,0.30645018970163135,0.29224494945938084,0.8161872,16,0.3375366645733159,0.30232189593932685,0.011897695250809193,0.21000580489635468,9.058481216430664,1.0000041723251343,0.09263681920138013,0.14657127279399887,0.19637037809232932,0.16755243228129427,0.7251996043390727
OneRoom,"0203_window_len=16_w_neg=5.0_c_neg=1.0_reg_neg=0.1_discount=[0.1,0.9]_lr=0.001_rnn_type=GRU",5.0,1.0,0.1,GRU,0.1,0.9,0.001,225,25,121,0.3091533796842889,0.30902854478282715,0.30739672763525944,0.2851532355823578,0.8511282,16,0.3253508829863104,0.24057222436281367,0.0348900631070137,0.19009408354759216,10.239834785461426,1.0001500844955444,0.09263681920138013,0.1886168457811138,0.7283732789369693,0.22848460863371747,0.7251996043390727
OneRoom,"0204_window_len=16_w_neg=5.0_c_neg=1.0_reg_neg=0.1_discount=[0.3,0.7]_lr=0.0001_rnn_type=LSTM",5.0,1.0,0.1,LSTM,0.3,0.7,0.0001,225,25,121,0.3091533796842889,0.30902854478282715,0.305918991303593,0.3068905710583764,0.8544549,16,0.3572857310128017,0.33472193529965777,0.07036150991916656,0.8814828395843506,7.3300089836120605,4.401725769042969,0.09263681920138013,0.4533915913913105,0.7260892481657892,0.7096784468832683,0.7251996043390727
OneRoom,"0205_window_len=16_w_neg=5.0_c_neg=1.0_reg_neg=0.1_discount=[0.3,0.7]_lr=0.0001_rnn_type=GRU",5.0,1.0,0.1,GRU,0.3,0.7,0.0001,225,25,121,0.3091533796842889,0.30902854478282715,0.3065099666684249,0.3073375764028865,0.8579456,16,0.35713682116567036,0.31674436289710217,-0.1063995361328125,0.9135740995407104,6.962902545928955,4.239480972290039,0.09263681920138013,0.4504966484178843,0.7181720786575434,0.7104173980151207,0.7251996043390727
OneRoom,"0206_window_len=16_w_neg=5.0_c_neg=1.0_reg_neg=0.1_discount=[0.3,0.7]_lr=0.001_rnn_type=LSTM",5.0,1.0,0.1,LSTM,0.3,0.7,0.001,225,25,121,0.3091533796842889,0.30902854478282715,0.30586010084638654,0.3008181493406712,0.8458456,16,0.33615427221289307,0.29683374568669124,0.1673341989517212,0.8583223223686218,7.6305084228515625,3.8009653091430664,0.09263681920138013,0.08948830264820988,0.7354269033773781,0.4777046338763831,0.7251996043390727
OneRoom,"0207_window_len=16_w_neg=5.0_c_neg=1.0_reg_neg=0.1_discount=[0.3,0.7]_lr=0.001_rnn_type=GRU",5.0,1.0,0.1,GRU,0.3,0.7,0.001,225,25,121,0.3091533796842889,0.30902854478282715,0.30684674282319857,0.30623145765814164,0.8584591,16,0.3621349473836945,0.34372860757995044,0.011961636133491993,0.9390055537223816,7.575518608093262,5.889028072357178,0.09263681920138013,0.19132173993974355,0.7083802584534951,0.4559305516904956,0.7251996043390727
OneRoom,"0208_window_len=16_w_neg=5.0_c_neg=2.0_reg_neg=0.0_discount=[0.1,0.9]_lr=0.0001_rnn_type=LSTM",5.0,2.0,0.0,LSTM,0.1,0.9,0.0001,225,25,121,0.3091533796842889,0.30902854478282715,0.30657662558921567,0.3082931582673948,0.8814621,16,0.33594603564960857,0.3751232774542834,0.043591197580099106,0.9570144414901733,10.864429473876953,5.9577956199646,0.09263681920138013,0.18331385226612668,0.7086363363127073,0.22796039543761706,0.7251996043390727
OneRoom,"0209_window_len=16_w_neg=5.0_c_neg=2.0_reg_neg=0.0_discount=[0.1,0.9]_lr=0.0001_rnn_type=GRU",5.0,2.0,0.0,GRU,0.1,0.9,0.0001,225,25,121,0.3091533796842889,0.30902854478282715,0.30822797155463666,0.30838442771143126,0.8997224,16,0.35147124394055507,0.3653462940860947,-0.21487604081630707,0.9672623872756958,9.106450080871582,5.986013412475586,0.09263681920138013,0.2087614459839423,0.7073634111694931,0.3324344203401756,0.7251996043390727
OneRoom,"0210_window_len=16_w_neg=5.0_c_neg=2.0_reg_neg=0.0_discount=[0.1,0.9]_lr=0.001_rnn_type=LSTM",5.0,2.0,0.0,LSTM,0.1,0.9,0.001,225,25,121,0.3091533796842889,0.30902854478282715,0.30650189617871637,0.3080789175571279,0.8750073,16,0.3270334301652364,0.37396107601305306,0.05442838370800018,0.954468309879303,9.880420684814453,5.889840126037598,0.09263681920138013,0.1645702161361185,0.7079335576138828,0.3105432083711506,0.7251996043390727
OneRoom,"0211_window_len=16_w_neg=5.0_c_neg=2.0_reg_neg=0.0_discount=[0.1,0.9]_lr=0.001_rnn_type=GRU",5.0,2.0,0.0,GRU,0.1,0.9,0.001,225,25,121,0.3091533796842889,0.30902854478282715,0.29190700963211397,0.3079353358867032,0.8761632,16,0.32959531106159584,0.3613838417172855,0.16314327716827393,0.9141708612442017,11.260167121887207,6.183934688568115,0.09263681920138013,0.08332791466851432,0.7055576603461243,0.33361777564922596,0.7251996043390727
OneRoom,"0212_window_len=16_w_neg=5.0_c_neg=2.0_reg_neg=0.0_discount=[0.3,0.7]_lr=0.0001_rnn_type=LSTM",5.0,2.0,0.0,LSTM,0.3,0.7,0.0001,225,25,121,0.3091533796842889,0.30902854478282715,0.30791038100491325,0.3081477830526541,0.8974184,16,0.34785088082602533,0.3839269538879172,0.23171013593673706,0.9863513112068176,9.571491241455078,7.4740376472473145,0.09263681920138013,0.14833051620347487,0.47403514150368037,0.1911225044752892,0.7251996043390727
OneRoom,"0213_window_len=16_w_neg=5.0_c_neg=2.0_reg_neg=0.0_discount=[0.3,0.7]_lr=0.0001_rnn_type=GRU",5.0,2.0,0.0,GRU,0.3,0.7,0.0001,225,25,121,0.3091533796842889,0.30902854478282715,0.30822290144199693,0.30827305522816706,0.9066593,16,0.3539211015341513,0.3646942603232378,-0.03962627798318863,0.9916173219680786,8.808257102966309,7.600627899169922,0.09263681920138013,0.1884503377560655,0.569854194097348,0.33068953107078997,0.7251996043390727
OneRoom,"0214_window_len=16_w_neg=5.0_c_neg=2.0_reg_neg=0.0_discount=[0.3,0.7]_lr=0.001_rnn_type=LSTM",5.0,2.0,0.0,LSTM,0.3,0.7,0.001,225,25,121,0.3091533796842889,0.30902854478282715,0.3080527130856442,0.30349640874687545,0.85952836,16,0.33823202788885576,0.3399306368913764,-0.033169567584991455,0.9708061814308167,8.27515697479248,5.928565502166748,0.09263681920138013,0.2108272938257487,0.5935339319216334,0.4695365539993577,0.7251996043390727
OneRoom,"0215_window_len=16_w_neg=5.0_c_neg=2.0_reg_neg=0.0_discount=[0.3,0.7]_lr=0.001_rnn_type=GRU",5.0,2.0,0.0,GRU,0.3,0.7,0.001,225,25,121,0.3091533796842889,0.30902854478282715,0.30763568921983925,0.3011616407610255,0.8786866,16,0.35956678207107623,0.3737077373431523,-0.07388407737016678,0.9725180268287659,8.773902893066406,6.060534477233887,0.09263681920138013,0.24976318590368538,0.7036743971662675,0.5884709396289572,0.7251996043390727
OneRoom,"0216_window_len=16_w_neg=5.0_c_neg=2.0_reg_neg=0.1_discount=[0.1,0.9]_lr=0.0001_rnn_type=LSTM",5.0,2.0,0.1,LSTM,0.1,0.9,0.0001,225,25,121,0.3091533796842889,0.30902854478282715,0.30750460637709703,0.3078573302327514,0.8776926,16,0.347910412885987,0.38060987685576,0.05032492056488991,0.9577212929725647,11.157608985900879,6.257674694061279,0.09263681920138013,-0.00567333032931875,0.489687470023826,0.1347411646971176,0.7251996043390727
OneRoom,"0217_window_len=16_w_neg=5.0_c_neg=2.0_reg_neg=0.1_discount=[0.1,0.9]_lr=0.0001_rnn_type=GRU",5.0,2.0,0.1,GRU,0.1,0.9,0.0001,225,25,121,0.3091533796842889,0.30902854478282715,0.3077800482901787,0.3079972012753641,0.9061087,16,0.3464415577327389,0.3664932753238567,0.06009029969573021,0.9691339731216431,9.45631217956543,6.466696739196777,0.09263681920138013,0.18852899844376073,0.7072164247749677,0.24917179533196204,0.7251996043390727
OneRoom,"0218_window_len=16_w_neg=5.0_c_neg=2.0_reg_neg=0.1_discount=[0.1,0.9]_lr=0.001_rnn_type=LSTM",5.0,2.0,0.1,LSTM,0.1,0.9,0.001,225,25,121,0.3091533796842889,0.30902854478282715,0.30709150053408096,0.30730237944618194,0.8449214,16,0.32158134131053895,0.3682510515921989,0.13703370094299316,0.9553253054618835,15.414463996887207,6.415097236633301,0.09263681920138013,0.06735594112566663,0.5905321941459348,0.10795002346684313,0.7251996043390727
OneRoom,"0219_window_len=16_w_neg=5.0_c_neg=2.0_reg_neg=0.1_discount=[0.1,0.9]_lr=0.001_rnn_type=GRU",5.0,2.0,0.1,GRU,0.1,0.9,0.001,225,25,121,0.3091533796842889,0.30902854478282715,0.3067317617320381,0.3077385418553912,0.8467038,16,0.3328863417857535,0.3543978781718115,-0.22610624134540558,0.961212694644928,15.563645362854004,6.529705047607422,0.09263681920138013,0.029736036611215273,0.7068943178713397,0.10918735034263322,0.7251996043390727
OneRoom,"0220_window_len=16_w_neg=5.0_c_neg=2.0_reg_neg=0.1_discount=[0.3,0.7]_lr=0.0001_rnn_type=LSTM",5.0,2.0,0.1,LSTM,0.3,0.7,0.0001,225,25,121,0.3091533796842889,0.30902854478282715,0.3077178130731955,0.30719157468953434,0.92101824,16,0.35259544950056865,0.3784860412038567,0.01228615827858448,0.9876658916473389,9.080382347106934,7.299494743347168,0.09263681920138013,0.26846088878540436,0.5912487528192463,0.37115270365434233,0.7251996043390727
OneRoom,"0221_window_len=16_w_neg=5.0_c_neg=2.0_reg_neg=0.1_discount=[0.3,0.7]_lr=0.0001_rnn_type=GRU",5.0,2.0,0.1,GRU,0.3,0.7,0.0001,225,25,121,0.3091533796842889,0.30902854478282715,0.30851141621128536,0.30867516581267346,0.9017457,16,0.35069859426514244,0.3626328516522922,-0.1988857388496399,0.9919621348381042,8.755837440490723,7.54790735244751,0.09263681920138013,0.17154977321366113,0.3116737404446684,0.17070632394195087,0.7251996043390727
OneRoom,"0222_window_len=16_w_neg=5.0_c_neg=2.0_reg_neg=0.1_discount=[0.3,0.7]_lr=0.001_rnn_type=LSTM",5.0,2.0,0.1,LSTM,0.3,0.7,0.001,225,25,121,0.3091533796842889,0.30902854478282715,0.3074813723862972,0.30827222349820027,0.89290094,16,0.32577849205236153,0.34505830035620116,0.0975702777504921,0.9851870536804199,10.814193725585938,7.717068672180176,0.09263681920138013,0.1898668043001834,0.3319515470675355,0.1899466133190859,0.7251996043390727
OneRoom,"0223_window_len=16_w_neg=5.0_c_neg=2.0_reg_neg=0.1_discount=[0.3,0.7]_lr=0.001_rnn_type=GRU",5.0,2.0,0.1,GRU,0.3,0.7,0.001,225,25,121,0.3091533796842889,0.30902854478282715,0.3070355736497157,0.30780691212011435,0.8475984,16,0.3383942097393676,0.35691797917613816,-0.2094482034444809,0.98746258020401,10.742687225341797,7.595785140991211,0.09263681920138013,0.16868526101722642,0.24808949316914797,0.20828546269854556,0.7251996043390727
OneRoom,"0224_window_len=16_w_neg=15.0_c_neg=1.0_reg_neg=0.0_discount=[0.1,0.9]_lr=0.0001_rnn_type=LSTM",15.0,1.0,0.0,LSTM,0.1,0.9,0.0001,225,25,121,0.3091533796842889,0.30902854478282715,0.3071516432772827,0.30806003663447473,0.9227136,16,0.3476878245843502,0.38556079376492713,0.18907643854618073,0.9705324172973633,11.312430381774902,7.101876258850098,0.09263681920138013,0.1538488218198176,0.5921209103711371,0.22951351339539536,0.7251996043390727
OneRoom,"0225_window_len=16_w_neg=15.0_c_neg=1.0_reg_neg=0.0_discount=[0.1,0.9]_lr=0.0001_rnn_type=GRU",15.0,1.0,0.0,GRU,0.1,0.9,0.0001,225,25,121,0.3091533796842889,0.30902854478282715,0.30829960433558956,0.30835996229698326,0.90462047,16,0.353822224842561,0.3667567565685374,-0.12754949927330017,0.9718577861785889,10.077291488647461,6.682751655578613,0.09263681920138013,0.1703767528854759,0.7041279879931232,0.26832021821251867,0.7251996043390727
OneRoom,"0226_window_len=16_w_neg=15.0_c_neg=1.0_reg_neg=0.0_discount=[0.1,0.9]_lr=0.001_rnn_type=LSTM",15.0,1.0,0.0,LSTM,0.1,0.9,0.001,225,25,121,0.3091533796842889,0.30902854478282715,0.3053902713318644,0.30788118588611335,0.8804971,16,0.32943510841746976,0.35934531506836753,-0.057147007435560226,0.9367592930793762,10.48922061920166,5.362754821777344,0.09263681920138013,0.1290460160748615,0.7197332349337723,0.20975877163742135,0.7251996043390727
OneRoom,"0227_window_len=16_w_neg=15.0_c_neg=1.0_reg_neg=0.0_discount=[0.1,0.9]_lr=0.001_rnn_type=GRU",15.0,1.0,0.0,GRU,0.1,0.9,0.001,225,25,121,0.3091533796842889,0.30902854478282715,0.24479811746082264,0.2307806044476263,0.9002408,16,0.2994762052225979,0.29430634230517205,0.18794165551662445,0.678829550743103,8.962023735046387,5.721139907836914,0.09263681920138013,0.12990506789526945,0.37951266025042296,0.26916484985806544,0.7251996043390727
OneRoom,"0228_window_len=16_w_neg=15.0_c_neg=1.0_reg_neg=0.0_discount=[0.3,0.7]_lr=0.0001_rnn_type=LSTM",15.0,1.0,0.0,LSTM,0.3,0.7,0.0001,225,25,121,0.3091533796842889,0.30902854478282715,0.30793086913625933,0.30817563177694096,0.91301745,16,0.3508405773479699,0.38909959916987774,0.2044440358877182,0.9882723093032837,11.645204544067383,8.821300506591797,0.09263681920138013,0.18917148975420578,0.2690034752808204,0.18953551074689765,0.7251996043390727
OneRoom,"0229_window_len=16_w_neg=15.0_c_neg=1.0_reg_neg=0.0_discount=[0.3,0.7]_lr=0.0001_rnn_type=GRU",15.0,1.0,0.0,GRU,0.3,0.7,0.0001,225,25,121,0.3091533796842889,0.30902854478282715,0.3081945274013118,0.30838341784787177,0.90417796,16,0.35850702559282727,0.37024786070659416,-0.05878524109721184,0.9923989772796631,9.147038459777832,7.832717418670654,0.09263681920138013,0.2307416536215276,0.2713276976442535,0.27017994060262734,0.7251996043390727
OneRoom,"0230_window_len=16_w_neg=15.0_c_neg=1.0_reg_neg=0.0_discount=[0.3,0.7]_lr=0.001_rnn_type=LSTM",15.0,1.0,0.0,LSTM,0.3,0.7,0.001,225,25,121,0.3091533796842889,0.30902854478282715,0.30453394883386303,0.3076464186015084,0.8896675,16,0.3223806802061388,0.3596389615965833,0.09899436682462692,0.962706446647644,7.343082427978516,8.466922760009766,0.09263681920138013,0.18706143116092108,0.2690804134717048,0.37213452683652376,0.7251996043390727
OneRoom,"0231_window_len=16_w_neg=15.0_c_neg=1.0_reg_neg=0.0_discount=[0.3,0.7]_lr=0.001_rnn_type=GRU",15.0,1.0,0.0,GRU,0.3,0.7,0.001,225,25,121,0.3091533796842889,0.30902854478282715,0.3076716453406383,0.30825562826962993,0.86898595,16,0.36991357011764875,0.37296739570712856,0.06372644007205963,0.9867117404937744,8.795919418334961,7.869340896606445,0.09263681920138013,0.11413436118337913,0.22900997016102512,0.11442431481320464,0.7251996043390727
OneRoom,"0232_window_len=16_w_neg=15.0_c_neg=1.0_reg_neg=0.1_discount=[0.1,0.9]_lr=0.0001_rnn_type=LSTM",15.0,1.0,0.1,LSTM,0.1,0.9,0.0001,225,25,121,0.3091533796842889,0.30902854478282715,0.30748810448311675,0.30828672725281697,0.91745204,16,0.3457335642865897,0.377452039197842,0.1215653344988823,0.9606184959411621,13.493188858032227,7.301048278808594,0.09263681920138013,0.13599054905058364,0.5901618573316032,0.24876643441580992,0.7251996043390727
OneRoom,"0233_window_len=16_w_neg=15.0_c_neg=1.0_reg_neg=0.1_discount=[0.1,0.9]_lr=0.0001_rnn_type=GRU",15.0,1.0,0.1,GRU,0.1,0.9,0.0001,225,25,121,0.3091533796842889,0.30902854478282715,0.3084499349783168,0.3079746729591697,0.9031394,16,0.35442028763321043,0.3730293895909125,0.2462327778339386,0.9746536016464233,10.084976196289062,6.943654537200928,0.09263681920138013,0.21211859226827856,0.7072991046218883,0.2703378361436214,0.7251996043390727
OneRoom,"0234_window_len=16_w_neg=15.0_c_neg=1.0_reg_neg=0.1_discount=[0.1,0.9]_lr=0.001_rnn_type=LSTM",15.0,1.0,0.1,LSTM,0.1,0.9,0.001,225,25,121,0.3091533796842889,0.30902854478282715,0.30794610676886136,0.30819164126592863,0.8891038,16,0.3345721394805067,0.3674508607979054,-0.2432875782251358,0.9619752168655396,14.323539733886719,6.880153179168701,0.09263681920138013,0.10053237803374235,0.7075930774109391,0.2497459609355769,0.7251996043390727
OneRoom,"0235_window_len=16_w_neg=15.0_c_neg=1.0_reg_neg=0.1_discount=[0.1,0.9]_lr=0.001_rnn_type=GRU",15.0,1.0,0.1,GRU,0.1,0.9,0.001,225,25,121,0.3091533796842889,0.30902854478282715,0.3078797328254086,0.30757668187118403,0.8944251,16,0.3282481378762831,0.36821496706115286,-0.04997558146715164,0.9508503079414368,14.027911186218262,6.9616217613220215,0.09263681920138013,0.07741991582582848,0.5890175452835987,0.13602786981481857,0.7251996043390727
OneRoom,"0236_window_len=16_w_neg=15.0_c_neg=1.0_reg_neg=0.1_discount=[0.3,0.7]_lr=0.0001_rnn_type=LSTM",15.0,1.0,0.1,LSTM,0.3,0.7,0.0001,225,25,121,0.3091533796842889,0.30902854478282715,0.3084742247225139,0.30881326752465915,0.941558,16,0.3606830027416429,0.3778636236922165,-0.193915456533432,0.9884319305419922,11.127662658691406,8.31341552734375,0.09263681920138013,0.16305327061136796,0.26970395731723057,0.21407362614858727,0.7251996043390727
OneRoom,"0237_window_len=16_w_neg=15.0_c_neg=1.0_reg_neg=0.1_discount=[0.3,0.7]_lr=0.0001_rnn_type=GRU",15.0,1.0,0.1,GRU,0.3,0.7,0.0001,225,25,121,0.3091533796842889,0.30902854478282715,0.3083778915569879,0.30816075854508557,0.90054303,16,0.35598905424034594,0.36965131409741925,-0.2625684440135956,0.9931195974349976,9.69560432434082,8.012625694274902,0.09263681920138013,0.22913226743459508,0.5888384056152709,0.3512704971323658,0.7251996043390727
OneRoom,"0238_window_len=16_w_neg=15.0_c_neg=1.0_reg_neg=0.1_discount=[0.3,0.7]_lr=0.001_rnn_type=LSTM",15.0,1.0,0.1,LSTM,0.3,0.7,0.001,225,25,121,0.3091533796842889,0.30902854478282715,0.308477624272561,0.3078538695006552,0.9042886,16,0.33878293090395256,0.3377613550031967,-0.017469793558120728,0.9910750389099121,10.936896324157715,8.418819427490234,0.09263681920138013,0.17072010391643763,0.3723217048233022,0.3313302998844242,0.7251996043390727
OneRoom,"0239_window_len=16_w_neg=15.0_c_neg=1.0_reg_neg=0.1_discount=[0.3,0.7]_lr=0.001_rnn_type=GRU",15.0,1.0,0.1,GRU,0.3,0.7,0.001,225,25,121,0.3091533796842889,0.30902854478282715,0.3083325581618386,0.3081049444473854,0.9366105,16,0.35107653040838666,0.36287280274418343,0.056178800761699677,0.9855394959449768,11.758920669555664,8.136454582214355,0.09263681920138013,0.11609743338213846,0.19192346549233197,0.1684303314892214,0.7251996043390727
OneRoom,"0240_window_len=16_w_neg=15.0_c_neg=2.0_reg_neg=0.0_discount=[0.1,0.9]_lr=0.0001_rnn_type=LSTM",15.0,2.0,0.0,LSTM,0.1,0.9,0.0001,225,25,121,0.3091533796842889,0.30902854478282715,0.30889725411066055,0.3080067207533176,0.9107628,16,0.36715466570638416,0.38346341747253765,-0.09700506925582886,0.9688918590545654,10.75316047668457,7.2948431968688965,0.09263681920138013,0.15169110748143286,0.3706841845217925,0.20901637551194732,0.7251996043390727
OneRoom,"0241_window_len=16_w_neg=15.0_c_neg=2.0_reg_neg=0.0_discount=[0.1,0.9]_lr=0.0001_rnn_type=GRU",15.0,2.0,0.0,GRU,0.1,0.9,0.0001,225,25,121,0.3091533796842889,0.30902854478282715,0.30847189527435237,0.3076354326524394,0.87823886,16,0.35873933556523857,0.37296942336661565,0.10427258163690567,0.9737096428871155,10.850083351135254,7.457429885864258,0.09263681920138013,0.09296889453732335,0.4890271795796689,0.20844106157712516,0.7251996043390727
OneRoom,"0242_window_len=16_w_neg=15.0_c_neg=2.0_reg_neg=0.0_discount=[0.1,0.9]_lr=0.001_rnn_type=LSTM",15.0,2.0,0.0,LSTM,0.1,0.9,0.001,225,25,121,0.3091533796842889,0.30902854478282715,0.30872754558367055,0.3081697274017298,0.8885298,16,0.3464399973660399,0.36643640991597254,0.03819593787193298,0.96427321434021,12.232836723327637,7.442373752593994,0.09263681920138013,0.18936326106581317,0.5922506717975541,0.22919772231340715,0.7251996043390727
OneRoom,"0243_window_len=16_w_neg=15.0_c_neg=2.0_reg_neg=0.0_discount=[0.1,0.9]_lr=0.001_rnn_type=GRU",15.0,2.0,0.0,GRU,0.1,0.9,0.001,225,25,121,0.3091533796842889,0.30902854478282715,0.30797914222915423,0.30724181500342784,0.85732377,16,0.3389627471632224,0.365889986347535,0.10106801241636276,0.9688075184822083,12.327326774597168,7.372971057891846,0.09263681920138013,0.09049998244177931,0.4913175261724886,0.22902834346034076,0.7251996043390727
OneRoom,"0244_window_len=16_w_neg=15.0_c_neg=2.0_reg_neg=0.0_discount=[0.3,0.7]_lr=0.0001_rnn_type=LSTM",15.0,2.0,0.0,LSTM,0.3,0.7,0.0001,225,25,121,0.3091533796842889,0.30902854478282715,0.30819742379986137,0.3084155375756308,0.9206656,16,0.3869280480133514,0.3903669428128721,0.0246660765260458,0.9922805428504944,10.001846313476562,8.416459083557129,0.09263681920138013,0.1707430705405822,0.24838576262061324,0.18936211273460593,0.7251996043390727
OneRoom,"0245_window_len=16_w_neg=15.0_c_neg=2.0_reg_neg=0.0_discount=[0.3,0.7]_lr=0.0001_rnn_type=GRU",15.0,2.0,0.0,GRU,0.3,0.7,0.0001,225,25,121,0.3091533796842889,0.30902854478282715,0.3079459655905967,0.30854360947196086,0.9165273,16,0.36668600684904745,0.3740548757642332,-0.05164416879415512,0.9931164383888245,9.689927101135254,8.261367797851562,0.09263681920138013,0.17102670834876796,0.22897666855601542,0.18937818937150713,0.7251996043390727
OneRoom,"0246_window_len=16_w_neg=15.0_c_neg=2.0_reg_neg=0.0_discount=[0.3,0.7]_lr=0.001_rnn_type=LSTM",15.0,2.0,0.0,LSTM,0.3,0.7,0.001,225,25,121,0.3091533796842889,0.30902854478282715,0.3081124948214155,0.3082268294207843,0.8892566,16,0.34188099134001504,0.3733215077412715,-0.02960696816444397,0.9900075793266296,10.320557594299316,8.291930198669434,0.09263681920138013,0.13518269804629746,0.2299079651650788,0.19111676281925302,0.7251996043390727
OneRoom,"0247_window_len=16_w_neg=15.0_c_neg=2.0_reg_neg=0.0_discount=[0.3,0.7]_lr=0.001_rnn_type=GRU",15.0,2.0,0.0,GRU,0.3,0.7,0.001,225,25,121,0.3091533796842889,0.30902854478282715,0.3085479400485533,0.3080326424350428,0.91007453,16,0.357276809446589,0.36596615349682776,-0.1414574831724167,0.9819586873054504,10.9388427734375,8.417656898498535,0.09263681920138013,0.05068619115591547,0.2477869078960429,0.16954708358825238,0.7251996043390727
OneRoom,"0248_window_len=16_w_neg=15.0_c_neg=2.0_reg_neg=0.1_discount=[0.1,0.9]_lr=0.0001_rnn_type=LSTM",15.0,2.0,0.1,LSTM,0.1,0.9,0.0001,225,25,121,0.3091533796842889,0.30902854478282715,0.30753940869784374,0.30787002870569957,0.87187225,16,0.37085790120725454,0.39879788833050434,0.12704958021640778,0.9686234593391418,9.968334197998047,7.327631950378418,0.09263681920138013,0.18887062697791157,0.48804937555671263,0.26810433194555944,0.7251996043390727
OneRoom,"0249_window_len=16_w_neg=15.0_c_neg=2.0_reg_neg=0.1_discount=[0.1,0.9]_lr=0.0001_rnn_type=GRU",15.0,2.0,0.1,GRU,0.1,0.9,0.0001,225,25,121,0.3091533796842889,0.30902854478282715,0.3082445722721604,0.30789043701803115,0.8950082,16,0.37928478627843043,0.38922710896629903,0.032589223235845566,0.9768475890159607,10.365859031677246,7.267669200897217,0.09263681920138013,0.15188345295864383,0.5897823338676138,0.22859312593280068,0.7251996043390727
OneRoom,"0250_window_len=16_w_neg=15.0_c_neg=2.0_reg_neg=0.1_discount=[0.1,0.9]_lr=0.001_rnn_type=LSTM",15.0,2.0,0.1,LSTM,0.1,0.9,0.001,225,25,121,0.3091533796842889,0.30902854478282715,0.30871583870158426,0.30830784696833075,0.9028532,16,0.34351483001664773,0.3513865825076054,0.17603860795497894,0.9701502919197083,12.92562484741211,7.806730270385742,0.09263681920138013,0.17412260928345946,0.26976137387759214,0.1894493859063554,0.7251996043390727
OneRoom,"0251_window_len=16_w_neg=15.0_c_neg=2.0_reg_neg=0.1_discount=[0.1,0.9]_lr=0.001_rnn_type=GRU",15.0,2.0,0.1,GRU,0.1,0.9,0.001,225,25,121,0.3091533796842889,0.30902854478282715,0.30882934401147705,0.30781273803857256,0.89790297,16,0.3387438518647689,0.3684911331780646,0.06000237539410591,0.9586561322212219,14.120521545410156,7.625066757202148,0.09263681920138013,0.07142390442727814,0.48777836939180647,0.20953369872080435,0.7251996043390727
OneRoom,"0252_window_len=16_w_neg=15.0_c_neg=2.0_reg_neg=0.1_discount=[0.3,0.7]_lr=0.0001_rnn_type=LSTM",15.0,2.0,0.1,LSTM,0.3,0.7,0.0001,225,25,121,0.3091533796842889,0.30902854478282715,0.30829123484907617,0.3085295697648817,0.88272315,16,0.3850188478177692,0.39063679526919426,-0.24366174638271332,0.9952772259712219,9.382157325744629,8.296688079833984,0.09263681920138013,0.09185041994148155,0.22918221984210954,0.2293033687844723,0.7251996043390727
OneRoom,"0253_window_len=16_w_neg=15.0_c_neg=2.0_reg_neg=0.1_discount=[0.3,0.7]_lr=0.0001_rnn_type=GRU",15.0,2.0,0.1,GRU,0.3,0.7,0.0001,225,25,121,0.3091533796842889,0.30902854478282715,0.308481930581764,0.30861824761944595,0.9079665,16,0.37087786511555443,0.38911412310501237,-0.20274339616298676,0.9950271248817444,9.336933135986328,8.303585052490234,0.09263681920138013,0.15145225459032904,0.3305500088291115,0.18868861648156565,0.7251996043390727
OneRoom,"0254_window_len=16_w_neg=15.0_c_neg=2.0_reg_neg=0.1_discount=[0.3,0.7]_lr=0.001_rnn_type=LSTM",15.0,2.0,0.1,LSTM,0.3,0.7,0.001,225,25,121,0.3091533796842889,0.30902854478282715,0.308308302314844,0.30826456703377125,0.9075626,16,0.3553598642527859,0.36510107454544266,-0.3305386006832123,0.9913964867591858,10.892743110656738,8.788251876831055,0.09263681920138013,0.1696860316643272,0.22795982127201345,0.1883596195906943,0.7251996043390727
OneRoom,"0255_window_len=16_w_neg=15.0_c_neg=2.0_reg_neg=0.1_discount=[0.3,0.7]_lr=0.001_rnn_type=GRU",15.0,2.0,0.1,GRU,0.3,0.7,0.001,225,25,121,0.3091533796842889,0.30902854478282715,0.3085852558945012,0.30853041284372684,0.90870553,16,0.3384187824118482,0.3454487214459303,0.0022508064284920692,0.9887199401855469,12.223921775817871,9.001943588256836,0.09263681920138013,0.1050958462512735,0.13014209821216233,0.13073176628707484,0.7251996043390727
TwoRoom,"0000_window_len=1_w_neg=5.0_c_neg=1.0_reg_neg=0.0_discount=[0.1,0.9]_lr=0.0001_rnn_type=LSTM",5.0,1.0,0.0,LSTM,0.1,0.9,0.0001,212,61,66,0.48950962062228376,0.47427855675946623,0.4318032063801197,0.24691124937146464,0.4195001,1,0.4318032063801197,0.24691124937146464,0.029553070664405823,0.686759352684021,7.2204203605651855,3.0384633541107178,0.21890472444479378,0.14909554029746197,-0.18960108348801166,0.14909554029746197,0.2948946404216112
TwoRoom,"0001_window_len=1_w_neg=5.0_c_neg=1.0_reg_neg=0.0_discount=[0.1,0.9]_lr=0.0001_rnn_type=GRU",5.0,1.0,0.0,GRU,0.1,0.9,0.0001,212,61,66,0.48950962062228376,0.47427855675946623,0.43390742291196416,0.3006396375562227,0.5118831,1,0.43390742291196416,0.3006396375562227,-0.0016098491614684463,0.6584334373474121,7.304869174957275,2.081655740737915,0.21890472444479378,0.11517451254236805,0.08487663556739929,0.11517451254236805,0.2948946404216112
TwoRoom,"0002_window_len=1_w_neg=5.0_c_neg=1.0_reg_neg=0.0_discount=[0.1,0.9]_lr=0.001_rnn_type=LSTM",5.0,1.0,0.0,LSTM,0.1,0.9,0.001,212,61,66,0.48950962062228376,0.47427855675946623,0.4092893321698782,0.14831532441383105,0.19454592,1,0.4092893321698782,0.14831532441383105,-0.26610153913497925,0.01399037055671215,7.22488260269165,1.4142323732376099,0.21890472444479378,0.14710569306370475,0.08167379978318906,0.14710569306370475,0.2948946404216112
TwoRoom,"0003_window_len=1_w_neg=5.0_c_neg=1.0_reg_neg=0.0_discount=[0.1,0.9]_lr=0.001_rnn_type=GRU",5.0,1.0,0.0,GRU,0.1,0.9,0.001,212,61,66,0.48950962062228376,0.47427855675946623,0.4033808427538631,0.13529965583293874,0.14501822,1,0.4033808427538631,0.13529965583293874,0.05638374015688896,0.07013606280088425,7.355024814605713,1.0,0.21890472444479378,0.18298899363068943,nan,0.18298899363068943,0.2948946404216112
TwoRoom,"0004_window_len=1_w_neg=5.0_c_neg=1.0_reg_neg=0.0_discount=[0.3,0.7]_lr=0.0001_rnn_type=LSTM",5.0,1.0,0.0,LSTM,0.3,0.7,0.0001,212,61,66,0.48950962062228376,0.47427855675946623,0.4182622154309362,0.3532434721261599,0.6144836,1,0.4182622154309362,0.3532434721261599,0.14907558262348175,0.67471843957901,6.100645542144775,2.98016357421875,0.21890472444479378,0.08307532042733352,0.026686910241714813,0.09339649065850422,0.2948946404216112
TwoRoom,"0005_window_len=1_w_neg=5.0_c_neg=1.0_reg_neg=0.0_discount=[0.3,0.7]_lr=0.0001_rnn_type=GRU",5.0,1.0,0.0,GRU,0.3,0.7,0.0001,212,61,66,0.48950962062228376,0.47427855675946623,0.4234908244376962,0.3478354882989282,0.55308163,1,0.4234908244376962,0.3478354882989282,0.19759435951709747,0.6787250638008118,6.031407833099365,2.8653790950775146,0.21890472444479378,0.0537098436708253,0.0886023888474926,0.07396870728953575,0.2948946404216112
TwoRoom,"0006_window_len=1_w_neg=5.0_c_neg=1.0_reg_neg=0.0_discount=[0.3,0.7]_lr=0.001_rnn_type=LSTM",5.0,1.0,0.0,LSTM,0.3,0.7,0.001,212,61,66,0.48950962062228376,0.47427855675946623,0.40521633075541974,0.3845757865174714,0.6989456,1,0.40521633075541974,0.3845757865174714,-0.02913380041718483,0.6786646842956543,6.0237507820129395,2.8686537742614746,0.21890472444479378,0.058478936122469696,0.07271310919617557,0.0711798430872766,0.2948946404216112
TwoRoom,"0007_window_len=1_w_neg=5.0_c_neg=1.0_reg_neg=0.0_discount=[0.3,0.7]_lr=0.001_rnn_type=GRU",5.0,1.0,0.0,GRU,0.3,0.7,0.001,212,61,66,0.48950962062228376,0.47427855675946623,0.4125384423155773,0.3760164551883881,0.688706,1,0.4125384423155773,0.3760164551883881,-0.008431319147348404,0.6730600595474243,6.28712797164917,2.9634180068969727,0.21890472444479378,0.11136411219980102,0.04792562773512107,0.045821635220149266,0.2948946404216112
TwoRoom,"0008_window_len=1_w_neg=5.0_c_neg=1.0_reg_neg=0.1_discount=[0.1,0.9]_lr=0.0001_rnn_type=LSTM",5.0,1.0,0.1,LSTM,0.1,0.9,0.0001,212,61,66,0.48950962062228376,0.47427855675946623,0.43221616218018016,0.28952465096800367,0.47683463,1,0.43221616218018016,0.28952465096800367,-0.13483920693397522,0.3178582191467285,7.579321384429932,1.0013136863708496,0.21890472444479378,0.1650598480268807,0.29793649814187795,0.1650598480268807,0.2948946404216112
TwoRoom,"0009_window_len=1_w_neg=5.0_c_neg=1.0_reg_neg=0.1_discount=[0.1,0.9]_lr=0.0001_rnn_type=GRU",5.0,1.0,0.1,GRU,0.1,0.9,0.0001,212,61,66,0.48950962062228376,0.47427855675946623,0.4383018459191243,0.27781626306597196,0.46921563,1,0.4383018459191243,0.27781626306597196,0.042617470026016235,0.5218349695205688,7.592644214630127,1.692376971244812,0.21890472444479378,0.12526675094548484,-0.09840669898507376,0.12526675094548484,0.2948946404216112
TwoRoom,"0010_window_len=1_w_neg=5.0_c_neg=1.0_reg_neg=0.1_discount=[0.1,0.9]_lr=0.001_rnn_type=LSTM",5.0,1.0,0.1,LSTM,0.1,0.9,0.001,212,61,66,0.48950962062228376,0.47427855675946623,0.4127512784656765,0.2579044917012868,0.48941603,1,0.4127512784656765,0.2579044917012868,0.01262186374515295,0.3896827697753906,7.402929782867432,1.033363699913025,0.21890472444479378,0.16545935651113167,0.45625518455191794,0.16545935651113167,0.2948946404216112
TwoRoom,"0011_window_len=1_w_neg=5.0_c_neg=1.0_reg_neg=0.1_discount=[0.1,0.9]_lr=0.001_rnn_type=GRU",5.0,1.0,0.1,GRU,0.1,0.9,0.001,212,61,66,0.48950962062228376,0.47427855675946623,0.42026416285624746,0.15162624883060605,0.13866255,1,0.42026416285624746,0.15162624883060605,0.15163572132587433,0.07565250247716904,7.196230888366699,1.0,0.21890472444479378,0.09470082493934928,nan,0.09470082493934928,0.2948946404216112
TwoRoom,"0012_window_len=1_w_neg=5.0_c_neg=1.0_reg_neg=0.1_discount=[0.3,0.7]_lr=0.0001_rnn_type=LSTM",5.0,1.0,0.1,LSTM,0.3,0.7,0.0001,212,61,66,0.48950962062228376,0.47427855675946623,0.41563164635415467,0.37523733982485724,0.6130659,1,0.41563164635415467,0.37523733982485724,0.17010317742824554,0.708145260810852,6.2572455406188965,2.916670560836792,0.21890472444479378,0.11405165643334164,0.04680213036046987,0.12527893499235604,0.2948946404216112
TwoRoom,"0013_window_len=1_w_neg=5.0_c_neg=1.0_reg_neg=0.1_discount=[0.3,0.7]_lr=0.0001_rnn_type=GRU",5.0,1.0,0.1,GRU,0.3,0.7,0.0001,212,61,66,0.48950962062228376,0.47427855675946623,0.42005125057195347,0.3532109559302904,0.59219086,1,0.42005125057195347,0.3532109559302904,-0.04771582409739494,0.6633753776550293,6.052051067352295,2.8826711177825928,0.21890472444479378,0.14681584100129472,0.09126235865916678,0.08793675512894925,0.2948946404216112
TwoRoom,"0014_window_len=1_w_neg=5.0_c_neg=1.0_reg_neg=0.1_discount=[0.3,0.7]_lr=0.001_rnn_type=LSTM",5.0,1.0,0.1,LSTM,0.3,0.7,0.001,212,61,66,0.48950962062228376,0.47427855675946623,0.41136462252173145,0.3597374755744809,0.68118745,1,0.41136462252173145,0.3597374755744809,0.11736756563186646,0.6889652609825134,6.040615081787109,2.8941221237182617,0.21890472444479378,0.11495006957368772,0.0751184965548038,0.06441513201125175,0.2948946404216112
TwoRoom,"0015_window_len=1_w_neg=5.0_c_neg=1.0_reg_neg=0.1_discount=[0.3,0.7]_lr=0.001_rnn_type=GRU",5.0,1.0,0.1,GRU,0.3,0.7,0.001,212,61,66,0.48950962062228376,0.47427855675946623,0.40079040116748255,0.3450935066580564,0.63837403,1,0.40079040116748255,0.3450935066580564,-0.22755849361419678,0.5110387802124023,6.14832067489624,1.9970884323120117,0.21890472444479378,0.0975858789853286,0.22739920321065188,0.159077481013113,0.2948946404216112
TwoRoom,"0016_window_len=1_w_neg=5.0_c_neg=2.0_reg_neg=0.0_discount=[0.1,0.9]_lr=0.0001_rnn_type=LSTM",5.0,2.0,0.0,LSTM,0.1,0.9,0.0001,212,61,66,0.48950962062228376,0.47427855675946623,0.4593589280762432,0.4128667598101729,0.7021719,1,0.4593589280762432,0.4128667598101729,0.015550424344837666,0.6388022303581238,15.224376678466797,4.076457977294922,0.21890472444479378,0.06658325108870362,0.12872637899128575,0.11143016255915551,0.2948946404216112
TwoRoom,"0017_window_len=1_w_neg=5.0_c_neg=2.0_reg_neg=0.0_discount=[0.1,0.9]_lr=0.0001_rnn_type=GRU",5.0,2.0,0.0,GRU,0.1,0.9,0.0001,212,61,66,0.48950962062228376,0.47427855675946623,0.4732965963380977,0.4168726892347377,0.7119927,1,0.4732965963380977,0.4168726892347377,-0.042954202741384506,0.636557936668396,17.075754165649414,4.494418144226074,0.21890472444479378,0.07777333624147958,0.1894298655661898,0.08508055803608598,0.2948946404216112
TwoRoom,"0018_window_len=1_w_neg=5.0_c_neg=2.0_reg_neg=0.0_discount=[0.1,0.9]_lr=0.001_rnn_type=LSTM",5.0,2.0,0.0,LSTM,0.1,0.9,0.001,212,61,66,0.48950962062228376,0.47427855675946623,0.47310401064762536,0.4162161650768855,0.74592483,1,0.47310401064762536,0.4162161650768855,-0.05877867341041565,0.6541724801063538,16.9625244140625,4.508070468902588,0.21890472444479378,0.12711616100741066,0.1972282968293937,0.12320187563362588,0.2948946404216112
TwoRoom,"0019_window_len=1_w_neg=5.0_c_neg=2.0_reg_neg=0.0_discount=[0.1,0.9]_lr=0.001_rnn_type=GRU",5.0,2.0,0.0,GRU,0.1,0.9,0.001,212,61,66,0.48950962062228376,0.47427855675946623,0.4714254911694435,0.4020924898850969,0.7230604,1,0.4714254911694435,0.4020924898850969,-0.2039402276277542,0.6365048885345459,17.202674865722656,4.520472526550293,0.21890472444479378,0.03451419845803476,0.17439731678960682,0.05755230729463237,0.2948946404216112
TwoRoom,"0020_window_len=1_w_neg=5.0_c_neg=2.0_reg_neg=0.0_discount=[0.3,0.7]_lr=0.0001_rnn_type=LSTM",5.0,2.0,0.0,LSTM,0.3,0.7,0.0001,212,61,66,0.48950962062228376,0.47427855675946623,0.46497930604288645,0.4373412599651223,0.8069785,1,0.46497930604288645,0.4373412599651223,-0.23139894008636475,0.9292787313461304,14.751232147216797,9.011136054992676,0.21890472444479378,0.12814282727271692,0.1635939148085858,0.1293907301785795,0.2948946404216112
TwoRoom,"0021_window_len=1_w_neg=5.0_c_neg=2.0_reg_neg=0.0_discount=[0.3,0.7]_lr=0.0001_rnn_type=GRU",5.0,2.0,0.0,GRU,0.3,0.7,0.0001,212,61,66,0.48950962062228376,0.47427855675946623,0.47498189595056683,0.44719580951006294,0.8140796,1,0.47498189595056683,0.44719580951006294,-0.09568475186824799,0.90810626745224,15.00652027130127,8.216554641723633,0.21890472444479378,0.1282043887726978,0.14931934200051747,0.14063852923758752,0.2948946404216112
TwoRoom,"0022_window_len=1_w_neg=5.0_c_neg=2.0_reg_neg=0.0_discount=[0.3,0.7]_lr=0.001_rnn_type=LSTM",5.0,2.0,0.0,LSTM,0.3,0.7,0.001,212,61,66,0.48950962062228376,0.47427855675946623,0.45672954384657505,0.43617186842121136,0.8155028,1,0.45672954384657505,0.43617186842121136,-0.1206664890050888,0.9389362931251526,15.376362800598145,9.742666244506836,0.21890472444479378,0.10479306334246606,0.15226659881210247,0.10975838307529953,0.2948946404216112
TwoRoom,"0023_window_len=1_w_neg=5.0_c_neg=2.0_reg_neg=0.0_discount=[0.3,0.7]_lr=0.001_rnn_type=GRU",5.0,2.0,0.0,GRU,0.3,0.7,0.001,212,61,66,0.48950962062228376,0.47427855675946623,0.47488360040794964,0.45279460522544923,0.8183495,1,0.47488360040794964,0.45279460522544923,-0.09862641245126724,0.9218036532402039,16.24248695373535,9.313926696777344,0.21890472444479378,0.10540996087352454,0.16662966627639333,0.13402643938026532,0.2948946404216112
TwoRoom,"0024_window_len=1_w_neg=5.0_c_neg=2.0_reg_neg=0.1_discount=[0.1,0.9]_lr=0.0001_rnn_type=LSTM",5.0,2.0,0.1,LSTM,0.1,0.9,0.0001,212,61,66,0.48950962062228376,0.47427855675946623,0.46508209405740397,0.4141047623037345,0.7397278,1,0.46508209405740397,0.4141047623037345,-0.12145549058914185,0.6514341235160828,16.096240997314453,4.552048683166504,0.21890472444479378,0.0834068547553556,0.21855230265089848,0.12138003999356649,0.2948946404216112
TwoRoom,"0025_window_len=1_w_neg=5.0_c_neg=2.0_reg_neg=0.1_discount=[0.1,0.9]_lr=0.0001_rnn_type=GRU",5.0,2.0,0.1,GRU,0.1,0.9,0.0001,212,61,66,0.48950962062228376,0.47427855675946623,0.4688688860705451,0.4060551309981271,0.70327204,1,0.4688688860705451,0.4060551309981271,0.08667812496423721,0.649181604385376,15.261696815490723,4.159303665161133,0.21890472444479378,0.1424667775338949,0.21403651012105043,0.149523905734829,0.2948946404216112
TwoRoom,"0026_window_len=1_w_neg=5.0_c_neg=2.0_reg_neg=0.1_discount=[0.1,0.9]_lr=0.001_rnn_type=LSTM",5.0,2.0,0.1,LSTM,0.1,0.9,0.001,212,61,66,0.48950962062228376,0.47427855675946623,0.472035715560969,0.4262146810125646,0.74848425,1,0.472035715560969,0.4262146810125646,0.2524753212928772,0.6518422365188599,16.74424934387207,4.363009452819824,0.21890472444479378,0.09793152115709629,0.13849285445700366,0.14303365634621895,0.2948946404216112
TwoRoom,"0027_window_len=1_w_neg=5.0_c_neg=2.0_reg_neg=0.1_discount=[0.1,0.9]_lr=0.001_rnn_type=GRU",5.0,2.0,0.1,GRU,0.1,0.9,0.001,212,61,66,0.48950962062228376,0.47427855675946623,0.47439878762243354,0.40308470982970845,0.710886,1,0.47439878762243354,0.40308470982970845,-0.16477550566196442,0.63175368309021,16.819744110107422,4.527922630310059,0.21890472444479378,0.11168602754345108,0.2799874733037004,0.13533141492673517,0.2948946404216112
TwoRoom,"0028_window_len=1_w_neg=5.0_c_neg=2.0_reg_neg=0.1_discount=[0.3,0.7]_lr=0.0001_rnn_type=LSTM",5.0,2.0,0.1,LSTM,0.3,0.7,0.0001,212,61,66,0.48950962062228376,0.47427855675946623,0.47536215085958267,0.45272690128650594,0.8338688,1,0.47536215085958267,0.45272690128650594,-0.16876696050167084,0.9147123694419861,15.569361686706543,8.75331974029541,0.21890472444479378,0.1484081035476754,0.17119355372810144,0.12690903221059996,0.2948946404216112
TwoRoom,"0029_window_len=1_w_neg=5.0_c_neg=2.0_reg_neg=0.1_discount=[0.3,0.7]_lr=0.0001_rnn_type=GRU",5.0,2.0,0.1,GRU,0.3,0.7,0.0001,212,61,66,0.48950962062228376,0.47427855675946623,0.4746000370956396,0.4366123356295736,0.79141724,1,0.4746000370956396,0.4366123356295736,-0.15270979702472687,0.9079578518867493,14.654126167297363,8.061124801635742,0.21890472444479378,0.09738388031351632,0.16356056899609617,0.11680012090123836,0.2948946404216112
TwoRoom,"0030_window_len=1_w_neg=5.0_c_neg=2.0_reg_neg=0.1_discount=[0.3,0.7]_lr=0.001_rnn_type=LSTM",5.0,2.0,0.1,LSTM,0.3,0.7,0.001,212,61,66,0.48950962062228376,0.47427855675946623,0.474843543259431,0.4657569508520664,0.86307085,1,0.474843543259431,0.4657569508520664,-0.0657992735505104,0.9354627132415771,15.403307914733887,9.112509727478027,0.21890472444479378,0.0895084971753363,0.11163408502784221,0.10344319920226014,0.2948946404216112
TwoRoom,"0031_window_len=1_w_neg=5.0_c_neg=2.0_reg_neg=0.1_discount=[0.3,0.7]_lr=0.001_rnn_type=GRU",5.0,2.0,0.1,GRU,0.3,0.7,0.001,212,61,66,0.48950962062228376,0.47427855675946623,0.4765517781668245,0.44386896432910844,0.7873822,1,0.4765517781668245,0.44386896432910844,0.030011065304279327,0.9167185425758362,15.91098403930664,8.796001434326172,0.21890472444479378,0.09296876648676203,0.14267583012758003,0.1060820072483159,0.2948946404216112
TwoRoom,"0032_window_len=1_w_neg=15.0_c_neg=1.0_reg_neg=0.0_discount=[0.1,0.9]_lr=0.0001_rnn_type=LSTM",15.0,1.0,0.0,LSTM,0.1,0.9,0.0001,212,61,66,0.48950962062228376,0.47427855675946623,0.4742573283616732,0.44386609013517064,0.8266493,1,0.4742573283616732,0.44386609013517064,-0.05158412829041481,0.900314450263977,18.35811424255371,10.549799919128418,0.21890472444479378,0.06144543090279871,0.20886790918515508,0.10226134665575207,0.2948946404216112
TwoRoom,"0033_window_len=1_w_neg=15.0_c_neg=1.0_reg_neg=0.0_discount=[0.1,0.9]_lr=0.0001_rnn_type=GRU",15.0,1.0,0.0,GRU,0.1,0.9,0.0001,212,61,66,0.48950962062228376,0.47427855675946623,0.47307500478694486,0.46139561306818583,0.8495695,1,0.47307500478694486,0.46139561306818583,0.0667903944849968,0.8921346068382263,18.251739501953125,10.006436347961426,0.21890472444479378,0.05815509698194523,0.17117239196248302,0.07172299507148297,0.2948946404216112
TwoRoom,"0034_window_len=1_w_neg=15.0_c_neg=1.0_reg_neg=0.0_discount=[0.1,0.9]_lr=0.001_rnn_type=LSTM",15.0,1.0,0.0,LSTM,0.1,0.9,0.001,212,61,66,0.48950962062228376,0.47427855675946623,0.4717959432529609,0.47556044978864787,0.9000832,1,0.4717959432529609,0.47556044978864787,0.11638923734426498,0.9274462461471558,18.060474395751953,11.76720142364502,0.21890472444479378,0.07100541883733073,0.13890069939437702,0.06672432952615984,0.2948946404216112
TwoRoom,"0035_window_len=1_w_neg=15.0_c_neg=1.0_reg_neg=0.0_discount=[0.1,0.9]_lr=0.001_rnn_type=GRU",15.0,1.0,0.0,GRU,0.1,0.9,0.001,212,61,66,0.48950962062228376,0.47427855675946623,0.4743846145211963,0.4744834234575609,0.89026034,1,0.4743846145211963,0.4744834234575609,-0.01886528916656971,0.9375846982002258,18.201396942138672,11.87082576751709,0.21890472444479378,0.05722846815410791,0.12443567069574284,0.06695518515108817,0.2948946404216112
TwoRoom,"0036_window_len=1_w_neg=15.0_c_neg=1.0_reg_neg=0.0_discount=[0.3,0.7]_lr=0.0001_rnn_type=LSTM",15.0,1.0,0.0,LSTM,0.3,0.7,0.0001,212,61,66,0.48950962062228376,0.47427855675946623,0.4753345897972232,0.47821432794458324,0.95847815,1,0.4753345897972232,0.47821432794458324,-0.011029683984816074,0.9959057569503784,17.882488250732422,16.531824111938477,0.21890472444479378,0.03716454928533693,0.10015863667202984,0.05421900857691723,0.2948946404216112
TwoRoom,"0037_window_len=1_w_neg=15.0_c_neg=1.0_reg_neg=0.0_discount=[0.3,0.7]_lr=0.0001_rnn_type=GRU",15.0,1.0,0.0,GRU,0.3,0.7,0.0001,212,61,66,0.48950962062228376,0.47427855675946623,0.47321396286527834,0.47551591124122383,0.90783083,1,0.47321396286527834,0.47551591124122383,-0.110514335334301,0.9762426614761353,17.86968421936035,15.265103340148926,0.21890472444479378,0.06367447021460669,0.13891608976937225,0.09330350714290808,0.2948946404216112
TwoRoom,"0038_window_len=1_w_neg=15.0_c_neg=1.0_reg_neg=0.0_discount=[0.3,0.7]_lr=0.001_rnn_type=LSTM",15.0,1.0,0.0,LSTM,0.3,0.7,0.001,212,61,66,0.48950962062228376,0.47427855675946623,0.45672245623023666,0.45949834558028624,0.93753767,1,0.45672245623023666,0.45949834558028624,-0.11571988463401794,0.9885830879211426,17.723722457885742,15.859238624572754,0.21890472444479378,0.08502412666110351,0.1020054816714565,0.07458560482059423,0.2948946404216112
TwoRoom,"0039_window_len=1_w_neg=15.0_c_neg=1.0_reg_neg=0.0_discount=[0.3,0.7]_lr=0.001_rnn_type=GRU",15.0,1.0,0.0,GRU,0.3,0.7,0.001,212,61,66,0.48950962062228376,0.47427855675946623,0.4741798066110376,0.4792777452292813,0.94795686,1,0.4741798066110376,0.4792777452292813,-0.039119090884923935,0.9951536059379578,17.959003448486328,16.611127853393555,0.21890472444479378,0.10212668087454387,0.12467678657066798,0.11472819166750661,0.2948946404216112
TwoRoom,"0040_window_len=1_w_neg=15.0_c_neg=1.0_reg_neg=0.1_discount=[0.1,0.9]_lr=0.0001_rnn_type=LSTM",15.0,1.0,0.1,LSTM,0.1,0.9,0.0001,212,61,66,0.48950962062228376,0.47427855675946623,0.47674637438758616,0.45686534897133824,0.85184467,1,0.47674637438758616,0.45686534897133824,-0.015070919878780842,0.9215216636657715,18.125993728637695,10.903861999511719,0.21890472444479378,0.07591687225768093,0.2580093765448987,0.0950573686267386,0.2948946404216112
TwoRoom,"0041_window_len=1_w_neg=15.0_c_neg=1.0_reg_neg=0.1_discount=[0.1,0.9]_lr=0.0001_rnn_type=GRU",15.0,1.0,0.1,GRU,0.1,0.9,0.0001,212,61,66,0.48950962062228376,0.47427855675946623,0.4741097797434054,0.4442199905848244,0.8228564,1,0.4741097797434054,0.4442199905848244,0.11909328401088715,0.8877158164978027,18.14531135559082,9.95337963104248,0.21890472444479378,0.07963493035027662,0.1735476398367456,0.06726684024474142,0.2948946404216112
TwoRoom,"0042_window_len=1_w_neg=15.0_c_neg=1.0_reg_neg=0.1_discount=[0.1,0.9]_lr=0.001_rnn_type=LSTM",15.0,1.0,0.1,LSTM,0.1,0.9,0.001,212,61,66,0.48950962062228376,0.47427855675946623,0.47435679320468854,0.4796191377028614,0.90839356,1,0.47435679320468854,0.4796191377028614,0.09332437068223953,0.962197482585907,18.1584529876709,13.365801811218262,0.21890472444479378,0.021123930946566886,0.13385522145844345,0.04271534453361364,0.2948946404216112
TwoRoom,"0043_window_len=1_w_neg=15.0_c_neg=1.0_reg_neg=0.1_discount=[0.1,0.9]_lr=0.001_rnn_type=GRU",15.0,1.0,0.1,GRU,0.1,0.9,0.001,212,61,66,0.48950962062228376,0.47427855675946623,0.47476754928112347,0.47980252750436003,0.9095715,1,0.47476754928112347,0.47980252750436003,-0.04350382462143898,0.9350073337554932,18.094512939453125,11.362691879272461,0.21890472444479378,0.05239076028060983,0.1519434009372028,0.04260184051802388,0.2948946404216112
TwoRoom,"0044_window_len=1_w_neg=15.0_c_neg=1.0_reg_neg=0.1_discount=[0.3,0.7]_lr=0.0001_rnn_type=LSTM",15.0,1.0,0.1,LSTM,0.3,0.7,0.0001,212,61,66,0.48950962062228376,0.47427855675946623,0.4748714294182287,0.47745378793863047,0.9448945,1,0.4748714294182287,0.47745378793863047,0.045910708606243134,0.9949732422828674,17.690046310424805,16.59819221496582,0.21890472444479378,0.047098395079127886,0.06638125241689136,0.049286393390948605,0.2948946404216112
TwoRoom,"0045_window_len=1_w_neg=15.0_c_neg=1.0_reg_neg=0.1_discount=[0.3,0.7]_lr=0.0001_rnn_type=GRU",15.0,1.0,0.1,GRU,0.3,0.7,0.0001,212,61,66,0.48950962062228376,0.47427855675946623,0.4755468768236879,0.4788530675288395,0.95304614,1,0.4755468768236879,0.4788530675288395,-0.06179649382829666,0.9949272274971008,17.858116149902344,16.30975341796875,0.21890472444479378,0.08538259414536722,0.09834064862571927,0.06386171977704855,0.2948946404216112
TwoRoom,"0046_window_len=1_w_neg=15.0_c_neg=1.0_reg_neg=0.1_discount=[0.3,0.7]_lr=0.001_rnn_type=LSTM",15.0,1.0,0.1,LSTM,0.3,0.7,0.001,212,61,66,0.48950962062228376,0.47427855675946623,0.4739359808123275,0.4778801367369817,0.9716635,1,0.4739359808123275,0.4778801367369817,-0.05526408925652504,0.9963088035583496,17.846267700195312,16.509906768798828,0.21890472444479378,0.08655354517625367,0.06728223061973662,0.04647893248557021,0.2948946404216112
TwoRoom,"0047_window_len=1_w_neg=15.0_c_neg=1.0_reg_neg=0.1_discount=[0.3,0.7]_lr=0.001_rnn_type=GRU",15.0,1.0,0.1,GRU,0.3,0.7,0.001,212,61,66,0.48950962062228376,0.47427855675946623,0.4773133941394024,0.48102617322700947,0.94519424,1,0.4773133941394024,0.48102617322700947,-0.029325854033231735,0.9961769580841064,17.999685287475586,16.80767059326172,0.21890472444479378,0.05247797240558275,0.06923167811913142,0.0666217270261917,0.2948946404216112
TwoRoom,"0048_window_len=1_w_neg=15.0_c_neg=2.0_reg_neg=0.0_discount=[0.1,0.9]_lr=0.0001_rnn_type=LSTM",15.0,2.0,0.0,LSTM,0.1,0.9,0.0001,212,61,66,0.48950962062228376,0.47427855675946623,0.4734229530845505,0.48155880510006177,0.9312503,1,0.4734229530845505,0.48155880510006177,0.0100540267303586,0.9948462247848511,18.537614822387695,18.2694149017334,0.21890472444479378,0.032961694380391746,0.06616771096383264,0.05563684687335205,0.2948946404216112
TwoRoom,"0049_window_len=1_w_neg=15.0_c_neg=2.0_reg_neg=0.0_discount=[0.1,0.9]_lr=0.0001_rnn_type=GRU",15.0,2.0,0.0,GRU,0.1,0.9,0.0001,212,61,66,0.48950962062228376,0.47427855675946623,0.47039521449914,0.47822021052864117,0.9404832,1,0.47039521449914,0.47822021052864117,0.08500776439905167,0.9923762083053589,18.444324493408203,18.344764709472656,0.21890472444479378,0.06569445693272957,0.08435079775506255,0.06619015526070068,0.2948946404216112
TwoRoom,"0050_window_len=1_w_neg=15.0_c_neg=2.0_reg_neg=0.0_discount=[0.1,0.9]_lr=0.001_rnn_type=LSTM",15.0,2.0,0.0,LSTM,0.1,0.9,0.001,212,61,66,0.48950962062228376,0.47427855675946623,0.4721285676339523,0.4788192415091929,0.9413017,1,0.4721285676339523,0.4788192415091929,-0.11758255213499069,0.9956673383712769,18.573993682861328,18.274831771850586,0.21890472444479378,0.06474346001114982,0.07829789152256672,0.06481143416737872,0.2948946404216112
TwoRoom,"0051_window_len=1_w_neg=15.0_c_neg=2.0_reg_neg=0.0_discount=[0.1,0.9]_lr=0.001_rnn_type=GRU",15.0,2.0,0.0,GRU,0.1,0.9,0.001,212,61,66,0.48950962062228376,0.47427855675946623,0.4726303362174399,0.4802030485159716,0.95447665,1,0.4726303362174399,0.4802030485159716,-0.007449071388691664,0.9952030777931213,18.37865447998047,18.221830368041992,0.21890472444479378,0.04951981407837613,0.05156673395274065,0.04572993423580274,0.2948946404216112
TwoRoom,"0052_window_len=1_w_neg=15.0_c_neg=2.0_reg_neg=0.0_discount=[0.3,0.7]_lr=0.0001_rnn_type=LSTM",15.0,2.0,0.0,LSTM,0.3,0.7,0.0001,212,61,66,0.48950962062228376,0.47427855675946623,0.4741387158306347,0.4786492759602157,0.94892377,1,0.4741387158306347,0.4786492759602157,-0.10028986632823944,0.9981368184089661,18.351192474365234,18.271778106689453,0.21890472444479378,0.04310074517411899,0.02970727133452711,0.04151040642461272,0.2948946404216112
TwoRoom,"0053_window_len=1_w_neg=15.0_c_neg=2.0_reg_neg=0.0_discount=[0.3,0.7]_lr=0.0001_rnn_type=GRU",15.0,2.0,0.0,GRU,0.3,0.7,0.0001,212,61,66,0.48950962062228376,0.47427855675946623,0.4741859314981428,0.47706868036027333,0.97362316,1,0.4741859314981428,0.47706868036027333,-0.22758455574512482,0.998598039150238,18.62129020690918,18.54191017150879,0.21890472444479378,0.07092397810298103,0.07582004114833599,0.07726032374163884,0.2948946404216112
TwoRoom,"0054_window_len=1_w_neg=15.0_c_neg=2.0_reg_neg=0.0_discount=[0.3,0.7]_lr=0.001_rnn_type=LSTM",15.0,2.0,0.0,LSTM,0.3,0.7,0.001,212,61,66,0.48950962062228376,0.47427855675946623,0.47462861901189946,0.47892906542494584,0.96421945,1,0.47462861901189946,0.47892906542494584,-0.06595855206251144,0.9982874393463135,18.580493927001953,18.49666976928711,0.21890472444479378,0.055788826826429855,0.051394874765294,0.053045492483531555,0.2948946404216112
TwoRoom,"0055_window_len=1_w_neg=15.0_c_neg=2.0_reg_neg=0.0_discount=[0.3,0.7]_lr=0.001_rnn_type=GRU",15.0,2.0,0.0,GRU,0.3,0.7,0.001,212,61,66,0.48950962062228376,0.47427855675946623,0.47325763310460855,0.4711690063199381,0.9501427,1,0.47325763310460855,0.4711690063199381,-0.06785134226083755,0.9948544502258301,18.474824905395508,18.347652435302734,0.21890472444479378,0.03453215389552918,0.04408508790818839,0.037534559550847064,0.2948946404216112
TwoRoom,"0056_window_len=1_w_neg=15.0_c_neg=2.0_reg_neg=0.1_discount=[0.1,0.9]_lr=0.0001_rnn_type=LSTM",15.0,2.0,0.1,LSTM,0.1,0.9,0.0001,212,61,66,0.48950962062228376,0.47427855675946623,0.47588783577342,0.4807440607351593,0.93788034,1,0.47588783577342,0.4807440607351593,0.027853650972247124,0.9934584498405457,18.465110778808594,18.336414337158203,0.21890472444479378,0.07258870366496419,0.09641492795444212,0.08737821276974767,0.2948946404216112
TwoRoom,"0057_window_len=1_w_neg=15.0_c_neg=2.0_reg_neg=0.1_discount=[0.1,0.9]_lr=0.0001_rnn_type=GRU",15.0,2.0,0.1,GRU,0.1,0.9,0.0001,212,61,66,0.48950962062228376,0.47427855675946623,0.47469541837316986,0.4809351632537428,0.9197483,1,0.47469541837316986,0.4809351632537428,-0.07430081069469452,0.9771808385848999,18.49596405029297,18.1185359954834,0.21890472444479378,0.06104528115292295,0.07143250174344815,0.050305364468757253,0.2948946404216112
TwoRoom,"0058_window_len=1_w_neg=15.0_c_neg=2.0_reg_neg=0.1_discount=[0.1,0.9]_lr=0.001_rnn_type=LSTM",15.0,2.0,0.1,LSTM,0.1,0.9,0.001,212,61,66,0.48950962062228376,0.47427855675946623,0.4574307061896449,0.4801577042996613,0.90014493,1,0.4574307061896449,0.4801577042996613,-0.019680378958582878,0.9646430611610413,18.31675148010254,18.152202606201172,0.21890472444479378,0.05482243952985488,0.06832108093191411,0.054081136467585035,0.2948946404216112
TwoRoom,"0059_window_len=1_w_neg=15.0_c_neg=2.0_reg_neg=0.1_discount=[0.1,0.9]_lr=0.001_rnn_type=GRU",15.0,2.0,0.1,GRU,0.1,0.9,0.001,212,61,66,0.48950962062228376,0.47427855675946623,0.4756981638371938,0.47915473156117905,0.95072746,1,0.4756981638371938,0.47915473156117905,-0.13615743815898895,0.994810163974762,18.40874671936035,18.088815689086914,0.21890472444479378,0.0393878172065217,0.056540390138696536,0.038382953972458674,0.2948946404216112
TwoRoom,"0060_window_len=1_w_neg=15.0_c_neg=2.0_reg_neg=0.1_discount=[0.3,0.7]_lr=0.0001_rnn_type=LSTM",15.0,2.0,0.1,LSTM,0.3,0.7,0.0001,212,61,66,0.48950962062228376,0.47427855675946623,0.47547331527659076,0.47003079894444966,0.92366123,1,0.47547331527659076,0.47003079894444966,-0.055054303258657455,0.9442582726478577,18.317907333374023,18.098648071289062,0.21890472444479378,0.06890976277548135,0.0968901057824196,0.07816771460073214,0.2948946404216112
TwoRoom,"0061_window_len=1_w_neg=15.0_c_neg=2.0_reg_neg=0.1_discount=[0.3,0.7]_lr=0.0001_rnn_type=GRU",15.0,2.0,0.1,GRU,0.3,0.7,0.0001,212,61,66,0.48950962062228376,0.47427855675946623,0.47677407340119576,0.47822256397487106,0.95454246,1,0.47677407340119576,0.47822256397487106,-0.054044876247644424,0.9981391429901123,18.588523864746094,18.524255752563477,0.21890472444479378,0.03266991852110734,0.041561066408971996,0.033182289755323266,0.2948946404216112
TwoRoom,"0062_window_len=1_w_neg=15.0_c_neg=2.0_reg_neg=0.1_discount=[0.3,0.7]_lr=0.001_rnn_type=LSTM",15.0,2.0,0.1,LSTM,0.3,0.7,0.001,212,61,66,0.48950962062228376,0.47427855675946623,0.47764580107923305,0.4801239891592143,0.9637726,1,0.47764580107923305,0.4801239891592143,-0.0963246077299118,0.9983270168304443,18.39947509765625,18.370058059692383,0.21890472444479378,0.05165202228083917,0.04494823143917043,0.05095496654668057,0.2948946404216112
TwoRoom,"0063_window_len=1_w_neg=15.0_c_neg=2.0_reg_neg=0.1_discount=[0.3,0.7]_lr=0.001_rnn_type=GRU",15.0,2.0,0.1,GRU,0.3,0.7,0.001,212,61,66,0.48950962062228376,0.47427855675946623,0.47624407017573,0.4792748784456796,0.96650475,1,0.47624407017573,0.4792748784456796,-0.13462187349796295,0.9982279539108276,18.539094924926758,18.464616775512695,0.21890472444479378,0.04991419243762869,0.05849753282558892,0.04320847779908554,0.2948946404216112
TwoRoom,"0064_window_len=4_w_neg=5.0_c_neg=1.0_reg_neg=0.0_discount=[0.1,0.9]_lr=0.0001_rnn_type=LSTM",5.0,1.0,0.0,LSTM,0.1,0.9,0.0001,212,61,66,0.48950962062228376,0.47427855675946623,0.4338881709793415,0.28236584982416096,0.46821356,4,0.4683226978432926,0.27743088281634654,-0.11074226349592209,0.22999823093414307,8.180095672607422,1.0000083446502686,0.21890472444479378,0.16766531026044681,0.43800622477026707,0.16988152425975878,0.2948946404216112
TwoRoom,"0065_window_len=4_w_neg=5.0_c_neg=1.0_reg_neg=0.0_discount=[0.1,0.9]_lr=0.0001_rnn_type=GRU",5.0,1.0,0.0,GRU,0.1,0.9,0.0001,212,61,66,0.48950962062228376,0.47427855675946623,0.4386598441293019,0.2904645931036586,0.5126648,4,0.45614391164994056,0.269267486184475,0.22059404850006104,0.33641716837882996,8.477775573730469,1.0000429153442383,0.21890472444479378,0.15642520638893642,0.2801388119911534,0.17353289072737516,0.2948946404216112
TwoRoom,"0066_window_len=4_w_neg=5.0_c_neg=1.0_reg_neg=0.0_discount=[0.1,0.9]_lr=0.001_rnn_type=LSTM",5.0,1.0,0.0,LSTM,0.1,0.9,0.001,212,61,66,0.48950962062228376,0.47427855675946623,0.4292639158713615,0.2991345637547987,0.50546086,4,0.44102235760486497,0.2695853805021031,0.1437547206878662,0.1977502554655075,9.908612251281738,1.0000011920928955,0.21890472444479378,0.1687060843694987,0.3246663731804545,0.18039699797524414,0.2948946404216112
TwoRoom,"0067_window_len=4_w_neg=5.0_c_neg=1.0_reg_neg=0.0_discount=[0.1,0.9]_lr=0.001_rnn_type=GRU",5.0,1.0,0.0,GRU,0.1,0.9,0.001,212,61,66,0.48950962062228376,0.47427855675946623,0.4371447612630612,0.27757957747717865,0.51813877,4,0.4444502882445023,0.24953257440568768,-8.884803537512198e-05,0.18202483654022217,11.40638542175293,1.0000030994415283,0.21890472444479378,0.17167963307170053,0.3416541408470555,0.1770072678825465,0.2948946404216112
TwoRoom,"0068_window_len=4_w_neg=5.0_c_neg=1.0_reg_neg=0.0_discount=[0.3,0.7]_lr=0.0001_rnn_type=LSTM",5.0,1.0,0.0,LSTM,0.3,0.7,0.0001,212,61,66,0.48950962062228376,0.47427855675946623,0.4270215504016672,0.3818439928963869,0.6241106,4,0.4326231909770718,0.3527666685470915,0.08169924467802048,0.7922574281692505,6.8545379638671875,3.4387857913970947,0.21890472444479378,0.1447112072206981,0.11277361404311344,0.14421871522085103,0.2948946404216112
TwoRoom,"0069_window_len=4_w_neg=5.0_c_neg=1.0_reg_neg=0.0_discount=[0.3,0.7]_lr=0.0001_rnn_type=GRU",5.0,1.0,0.0,GRU,0.3,0.7,0.0001,212,61,66,0.48950962062228376,0.47427855675946623,0.434100072766806,0.3685317431198095,0.5891963,4,0.444819180627539,0.34749131824024165,-0.04912606254220009,0.7851343750953674,6.797346591949463,3.3086793422698975,0.21890472444479378,0.15122903103117458,0.12257407658694579,0.14621048625148264,0.2948946404216112
TwoRoom,"0070_window_len=4_w_neg=5.0_c_neg=1.0_reg_neg=0.0_discount=[0.3,0.7]_lr=0.001_rnn_type=LSTM",5.0,1.0,0.0,LSTM,0.3,0.7,0.001,212,61,66,0.48950962062228376,0.47427855675946623,0.4218371520427858,0.3899606645672693,0.6665927,4,0.4361764941887431,0.3760273518593278,-0.16025960445404053,0.7523524165153503,7.539070129394531,3.483184814453125,0.21890472444479378,0.14757189317293498,0.1346548796925702,0.14207881183089036,0.2948946404216112
TwoRoom,"0071_window_len=4_w_neg=5.0_c_neg=1.0_reg_neg=0.0_discount=[0.3,0.7]_lr=0.001_rnn_type=GRU",5.0,1.0,0.0,GRU,0.3,0.7,0.001,212,61,66,0.48950962062228376,0.47427855675946623,0.41972028678786694,0.37037657523591594,0.6226392,4,0.4221729913667375,0.31413367846738083,-0.13763515651226044,0.7846570014953613,7.947839260101318,3.6049628257751465,0.21890472444479378,0.15071217093758507,0.058496891559964126,0.14156964692479845,0.2948946404216112
TwoRoom,"0072_window_len=4_w_neg=5.0_c_neg=1.0_reg_neg=0.1_discount=[0.1,0.9]_lr=0.0001_rnn_type=LSTM",5.0,1.0,0.1,LSTM,0.1,0.9,0.0001,212,61,66,0.48950962062228376,0.47427855675946623,0.4457105445399395,0.3248530757883169,0.51167953,4,0.46462103803510457,0.25988556103092547,0.07380542159080505,0.19963815808296204,8.907503128051758,1.0000061988830566,0.21890472444479378,0.1413298135811229,0.34277892075295624,0.1489166271881425,0.2948946404216112
TwoRoom,"0073_window_len=4_w_neg=5.0_c_neg=1.0_reg_neg=0.1_discount=[0.1,0.9]_lr=0.0001_rnn_type=GRU",5.0,1.0,0.1,GRU,0.1,0.9,0.0001,212,61,66,0.48950962062228376,0.47427855675946623,0.4432663186244586,0.2926500065647661,0.49115834,4,0.4471482863310963,0.2681462193933656,-0.15353885293006897,0.2315519154071808,8.321874618530273,1.0000513792037964,0.21890472444479378,0.17658852142955153,0.2882559522698833,0.19285678906512588,0.2948946404216112
TwoRoom,"0074_window_len=4_w_neg=5.0_c_neg=1.0_reg_neg=0.1_discount=[0.1,0.9]_lr=0.001_rnn_type=LSTM",5.0,1.0,0.1,LSTM,0.1,0.9,0.001,212,61,66,0.48950962062228376,0.47427855675946623,0.4371074574033125,0.3127959937081416,0.56513655,4,0.4469119037599266,0.2578434949631122,-0.09034131467342377,0.1963580995798111,10.235014915466309,1.0000032186508179,0.21890472444479378,0.14479649554879667,0.3819288284126768,0.15506508199873367,0.2948946404216112
TwoRoom,"0075_window_len=4_w_neg=5.0_c_neg=1.0_reg_neg=0.1_discount=[0.1,0.9]_lr=0.001_rnn_type=GRU",5.0,1.0,0.1,GRU,0.1,0.9,0.001,212,61,66,0.48950962062228376,0.47427855675946623,0.4361622914470912,0.2672208620690853,0.49565586,4,0.4419281564567428,0.24830382338305027,-0.12052309513092041,0.2226879745721817,10.995379447937012,1.0000020265579224,0.21890472444479378,0.12120112688424703,0.32448681880551017,0.12143518883729935,0.2948946404216112
TwoRoom,"0076_window_len=4_w_neg=5.0_c_neg=1.0_reg_neg=0.1_discount=[0.3,0.7]_lr=0.0001_rnn_type=LSTM",5.0,1.0,0.1,LSTM,0.3,0.7,0.0001,212,61,66,0.48950962062228376,0.47427855675946623,0.4310076320079532,0.3872918560165329,0.64743274,4,0.43216376678208884,0.3753920798062199,0.0528232641518116,0.7708619236946106,7.07224702835083,3.433060884475708,0.21890472444479378,0.1746756260707704,0.11632366054201129,0.16892988607255421,0.2948946404216112
TwoRoom,"0077_window_len=4_w_neg=5.0_c_neg=1.0_reg_neg=0.1_discount=[0.3,0.7]_lr=0.0001_rnn_type=GRU",5.0,1.0,0.1,GRU,0.3,0.7,0.0001,212,61,66,0.48950962062228376,0.47427855675946623,0.4373250783638099,0.36650182495145733,0.60334104,4,0.4478020898223531,0.3367361820451847,0.083157978951931,0.7685048580169678,7.233154773712158,3.3748490810394287,0.21890472444479378,0.16937748947866527,0.11956461700975511,0.17648848399208256,0.2948946404216112
TwoRoom,"0078_window_len=4_w_neg=5.0_c_neg=1.0_reg_neg=0.1_discount=[0.3,0.7]_lr=0.001_rnn_type=LSTM",5.0,1.0,0.1,LSTM,0.3,0.7,0.001,212,61,66,0.48950962062228376,0.47427855675946623,0.41889423217707533,0.3786464822084784,0.6345168,4,0.43010307023842415,0.3109568383874151,-0.1995813548564911,0.7677302956581116,7.916849613189697,3.5675671100616455,0.21890472444479378,0.16663030754201813,0.14678570151692907,0.18189820080290306,0.2948946404216112
TwoRoom,"0079_window_len=4_w_neg=5.0_c_neg=1.0_reg_neg=0.1_discount=[0.3,0.7]_lr=0.001_rnn_type=GRU",5.0,1.0,0.1,GRU,0.3,0.7,0.001,212,61,66,0.48950962062228376,0.47427855675946623,0.4146454350453239,0.3835833117443927,0.6503929,4,0.42582383021148057,0.32882864351124863,-0.26396241784095764,0.7866335511207581,8.335597038269043,4.09128999710083,0.21890472444479378,0.1147884706362379,0.08765780458216085,0.11604278619834849,0.2948946404216112
TwoRoom,"0080_window_len=4_w_neg=5.0_c_neg=2.0_reg_neg=0.0_discount=[0.1,0.9]_lr=0.0001_rnn_type=LSTM",5.0,2.0,0.0,LSTM,0.1,0.9,0.0001,212,61,66,0.48950962062228376,0.47427855675946623,0.4678050532314294,0.4681618376597787,0.87382936,4,0.5088605753072827,0.5280717911039844,-0.15452353656291962,0.934819221496582,15.817809104919434,8.399637222290039,0.21890472444479378,0.0538509221082815,0.18885529156636818,0.1026505948900062,0.2948946404216112
TwoRoom,"0081_window_len=4_w_neg=5.0_c_neg=2.0_reg_neg=0.0_discount=[0.1,0.9]_lr=0.0001_rnn_type=GRU",5.0,2.0,0.0,GRU,0.1,0.9,0.0001,212,61,66,0.48950962062228376,0.47427855675946623,0.4736207080670642,0.4743112797610876,0.8830517,4,0.5101636820256487,0.5406676329943289,-0.1317916065454483,0.9150876402854919,16.269601821899414,7.978591442108154,0.21890472444479378,0.09621741814200345,0.20654268002962697,0.12121202839986865,0.2948946404216112
TwoRoom,"0082_window_len=4_w_neg=5.0_c_neg=2.0_reg_neg=0.0_discount=[0.1,0.9]_lr=0.001_rnn_type=LSTM",5.0,2.0,0.0,LSTM,0.1,0.9,0.001,212,61,66,0.48950962062228376,0.47427855675946623,0.4514647719101504,0.47843941508753857,0.8379208,4,0.47440093331911204,0.5232375421539427,-0.09413869678974152,0.9294246435165405,14.966275215148926,8.55385971069336,0.21890472444479378,0.06455749297995754,0.14039420703453837,0.08387241359896105,0.2948946404216112
TwoRoom,"0083_window_len=4_w_neg=5.0_c_neg=2.0_reg_neg=0.0_discount=[0.1,0.9]_lr=0.001_rnn_type=GRU",5.0,2.0,0.0,GRU,0.1,0.9,0.001,212,61,66,0.48950962062228376,0.47427855675946623,0.4663893953581626,0.4784163164321762,0.8917891,4,0.4730532820579273,0.5288269671468417,0.07638116925954819,0.9265187978744507,15.926570892333984,7.863434791564941,0.21890472444479378,0.11372204590219398,0.1752886760080801,0.12766380185099063,0.2948946404216112
TwoRoom,"0084_window_len=4_w_neg=5.0_c_neg=2.0_reg_neg=0.0_discount=[0.3,0.7]_lr=0.0001_rnn_type=LSTM",5.0,2.0,0.0,LSTM,0.3,0.7,0.0001,212,61,66,0.48950962062228376,0.47427855675946623,0.472004717716443,0.4755260766079849,0.94756794,4,0.5072551904686151,0.5219285645134722,0.04152224212884903,0.9902676939964294,15.90682601928711,12.66573715209961,0.21890472444479378,0.10417488328015798,0.15301174946812116,0.11480834987060673,0.2948946404216112
TwoRoom,"0085_window_len=4_w_neg=5.0_c_neg=2.0_reg_neg=0.0_discount=[0.3,0.7]_lr=0.0001_rnn_type=GRU",5.0,2.0,0.0,GRU,0.3,0.7,0.0001,212,61,66,0.48950962062228376,0.47427855675946623,0.47400835432050076,0.47782661173926205,0.94531953,4,0.504862088037954,0.5153115296767304,0.16109415888786316,0.9900288581848145,15.369279861450195,12.19006061553955,0.21890472444479378,0.08285536631802681,0.12592404821090578,0.11989743386902678,0.2948946404216112
TwoRoom,"0086_window_len=4_w_neg=5.0_c_neg=2.0_reg_neg=0.0_discount=[0.3,0.7]_lr=0.001_rnn_type=LSTM",5.0,2.0,0.0,LSTM,0.3,0.7,0.001,212,61,66,0.48950962062228376,0.47427855675946623,0.45520231502931247,0.4438990692422725,0.83500165,4,0.47436357854755046,0.46805211493706167,0.043526917695999146,0.9504162669181824,15.024846076965332,9.454822540283203,0.21890472444479378,0.07474271489867046,0.23464101591152858,0.12374310382095785,0.2948946404216112
TwoRoom,"0087_window_len=4_w_neg=5.0_c_neg=2.0_reg_neg=0.0_discount=[0.3,0.7]_lr=0.001_rnn_type=GRU",5.0,2.0,0.0,GRU,0.3,0.7,0.001,212,61,66,0.48950962062228376,0.47427855675946623,0.4714638571762088,0.47743810679753224,0.9383114,4,0.4913606174265663,0.522012182846716,0.19720743596553802,0.986826479434967,16.28007698059082,12.467025756835938,0.21890472444479378,0.07211352583698671,0.1460206716265416,0.08815286164450716,0.2948946404216112
TwoRoom,"0088_window_len=4_w_neg=5.0_c_neg=2.0_reg_neg=0.1_discount=[0.1,0.9]_lr=0.0001_rnn_type=LSTM",5.0,2.0,0.1,LSTM,0.1,0.9,0.0001,212,61,66,0.48950962062228376,0.47427855675946623,0.4729682631029175,0.45912491912202424,0.8668357,4,0.4944341265198303,0.5104073859424451,0.08632842451334,0.9206738471984863,16.322784423828125,8.150945663452148,0.21890472444479378,0.09763589770406307,0.21536136490188915,0.1280626690696168,0.2948946404216112
TwoRoom,"0089_window_len=4_w_neg=5.0_c_neg=2.0_reg_neg=0.1_discount=[0.1,0.9]_lr=0.0001_rnn_type=GRU",5.0,2.0,0.1,GRU,0.1,0.9,0.0001,212,61,66,0.48950962062228376,0.47427855675946623,0.4756114120456492,0.47099252610126163,0.8757024,4,0.5052090572814577,0.5210181858167695,-0.07799895852804184,0.9232245683670044,16.06733512878418,7.352969169616699,0.21890472444479378,0.06867570082242902,0.1979202224385539,0.12354110514914557,0.2948946404216112
TwoRoom,"0090_window_len=4_w_neg=5.0_c_neg=2.0_reg_neg=0.1_discount=[0.1,0.9]_lr=0.001_rnn_type=LSTM",5.0,2.0,0.1,LSTM,0.1,0.9,0.001,212,61,66,0.48950962062228376,0.47427855675946623,0.4566099299499607,0.4687432318653088,0.8459257,4,0.4562933646686136,0.5161181947689175,0.09198158234357834,0.9214129447937012,16.438289642333984,8.084733963012695,0.21890472444479378,0.11827823816640447,0.23046188783470103,0.11013544726268246,0.2948946404216112
TwoRoom,"0091_window_len=4_w_neg=5.0_c_neg=2.0_reg_neg=0.1_discount=[0.1,0.9]_lr=0.001_rnn_type=GRU",5.0,2.0,0.1,GRU,0.1,0.9,0.001,212,61,66,0.48950962062228376,0.47427855675946623,0.4731679052893017,0.47681531477873546,0.90859807,4,0.46225912318074913,0.5086592008982727,0.1184532418847084,0.9304371476173401,16.371166229248047,8.353921890258789,0.21890472444479378,0.150528768968892,0.1499657377503168,0.13153448116228894,0.2948946404216112
TwoRoom,"0092_window_len=4_w_neg=5.0_c_neg=2.0_reg_neg=0.1_discount=[0.3,0.7]_lr=0.0001_rnn_type=LSTM",5.0,2.0,0.1,LSTM,0.3,0.7,0.0001,212,61,66,0.48950962062228376,0.47427855675946623,0.47366461141813876,0.4781077040986691,0.9436633,4,0.5041975357612106,0.5318449568222264,0.14584994316101074,0.990288496017456,15.357012748718262,11.685643196105957,0.21890472444479378,0.12942599978794353,0.14877490748506153,0.13731356697299477,0.2948946404216112
TwoRoom,"0093_window_len=4_w_neg=5.0_c_neg=2.0_reg_neg=0.1_discount=[0.3,0.7]_lr=0.0001_rnn_type=GRU",5.0,2.0,0.1,GRU,0.3,0.7,0.0001,212,61,66,0.48950962062228376,0.47427855675946623,0.47653596125366376,0.47939921231889493,0.9474996,4,0.5138807628874891,0.5242076405115691,-0.1136317253112793,0.9902316331863403,15.630009651184082,12.454730033874512,0.21890472444479378,0.10683036423245855,0.12440168361762839,0.11099089560616689,0.2948946404216112
TwoRoom,"0094_window_len=4_w_neg=5.0_c_neg=2.0_reg_neg=0.1_discount=[0.3,0.7]_lr=0.001_rnn_type=LSTM",5.0,2.0,0.1,LSTM,0.3,0.7,0.001,212,61,66,0.48950962062228376,0.47427855675946623,0.47101585875188584,0.478814920002032,0.9009708,4,0.5018844237100336,0.5251374977870629,-0.052340805530548096,0.9867010116577148,15.493980407714844,12.347735404968262,0.21890472444479378,0.09151950617471195,0.17209709699344594,0.11386312433965018,0.2948946404216112
TwoRoom,"0095_window_len=4_w_neg=5.0_c_neg=2.0_reg_neg=0.1_discount=[0.3,0.7]_lr=0.001_rnn_type=GRU",5.0,2.0,0.1,GRU,0.3,0.7,0.001,212,61,66,0.48950962062228376,0.47427855675946623,0.4718756521811371,0.4758082213175898,0.9424246,4,0.488330228713295,0.5131349079519982,-0.031930092722177505,0.9884962439537048,15.661537170410156,12.982054710388184,0.21890472444479378,0.10383950135838711,0.11405871035521445,0.10838479210697598,0.2948946404216112
TwoRoom,"0096_window_len=4_w_neg=15.0_c_neg=1.0_reg_neg=0.0_discount=[0.1,0.9]_lr=0.0001_rnn_type=LSTM",15.0,1.0,0.0,LSTM,0.1,0.9,0.0001,212,61,66,0.48950962062228376,0.47427855675946623,0.47288933022851565,0.47920640912450335,0.93301994,4,0.5077855987373285,0.5335969504207553,-0.1290947049856186,0.9727377891540527,17.140766143798828,11.66856575012207,0.21890472444479378,0.053577101686491505,0.13723020244177064,0.07531151750786887,0.2948946404216112
TwoRoom,"0097_window_len=4_w_neg=15.0_c_neg=1.0_reg_neg=0.0_discount=[0.1,0.9]_lr=0.0001_rnn_type=GRU",15.0,1.0,0.0,GRU,0.1,0.9,0.0001,212,61,66,0.48950962062228376,0.47427855675946623,0.4727784750066878,0.4714403792193943,0.86321676,4,0.5071867974234575,0.5199132822221011,-0.06768529117107391,0.9553459882736206,17.232206344604492,11.130008697509766,0.21890472444479378,0.07173069025898057,0.19744504461057644,0.08371273845838563,0.2948946404216112
TwoRoom,"0098_window_len=4_w_neg=15.0_c_neg=1.0_reg_neg=0.0_discount=[0.1,0.9]_lr=0.001_rnn_type=LSTM",15.0,1.0,0.0,LSTM,0.1,0.9,0.001,212,61,66,0.48950962062228376,0.47427855675946623,0.474171294020122,0.47974459996477503,0.92169684,4,0.501741768723839,0.5287657987121438,0.0030567741487175226,0.9646922945976257,17.159103393554688,11.505636215209961,0.21890472444479378,0.06427918369879396,0.20050067531275279,0.11621785171391913,0.2948946404216112
TwoRoom,"0099_window_len=4_w_neg=15.0_c_neg=1.0_reg_neg=0.0_discount=[0.1,0.9]_lr=0.001_rnn_type=GRU",15.0,1.0,0.0,GRU,0.1,0.9,0.001,212,61,66,0.48950962062228376,0.47427855675946623,0.4715162324358134,0.473886947655183,0.89224255,4,0.4835661801784976,0.5128324243556196,-0.03360952436923981,0.9549528956413269,17.559507369995117,11.043932914733887,0.21890472444479378,0.04483087982983185,0.21969503799429374,0.07964583186589824,0.2948946404216112
TwoRoom,"0100_window_len=4_w_neg=15.0_c_neg=1.0_reg_neg=0.0_discount=[0.3,0.7]_lr=0.0001_rnn_type=LSTM",15.0,1.0,0.0,LSTM,0.3,0.7,0.0001,212,61,66,0.48950962062228376,0.47427855675946623,0.47213113742208906,0.47718123344482616,0.94987357,4,0.4970835977730155,0.5202651577703705,-0.04652932286262512,0.9952032566070557,16.925230026245117,14.726006507873535,0.21890472444479378,0.07308889085230891,0.12217200304019561,0.11778061604155896,0.2948946404216112
TwoRoom,"0101_window_len=4_w_neg=15.0_c_neg=1.0_reg_neg=0.0_discount=[0.3,0.7]_lr=0.0001_rnn_type=GRU",15.0,1.0,0.0,GRU,0.3,0.7,0.0001,212,61,66,0.48950962062228376,0.47427855675946623,0.4753246388528386,0.47849817912067627,0.9457024,4,0.5194208035673191,0.5354918000687873,-0.1571386754512787,0.9944125413894653,16.476289749145508,14.254899024963379,0.21890472444479378,0.058232690122546144,0.1115680346684877,0.0716274464933876,0.2948946404216112
TwoRoom,"0102_window_len=4_w_neg=15.0_c_neg=1.0_reg_neg=0.0_discount=[0.3,0.7]_lr=0.001_rnn_type=LSTM",15.0,1.0,0.0,LSTM,0.3,0.7,0.001,212,61,66,0.48950962062228376,0.47427855675946623,0.4696282571444451,0.46008203612859705,0.8729761,4,0.4899675582596327,0.49481591416112386,0.0009711215971037745,0.9731059670448303,16.462648391723633,13.90980339050293,0.21890472444479378,0.04435826706435358,0.11776073680719014,0.05975633724707311,0.2948946404216112
TwoRoom,"0103_window_len=4_w_neg=15.0_c_neg=1.0_reg_neg=0.0_discount=[0.3,0.7]_lr=0.001_rnn_type=GRU",15.0,1.0,0.0,GRU,0.3,0.7,0.001,212,61,66,0.48950962062228376,0.47427855675946623,0.4704229423139498,0.47512984370934597,0.93168676,4,0.4778435122192657,0.49510467255263785,0.0598197877407074,0.9816317558288574,16.918270111083984,13.729256629943848,0.21890472444479378,0.08370632580213762,0.11032141429387474,0.08461628172373013,0.2948946404216112
TwoRoom,"0104_window_len=4_w_neg=15.0_c_neg=1.0_reg_neg=0.1_discount=[0.1,0.9]_lr=0.0001_rnn_type=LSTM",15.0,1.0,0.1,LSTM,0.1,0.9,0.0001,212,61,66,0.48950962062228376,0.47427855675946623,0.4736626720880661,0.4784831303953087,0.89682055,4,0.5019596226170656,0.5441581643058007,0.11068946868181229,0.9635329246520996,17.21273422241211,10.969846725463867,0.21890472444479378,0.036530978848033635,0.19304532115881737,0.08057502575623476,0.2948946404216112
TwoRoom,"0105_window_len=4_w_neg=15.0_c_neg=1.0_reg_neg=0.1_discount=[0.1,0.9]_lr=0.0001_rnn_type=GRU",15.0,1.0,0.1,GRU,0.1,0.9,0.0001,212,61,66,0.48950962062228376,0.47427855675946623,0.47489336127866644,0.471088644776189,0.8955935,4,0.5125300542241099,0.5267278831000695,0.013146117329597473,0.9630615711212158,16.97104835510254,11.462125778198242,0.21890472444479378,0.07889042095988277,0.1593019239817933,0.08526460127040385,0.2948946404216112
TwoRoom,"0106_window_len=4_w_neg=15.0_c_neg=1.0_reg_neg=0.1_discount=[0.1,0.9]_lr=0.001_rnn_type=LSTM",15.0,1.0,0.1,LSTM,0.1,0.9,0.001,212,61,66,0.48950962062228376,0.47427855675946623,0.4706394594951518,0.4784020731617827,0.9206501,4,0.47824174557883187,0.5221764769662631,0.1976855993270874,0.9626837968826294,17.44385528564453,11.323416709899902,0.21890472444479378,0.02669332289796282,0.14366466172102302,0.06415798449570659,0.2948946404216112
TwoRoom,"0107_window_len=4_w_neg=15.0_c_neg=1.0_reg_neg=0.1_discount=[0.1,0.9]_lr=0.001_rnn_type=GRU",15.0,1.0,0.1,GRU,0.1,0.9,0.001,212,61,66,0.48950962062228376,0.47427855675946623,0.4729070827348664,0.47701404280477633,0.9086825,4,0.4894282104874709,0.5036656010633617,0.11066325008869171,0.9572334885597229,17.427034378051758,10.86688232421875,0.21890472444479378,0.1477809457666201,0.24027709948790382,0.17634932935150077,0.2948946404216112
TwoRoom,"0108_window_len=4_w_neg=15.0_c_neg=1.0_reg_neg=0.1_discount=[0.3,0.7]_lr=0.0001_rnn_type=LSTM",15.0,1.0,0.1,LSTM,0.3,0.7,0.0001,212,61,66,0.48950962062228376,0.47427855675946623,0.4764716381722566,0.47971796331216643,0.94488066,4,0.5117305563912428,0.530904965122218,-0.08183593302965164,0.9950477480888367,16.705644607543945,14.283260345458984,0.21890472444479378,0.07359869702402562,0.11609472871395736,0.09135662470601252,0.2948946404216112
TwoRoom,"0109_window_len=4_w_neg=15.0_c_neg=1.0_reg_neg=0.1_discount=[0.3,0.7]_lr=0.0001_rnn_type=GRU",15.0,1.0,0.1,GRU,0.3,0.7,0.0001,212,61,66,0.48950962062228376,0.47427855675946623,0.4772827286504631,0.4805846308468942,0.95091724,4,0.5186204342987252,0.5382766290756801,-0.004635896999388933,0.994437575340271,16.50995635986328,14.24693489074707,0.21890472444479378,0.05074463142174588,0.08866908047247189,0.07176788366521902,0.2948946404216112
TwoRoom,"0110_window_len=4_w_neg=15.0_c_neg=1.0_reg_neg=0.1_discount=[0.3,0.7]_lr=0.001_rnn_type=LSTM",15.0,1.0,0.1,LSTM,0.3,0.7,0.001,212,61,66,0.48950962062228376,0.47427855675946623,0.4744056106193219,0.4786131113953065,0.9428539,4,0.4846417326765815,0.5052275812360303,-0.024149363860487938,0.9933556318283081,16.648164749145508,14.448291778564453,0.21890472444479378,0.07937008764723386,0.09478931959557181,0.08280085873991873,0.2948946404216112
TwoRoom,"0111_window_len=4_w_neg=15.0_c_neg=1.0_reg_neg=0.1_discount=[0.3,0.7]_lr=0.001_rnn_type=GRU",15.0,1.0,0.1,GRU,0.3,0.7,0.001,212,61,66,0.48950962062228376,0.47427855675946623,0.47505594510805516,0.47811134991242704,0.94417846,4,0.492137910955163,0.5122675705360609,0.15653696656227112,0.9929185509681702,17.040266036987305,14.78142261505127,0.21890472444479378,0.06209439171509724,0.13447404278637634,0.09087824054991103,0.2948946404216112
TwoRoom,"0112_window_len=4_w_neg=15.0_c_neg=2.0_reg_neg=0.0_discount=[0.1,0.9]_lr=0.0001_rnn_type=LSTM",15.0,2.0,0.0,LSTM,0.1,0.9,0.0001,212,61,66,0.48950962062228376,0.47427855675946623,0.4556797491098575,0.46862286576739454,0.87153465,4,0.48269461332780395,0.5165752161039578,-0.012479680590331554,0.9587497115135193,17.137226104736328,12.355480194091797,0.21890472444479378,0.10527914268606516,0.19766756378238234,0.11059779977816393,0.2948946404216112
TwoRoom,"0113_window_len=4_w_neg=15.0_c_neg=2.0_reg_neg=0.0_discount=[0.1,0.9]_lr=0.0001_rnn_type=GRU",15.0,2.0,0.0,GRU,0.1,0.9,0.0001,212,61,66,0.48950962062228376,0.47427855675946623,0.4547827453782933,0.4562804883081582,0.8572958,4,0.48868691540579856,0.511485976098857,-0.11785312741994858,0.9492063522338867,16.66647720336914,11.574519157409668,0.21890472444479378,0.06073041973114571,0.20231481576531457,0.10288337431180894,0.2948946404216112
TwoRoom,"0114_window_len=4_w_neg=15.0_c_neg=2.0_reg_neg=0.0_discount=[0.1,0.9]_lr=0.001_rnn_type=LSTM",15.0,2.0,0.0,LSTM,0.1,0.9,0.001,212,61,66,0.48950962062228376,0.47427855675946623,0.4297537501257354,0.47611512909254444,0.8162912,4,0.458426932641944,0.5236256296494589,-0.05374299734830856,0.9327371120452881,16.043773651123047,13.556570053100586,0.21890472444479378,0.07967276502213988,0.15956548415358646,0.10695605229491954,0.2948946404216112
TwoRoom,"0115_window_len=4_w_neg=15.0_c_neg=2.0_reg_neg=0.0_discount=[0.1,0.9]_lr=0.001_rnn_type=GRU",15.0,2.0,0.0,GRU,0.1,0.9,0.001,212,61,66,0.48950962062228376,0.47427855675946623,0.47175779500452963,0.47773892885554525,0.91315544,4,0.4913695319295049,0.5143451996738465,-0.08175796270370483,0.9702284932136536,17.832313537597656,13.249063491821289,0.21890472444479378,0.0437413695332951,0.103208495983583,0.05229392917126488,0.2948946404216112
TwoRoom,"0116_window_len=4_w_neg=15.0_c_neg=2.0_reg_neg=0.0_discount=[0.3,0.7]_lr=0.0001_rnn_type=LSTM",15.0,2.0,0.0,LSTM,0.3,0.7,0.0001,212,61,66,0.48950962062228376,0.47427855675946623,0.4737191118883981,0.4779999922234536,0.94668597,4,0.5195065869863711,0.5331664299676613,-0.08102148026227951,0.9959952235221863,17.295093536376953,15.486234664916992,0.21890472444479378,0.04125903029969077,0.07849411880375581,0.055663780029593685,0.2948946404216112
TwoRoom,"0117_window_len=4_w_neg=15.0_c_neg=2.0_reg_neg=0.0_discount=[0.3,0.7]_lr=0.0001_rnn_type=GRU",15.0,2.0,0.0,GRU,0.3,0.7,0.0001,212,61,66,0.48950962062228376,0.47427855675946623,0.47433917059706987,0.477815573451824,0.9162653,4,0.5126739144694512,0.5261417496527635,-0.11110784113407135,0.9831026196479797,17.286834716796875,15.218266487121582,0.21890472444479378,0.11137180738729863,0.11564456024534712,0.08950080198783868,0.2948946404216112
TwoRoom,"0118_window_len=4_w_neg=15.0_c_neg=2.0_reg_neg=0.0_discount=[0.3,0.7]_lr=0.001_rnn_type=LSTM",15.0,2.0,0.0,LSTM,0.3,0.7,0.001,212,61,66,0.48950962062228376,0.47427855675946623,0.45879714155287443,0.46135021597093556,0.9138813,4,0.4988590261961739,0.516297057724183,-0.005184104200452566,0.9890803098678589,16.955795288085938,14.878682136535645,0.21890472444479378,0.07743025913221108,0.1160453512608477,0.0664941151668563,0.2948946404216112
TwoRoom,"0119_window_len=4_w_neg=15.0_c_neg=2.0_reg_neg=0.0_discount=[0.3,0.7]_lr=0.001_rnn_type=GRU",15.0,2.0,0.0,GRU,0.3,0.7,0.001,212,61,66,0.48950962062228376,0.47427855675946623,0.4683018757856875,0.4751680532466277,0.9007713,4,0.4979722177447311,0.5144253984568461,0.0007701978902332485,0.9661954045295715,17.07379150390625,15.41664981842041,0.21890472444479378,0.0659221062295339,0.08577312491087097,0.06657234957308203,0.2948946404216112
TwoRoom,"0120_window_len=4_w_neg=15.0_c_neg=2.0_reg_neg=0.1_discount=[0.1,0.9]_lr=0.0001_rnn_type=LSTM",15.0,2.0,0.1,LSTM,0.1,0.9,0.0001,212,61,66,0.48950962062228376,0.47427855675946623,0.45652404576349903,0.4803346187724011,0.88356656,4,0.5001005386724214,0.5558919642769709,0.11269128322601318,0.953701376914978,17.232797622680664,12.591737747192383,0.21890472444479378,0.09767565617280072,0.17433639655525074,0.09270007618997045,0.2948946404216112
TwoRoom,"0121_window_len=4_w_neg=15.0_c_neg=2.0_reg_neg=0.1_discount=[0.1,0.9]_lr=0.0001_rnn_type=GRU",15.0,2.0,0.1,GRU,0.1,0.9,0.0001,212,61,66,0.48950962062228376,0.47427855675946623,0.47663997492131494,0.4547248085132164,0.84206617,4,0.5148487433016473,0.5053952604235767,-0.035268038511276245,0.944536030292511,17.52898597717285,11.874910354614258,0.21890472444479378,0.039789249487647074,0.1761518195390621,0.07158961182152437,0.2948946404216112
TwoRoom,"0122_window_len=4_w_neg=15.0_c_neg=2.0_reg_neg=0.1_discount=[0.1,0.9]_lr=0.001_rnn_type=LSTM",15.0,2.0,0.1,LSTM,0.1,0.9,0.001,212,61,66,0.48950962062228376,0.47427855675946623,0.4585774478021061,0.48020862600389425,0.8976014,4,0.4818803879932803,0.5398370440401807,-0.10996008664369583,0.9589698314666748,17.75774383544922,13.274520874023438,0.21890472444479378,0.017909907635064712,0.10898116913804083,0.050552892999930404,0.2948946404216112
TwoRoom,"0123_window_len=4_w_neg=15.0_c_neg=2.0_reg_neg=0.1_discount=[0.1,0.9]_lr=0.001_rnn_type=GRU",15.0,2.0,0.1,GRU,0.1,0.9,0.001,212,61,66,0.48950962062228376,0.47427855675946623,0.47477938409639087,0.47756049884748925,0.9002999,4,0.48736232099621846,0.5311525531235317,0.11584535986185074,0.9655320644378662,17.694469451904297,12.761609077453613,0.21890472444479378,0.05614665304506877,0.1468677835169036,0.10050235504692315,0.2948946404216112
TwoRoom,"0124_window_len=4_w_neg=15.0_c_neg=2.0_reg_neg=0.1_discount=[0.3,0.7]_lr=0.0001_rnn_type=LSTM",15.0,2.0,0.1,LSTM,0.3,0.7,0.0001,212,61,66,0.48950962062228376,0.47427855675946623,0.47765570004131785,0.4788298327053898,0.92405176,4,0.5230851679179385,0.5426076553083701,-0.0522945374250412,0.9800072312355042,17.24462890625,14.942136764526367,0.21890472444479378,0.051804002233916985,0.10028304220324123,0.06222072104318302,0.2948946404216112
TwoRoom,"0125_window_len=4_w_neg=15.0_c_neg=2.0_reg_neg=0.1_discount=[0.3,0.7]_lr=0.0001_rnn_type=GRU",15.0,2.0,0.1,GRU,0.3,0.7,0.0001,212,61,66,0.48950962062228376,0.47427855675946623,0.46912978891772444,0.47780685075228424,0.92197025,4,0.5063525377472502,0.5346874157004106,0.07656288146972656,0.9875121116638184,16.955080032348633,15.339439392089844,0.21890472444479378,0.09194658908082937,0.11531623224544905,0.10241525040570426,0.2948946404216112
TwoRoom,"0126_window_len=4_w_neg=15.0_c_neg=2.0_reg_neg=0.1_discount=[0.3,0.7]_lr=0.001_rnn_type=LSTM",15.0,2.0,0.1,LSTM,0.3,0.7,0.001,212,61,66,0.48950962062228376,0.47427855675946623,0.4567109891158384,0.47787143061767956,0.8972784,4,0.4839937433008704,0.5222136460246037,0.037373851984739304,0.9762650728225708,17.108049392700195,15.195107460021973,0.21890472444479378,0.08123937694352852,0.11284864212121515,0.10834567490386313,0.2948946404216112
TwoRoom,"0127_window_len=4_w_neg=15.0_c_neg=2.0_reg_neg=0.1_discount=[0.3,0.7]_lr=0.001_rnn_type=GRU",15.0,2.0,0.1,GRU,0.3,0.7,0.001,212,61,66,0.48950962062228376,0.47427855675946623,0.47671367205024867,0.4609894498820609,0.90674114,4,0.4824407906168853,0.4988510539023984,0.13786371052265167,0.9782184362411499,17.47711181640625,15.089465141296387,0.21890472444479378,0.03436285977058174,0.10335085695228881,0.05380731604579504,0.2948946404216112
TwoRoom,"0128_window_len=8_w_neg=5.0_c_neg=1.0_reg_neg=0.0_discount=[0.1,0.9]_lr=0.0001_rnn_type=LSTM",5.0,1.0,0.0,LSTM,0.1,0.9,0.0001,212,61,66,0.48950962062228376,0.47427855675946623,0.4367485846615865,0.3043260584220158,0.5062772,8,0.44829614466594175,0.25841599771041956,-0.04150572419166565,0.20405560731887817,10.956257820129395,1.0000066757202148,0.21890472444479378,0.13583801477032786,0.2681266243073827,0.15443856548330315,0.2948946404216112
TwoRoom,"0129_window_len=8_w_neg=5.0_c_neg=1.0_reg_neg=0.0_discount=[0.1,0.9]_lr=0.0001_rnn_type=GRU",5.0,1.0,0.0,GRU,0.1,0.9,0.0001,212,61,66,0.48950962062228376,0.47427855675946623,0.44432201109707564,0.30711937511741416,0.51653105,8,0.45071955007245,0.24752143938119073,0.0007265456370078027,0.2606947422027588,9.146443367004395,1.0000494718551636,0.21890472444479378,0.16622118007339517,0.5146560636370955,0.1700527421815806,0.2948946404216112
TwoRoom,"0130_window_len=8_w_neg=5.0_c_neg=1.0_reg_neg=0.0_discount=[0.1,0.9]_lr=0.001_rnn_type=LSTM",5.0,1.0,0.0,LSTM,0.1,0.9,0.001,212,61,66,0.48950962062228376,0.47427855675946623,0.43006681461530016,0.29995024655416624,0.5278673,8,0.43432128633782713,0.30026138101802075,-0.1307988464832306,0.19948013126850128,12.281603813171387,1.0000019073486328,0.21890472444479378,0.18589072058291356,0.29908949373527,0.2022718509684529,0.2948946404216112
TwoRoom,"0131_window_len=8_w_neg=5.0_c_neg=1.0_reg_neg=0.0_discount=[0.1,0.9]_lr=0.001_rnn_type=GRU",5.0,1.0,0.0,GRU,0.1,0.9,0.001,212,61,66,0.48950962062228376,0.47427855675946623,0.42548111131712263,0.2430238156011098,0.49678168,8,0.4186790898233566,0.17744256843124923,-0.09846733510494232,0.3187049925327301,16.16343116760254,1.9433388710021973,0.21890472444479378,0.16051583980954143,-0.1225253403994609,0.16051583980954143,0.2948946404216112
TwoRoom,"0132_window_len=8_w_neg=5.0_c_neg=1.0_reg_neg=0.0_discount=[0.3,0.7]_lr=0.0001_rnn_type=LSTM",5.0,1.0,0.0,LSTM,0.3,0.7,0.0001,212,61,66,0.48950962062228376,0.47427855675946623,0.4220257773522661,0.40011697047988787,0.67746246,8,0.4196940879646792,0.3671087533105538,0.03670692816376686,0.7834382057189941,7.986947536468506,3.7529754638671875,0.21890472444479378,0.16626863372963044,0.12537191850795215,0.17138016202491851,0.2948946404216112
TwoRoom,"0133_window_len=8_w_neg=5.0_c_neg=1.0_reg_neg=0.0_discount=[0.3,0.7]_lr=0.0001_rnn_type=GRU",5.0,1.0,0.0,GRU,0.3,0.7,0.0001,212,61,66,0.48950962062228376,0.47427855675946623,0.42479429989191875,0.3843189572867541,0.6266841,8,0.4265356485634323,0.3295091459128451,-0.11253408342599869,0.7807852029800415,7.198268413543701,3.4590225219726562,0.21890472444479378,0.16208758185592845,0.09714725329796475,0.1508333701406724,0.2948946404216112
TwoRoom,"0134_window_len=8_w_neg=5.0_c_neg=1.0_reg_neg=0.0_discount=[0.3,0.7]_lr=0.001_rnn_type=LSTM",5.0,1.0,0.0,LSTM,0.3,0.7,0.001,212,61,66,0.48950962062228376,0.47427855675946623,0.4117504357765013,0.2829555691221293,0.61265844,8,0.434349467647983,0.26775368937911864,0.04009947553277016,0.3571145534515381,7.742190361022949,1.0001001358032227,0.21890472444479378,0.16110836924685748,-0.0025182501085931866,0.1411970715967891,0.2948946404216112
TwoRoom,"0135_window_len=8_w_neg=5.0_c_neg=1.0_reg_neg=0.0_discount=[0.3,0.7]_lr=0.001_rnn_type=GRU",5.0,1.0,0.0,GRU,0.3,0.7,0.001,212,61,66,0.48950962062228376,0.47427855675946623,0.4184526024442417,0.3345185416348033,0.5772869,8,0.4322082248740903,0.3178125793026068,-0.1931566447019577,0.7123090624809265,9.413130760192871,2.8921775817871094,0.21890472444479378,0.1565816752013878,0.17688927500758314,0.11076581137186177,0.2948946404216112
TwoRoom,"0136_window_len=8_w_neg=5.0_c_neg=1.0_reg_neg=0.1_discount=[0.1,0.9]_lr=0.0001_rnn_type=LSTM",5.0,1.0,0.1,LSTM,0.1,0.9,0.0001,212,61,66,0.48950962062228376,0.47427855675946623,0.42628099188094926,0.3047120051468951,0.5047315,8,0.43074953589421117,0.27241042671723553,-0.11133728921413422,0.16513240337371826,10.91401481628418,1.0000054836273193,0.21890472444479378,0.1760729438672116,0.4420513283315112,0.19255731801834386,0.2948946404216112
TwoRoom,"0137_window_len=8_w_neg=5.0_c_neg=1.0_reg_neg=0.1_discount=[0.1,0.9]_lr=0.0001_rnn_type=GRU",5.0,1.0,0.1,GRU,0.1,0.9,0.0001,212,61,66,0.48950962062228376,0.47427855675946623,0.4498282521292346,0.3168082915970079,0.51549023,8,0.4577072045857239,0.25297633969286687,0.0996609628200531,0.44677114486694336,8.938556671142578,1.2439320087432861,0.21890472444479378,0.16287697984005842,0.3104706760442366,0.1769328810700696,0.2948946404216112
TwoRoom,"0138_window_len=8_w_neg=5.0_c_neg=1.0_reg_neg=0.1_discount=[0.1,0.9]_lr=0.001_rnn_type=LSTM",5.0,1.0,0.1,LSTM,0.1,0.9,0.001,212,61,66,0.48950962062228376,0.47427855675946623,0.42249785864942135,0.2959147594458176,0.5145257,8,0.38802168791657626,0.2953096026111491,0.04768599569797516,0.17885459959506989,15.755979537963867,1.0000007152557373,0.21890472444479378,0.125401416726693,0.29245431831545493,0.13504541045807394,0.2948946404216112
TwoRoom,"0139_window_len=8_w_neg=5.0_c_neg=1.0_reg_neg=0.1_discount=[0.1,0.9]_lr=0.001_rnn_type=GRU",5.0,1.0,0.1,GRU,0.1,0.9,0.001,212,61,66,0.48950962062228376,0.47427855675946623,0.4263235387445697,0.28755777217890544,0.5148553,8,0.4268879359101452,0.25423532492643136,-0.0017534460639581084,0.40181732177734375,15.611953735351562,1.0167371034622192,0.21890472444479378,0.08686071141053331,0.4197209925539109,0.10161559217157755,0.2948946404216112
TwoRoom,"0140_window_len=8_w_neg=5.0_c_neg=1.0_reg_neg=0.1_discount=[0.3,0.7]_lr=0.0001_rnn_type=LSTM",5.0,1.0,0.1,LSTM,0.3,0.7,0.0001,212,61,66,0.48950962062228376,0.47427855675946623,0.41668024055825414,0.4000101838403233,0.63905656,8,0.4275635951700318,0.3593378383365142,-0.09278393536806107,0.7634402513504028,7.616191864013672,3.5012121200561523,0.21890472444479378,0.1782526057259099,0.12418814216456968,0.1825478028808264,0.2948946404216112
TwoRoom,"0141_window_len=8_w_neg=5.0_c_neg=1.0_reg_neg=0.1_discount=[0.3,0.7]_lr=0.0001_rnn_type=GRU",5.0,1.0,0.1,GRU,0.3,0.7,0.0001,212,61,66,0.48950962062228376,0.47427855675946623,0.42867596183688494,0.37306548992037936,0.59953225,8,0.42018687764266877,0.3338280957372094,-0.09451153874397278,0.7852079272270203,7.355734825134277,3.575179100036621,0.21890472444479378,0.13262270892757608,0.09971808718779163,0.13411301023961342,0.2948946404216112
TwoRoom,"0142_window_len=8_w_neg=5.0_c_neg=1.0_reg_neg=0.1_discount=[0.3,0.7]_lr=0.001_rnn_type=LSTM",5.0,1.0,0.1,LSTM,0.3,0.7,0.001,212,61,66,0.48950962062228376,0.47427855675946623,0.42713109033325447,0.3749489235610889,0.6602721,8,0.42554175468187105,0.3150750196637676,0.09012307226657867,0.723383903503418,11.093633651733398,3.496271848678589,0.21890472444479378,0.20883841096641426,0.11891437366620697,0.21737686276063845,0.2948946404216112
TwoRoom,"0143_window_len=8_w_neg=5.0_c_neg=1.0_reg_neg=0.1_discount=[0.3,0.7]_lr=0.001_rnn_type=GRU",5.0,1.0,0.1,GRU,0.3,0.7,0.001,212,61,66,0.48950962062228376,0.47427855675946623,0.42818555486009996,0.3644432381190786,0.63459027,8,0.42977851116591104,0.3274390467892508,0.06267081201076508,0.7153413891792297,13.741108894348145,4.350787162780762,0.21890472444479378,0.10114490320297366,0.07760083578840814,0.12102606136867639,0.2948946404216112
TwoRoom,"0144_window_len=8_w_neg=5.0_c_neg=2.0_reg_neg=0.0_discount=[0.1,0.9]_lr=0.0001_rnn_type=LSTM",5.0,2.0,0.0,LSTM,0.1,0.9,0.0001,212,61,66,0.48950962062228376,0.47427855675946623,0.45783091604535564,0.47331109808382726,0.8792222,8,0.4604005874411283,0.5106448359659177,-0.0015206370735540986,0.9257161021232605,16.86147117614746,8.601741790771484,0.21890472444479378,0.10834759870073753,0.2203959413222011,0.14278420401817138,0.2948946404216112
TwoRoom,"0145_window_len=8_w_neg=5.0_c_neg=2.0_reg_neg=0.0_discount=[0.1,0.9]_lr=0.0001_rnn_type=GRU",5.0,2.0,0.0,GRU,0.1,0.9,0.0001,212,61,66,0.48950962062228376,0.47427855675946623,0.4723034029384182,0.4754506419567025,0.8833898,8,0.5067859839487838,0.5463537420414067,-0.12570807337760925,0.9281262159347534,16.651039123535156,8.061007499694824,0.21890472444479378,0.06609717174510454,0.22886770149144597,0.11202076819959715,0.2948946404216112
TwoRoom,"0146_window_len=8_w_neg=5.0_c_neg=2.0_reg_neg=0.0_discount=[0.1,0.9]_lr=0.001_rnn_type=LSTM",5.0,2.0,0.0,LSTM,0.1,0.9,0.001,212,61,66,0.48950962062228376,0.47427855675946623,0.452188444589552,0.4764580618108498,0.84589624,8,0.46177729544034307,0.5065495436636225,0.1741834133863449,0.9224404096603394,14.994795799255371,8.84515380859375,0.21890472444479378,0.0635321092459009,0.16269934926198854,0.10112694776547924,0.2948946404216112
TwoRoom,"0147_window_len=8_w_neg=5.0_c_neg=2.0_reg_neg=0.0_discount=[0.1,0.9]_lr=0.001_rnn_type=GRU",5.0,2.0,0.0,GRU,0.1,0.9,0.001,212,61,66,0.48950962062228376,0.47427855675946623,0.42865360161769567,0.4722718317028753,0.77762854,8,0.43549076114646257,0.4690859135875359,-0.16367332637310028,0.8992133140563965,17.58306312561035,8.858691215515137,0.21890472444479378,0.0638918592614142,0.13464910830194698,0.07882116427240426,0.2948946404216112
TwoRoom,"0148_window_len=8_w_neg=5.0_c_neg=2.0_reg_neg=0.0_discount=[0.3,0.7]_lr=0.0001_rnn_type=LSTM",5.0,2.0,0.0,LSTM,0.3,0.7,0.0001,212,61,66,0.48950962062228376,0.47427855675946623,0.4539537785206728,0.47453246411347294,0.89969397,8,0.468498464006691,0.49346390864021494,-0.038462646305561066,0.9817973375320435,16.074827194213867,13.126272201538086,0.21890472444479378,0.10597748095147334,0.16736840427616398,0.14523961009553407,0.2948946404216112
TwoRoom,"0149_window_len=8_w_neg=5.0_c_neg=2.0_reg_neg=0.0_discount=[0.3,0.7]_lr=0.0001_rnn_type=GRU",5.0,2.0,0.0,GRU,0.3,0.7,0.0001,212,61,66,0.48950962062228376,0.47427855675946623,0.4744240584990077,0.47737609454332774,0.9099722,8,0.5105248566216274,0.5284949963879753,-0.11671527475118637,0.9835942387580872,16.136764526367188,12.744465827941895,0.21890472444479378,0.14816570514150065,0.16328225971493257,0.15653742787327654,0.2948946404216112
TwoRoom,"0150_window_len=8_w_neg=5.0_c_neg=2.0_reg_neg=0.0_discount=[0.3,0.7]_lr=0.001_rnn_type=LSTM",5.0,2.0,0.0,LSTM,0.3,0.7,0.001,212,61,66,0.48950962062228376,0.47427855675946623,0.4553479327525715,0.43981391475148846,0.7886551,8,0.4672170735209911,0.47167015131273793,-0.025599157437682152,0.9554429054260254,16.71279525756836,11.245887756347656,0.21890472444479378,0.09305533734611014,0.14226349633083302,0.0924653729712933,0.2948946404216112
TwoRoom,"0151_window_len=8_w_neg=5.0_c_neg=2.0_reg_neg=0.0_discount=[0.3,0.7]_lr=0.001_rnn_type=GRU",5.0,2.0,0.0,GRU,0.3,0.7,0.001,212,61,66,0.48950962062228376,0.47427855675946623,0.46265928656121974,0.4738340619008703,0.9010272,8,0.45459172711408546,0.47914316019007297,-0.01979595236480236,0.9791315793991089,15.090545654296875,12.91374397277832,0.21890472444479378,0.12943818383481479,0.210340255059698,0.15435263588957987,0.2948946404216112
TwoRoom,"0152_window_len=8_w_neg=5.0_c_neg=2.0_reg_neg=0.1_discount=[0.1,0.9]_lr=0.0001_rnn_type=LSTM",5.0,2.0,0.1,LSTM,0.1,0.9,0.0001,212,61,66,0.48950962062228376,0.47427855675946623,0.4478198184122063,0.46219705349396933,0.9017932,8,0.46630000405705774,0.539136029678642,-0.22575905919075012,0.9278154373168945,16.551998138427734,8.67981243133545,0.21890472444479378,0.09126428245604119,0.21444563758967344,0.11816729921331391,0.2948946404216112
TwoRoom,"0153_window_len=8_w_neg=5.0_c_neg=2.0_reg_neg=0.1_discount=[0.1,0.9]_lr=0.0001_rnn_type=GRU",5.0,2.0,0.1,GRU,0.1,0.9,0.0001,212,61,66,0.48950962062228376,0.47427855675946623,0.4744071476651405,0.4766224340836298,0.89129096,8,0.5008255602899898,0.5394116274137757,-0.038704656064510345,0.9362210035324097,16.73672103881836,8.898575782775879,0.21890472444479378,0.04553947834523686,0.24591574812677824,0.08268863725557857,0.2948946404216112
TwoRoom,"0154_window_len=8_w_neg=5.0_c_neg=2.0_reg_neg=0.1_discount=[0.1,0.9]_lr=0.001_rnn_type=LSTM",5.0,2.0,0.1,LSTM,0.1,0.9,0.001,212,61,66,0.48950962062228376,0.47427855675946623,0.4432458843946809,0.46676472824613596,0.76919323,8,0.4307864331280582,0.4842123722605988,0.1713934987783432,0.8504908084869385,17.526159286499023,8.029099464416504,0.21890472444479378,0.08914554083169897,0.2620724355436373,0.11012454574706085,0.2948946404216112
TwoRoom,"0155_window_len=8_w_neg=5.0_c_neg=2.0_reg_neg=0.1_discount=[0.1,0.9]_lr=0.001_rnn_type=GRU",5.0,2.0,0.1,GRU,0.1,0.9,0.001,212,61,66,0.48950962062228376,0.47427855675946623,0.4654681662662109,0.4505836236879908,0.78448206,8,0.464286728804681,0.4245417624162692,0.02395857870578766,0.8689848780632019,18.09421157836914,7.740005016326904,0.21890472444479378,0.06688272213548566,0.18362064027111835,0.0846060214737333,0.2948946404216112
TwoRoom,"0156_window_len=8_w_neg=5.0_c_neg=2.0_reg_neg=0.1_discount=[0.3,0.7]_lr=0.0001_rnn_type=LSTM",5.0,2.0,0.1,LSTM,0.3,0.7,0.0001,212,61,66,0.48950962062228376,0.47427855675946623,0.45123618425087686,0.4761805840686761,0.8920285,8,0.47605145553296035,0.5269286385924284,-0.054259318858385086,0.9739493727684021,15.594724655151367,12.608346939086914,0.21890472444479378,0.08329719833351464,0.13105096688118906,0.12968827742848713,0.2948946404216112
TwoRoom,"0157_window_len=8_w_neg=5.0_c_neg=2.0_reg_neg=0.1_discount=[0.3,0.7]_lr=0.0001_rnn_type=GRU",5.0,2.0,0.1,GRU,0.3,0.7,0.0001,212,61,66,0.48950962062228376,0.47427855675946623,0.47547960852446175,0.48060127722821716,0.94953746,8,0.5149381342876198,0.5370610088894401,-0.012534638866782188,0.9899131655693054,15.822348594665527,12.2723388671875,0.21890472444479378,0.1267230651794077,0.13436823395828418,0.12364755524286251,0.2948946404216112
TwoRoom,"0158_window_len=8_w_neg=5.0_c_neg=2.0_reg_neg=0.1_discount=[0.3,0.7]_lr=0.001_rnn_type=LSTM",5.0,2.0,0.1,LSTM,0.3,0.7,0.001,212,61,66,0.48950962062228376,0.47427855675946623,0.45071262062350925,0.4552896792541257,0.87898797,8,0.4389602903861805,0.4546942604897433,-0.0030823969282209873,0.9460994005203247,16.488906860351562,12.201558113098145,0.21890472444479378,0.07043084483750912,0.14960727026605308,0.12635690250764636,0.2948946404216112
TwoRoom,"0159_window_len=8_w_neg=5.0_c_neg=2.0_reg_neg=0.1_discount=[0.3,0.7]_lr=0.001_rnn_type=GRU",5.0,2.0,0.1,GRU,0.3,0.7,0.001,212,61,66,0.48950962062228376,0.47427855675946623,0.47129088726749774,0.4707011861124693,0.8727298,8,0.4521870021725375,0.4449480368147098,0.1313428282737732,0.9588715434074402,17.439802169799805,12.438971519470215,0.21890472444479378,0.15851765612266178,0.1394906637691939,0.1667521480107303,0.2948946404216112
TwoRoom,"0160_window_len=8_w_neg=15.0_c_neg=1.0_reg_neg=0.0_discount=[0.1,0.9]_lr=0.0001_rnn_type=LSTM",15.0,1.0,0.0,LSTM,0.1,0.9,0.0001,212,61,66,0.48950962062228376,0.47427855675946623,0.4527942144877836,0.4799479605064708,0.8719727,8,0.4837186699544261,0.545176607061425,0.2220737487077713,0.9497106075286865,17.221694946289062,11.827875137329102,0.21890472444479378,0.08760265573842799,0.15619948088900648,0.1376072666291536,0.2948946404216112
TwoRoom,"0161_window_len=8_w_neg=15.0_c_neg=1.0_reg_neg=0.0_discount=[0.1,0.9]_lr=0.0001_rnn_type=GRU",15.0,1.0,0.0,GRU,0.1,0.9,0.0001,212,61,66,0.48950962062228376,0.47427855675946623,0.4726669041855871,0.473779680809018,0.8901385,8,0.50470006702964,0.5131383861487755,0.1929592341184616,0.9598274827003479,16.94644546508789,11.249347686767578,0.21890472444479378,0.098708735094355,0.14920455545367808,0.0796843078033863,0.2948946404216112
TwoRoom,"0162_window_len=8_w_neg=15.0_c_neg=1.0_reg_neg=0.0_discount=[0.1,0.9]_lr=0.001_rnn_type=LSTM",15.0,1.0,0.0,LSTM,0.1,0.9,0.001,212,61,66,0.48950962062228376,0.47427855675946623,0.47239155217278705,0.42485528448109566,0.7782682,8,0.4931732771390981,0.4404491462633916,-0.12201201170682907,0.8952054381370544,17.26545524597168,8.948233604431152,0.21890472444479378,0.0738763650395644,0.28298474883401986,0.1275727421322689,0.2948946404216112
TwoRoom,"0163_window_len=8_w_neg=15.0_c_neg=1.0_reg_neg=0.0_discount=[0.1,0.9]_lr=0.001_rnn_type=GRU",15.0,1.0,0.0,GRU,0.1,0.9,0.001,212,61,66,0.48950962062228376,0.47427855675946623,0.45634032676919467,0.4694275552842955,0.86199397,8,0.4607157927161274,0.43629028448063123,-0.14435680210590363,0.9404599666595459,17.290367126464844,11.104594230651855,0.21890472444479378,0.08135929361536628,0.25423937593669416,0.12750861556978882,0.2948946404216112
TwoRoom,"0164_window_len=8_w_neg=15.0_c_neg=1.0_reg_neg=0.0_discount=[0.3,0.7]_lr=0.0001_rnn_type=LSTM",15.0,1.0,0.0,LSTM,0.3,0.7,0.0001,212,61,66,0.48950962062228376,0.47427855675946623,0.47002921093203576,0.4781020880862454,0.9392115,8,0.49718993867851163,0.5093210948333926,0.012865079566836357,0.9916134476661682,16.62020492553711,14.72676944732666,0.21890472444479378,0.12429651605516102,0.1444874055176426,0.1000406437970665,0.2948946404216112
TwoRoom,"0165_window_len=8_w_neg=15.0_c_neg=1.0_reg_neg=0.0_discount=[0.3,0.7]_lr=0.0001_rnn_type=GRU",15.0,1.0,0.0,GRU,0.3,0.7,0.0001,212,61,66,0.48950962062228376,0.47427855675946623,0.47449180395615453,0.4786644893874352,0.94495565,8,0.5204772599930483,0.5419903748933143,0.14993511140346527,0.9946797490119934,16.54246711730957,14.5341215133667,0.21890472444479378,0.12690967347622475,0.11371306818344677,0.12313261894614738,0.2948946404216112
TwoRoom,"0166_window_len=8_w_neg=15.0_c_neg=1.0_reg_neg=0.0_discount=[0.3,0.7]_lr=0.001_rnn_type=LSTM",15.0,1.0,0.0,LSTM,0.3,0.7,0.001,212,61,66,0.48950962062228376,0.47427855675946623,0.47246423547280714,0.4733384971253044,0.9074291,8,0.503512762298201,0.52120897026777,-0.05762317404150963,0.9878334403038025,16.212766647338867,13.858528137207031,0.21890472444479378,0.10761463209159008,0.10314885828047653,0.07749374442906638,0.2948946404216112
TwoRoom,"0167_window_len=8_w_neg=15.0_c_neg=1.0_reg_neg=0.0_discount=[0.3,0.7]_lr=0.001_rnn_type=GRU",15.0,1.0,0.0,GRU,0.3,0.7,0.001,212,61,66,0.48950962062228376,0.47427855675946623,0.4698942383151758,0.47399668829661623,0.93371,8,0.4930348749359509,0.5036026923176081,0.032301440834999084,0.9873071312904358,17.625030517578125,15.26030445098877,0.21890472444479378,0.07081239788426566,0.1520831968434094,0.0927398346587081,0.2948946404216112
TwoRoom,"0168_window_len=8_w_neg=15.0_c_neg=1.0_reg_neg=0.1_discount=[0.1,0.9]_lr=0.0001_rnn_type=LSTM",15.0,1.0,0.1,LSTM,0.1,0.9,0.0001,212,61,66,0.48950962062228376,0.47427855675946623,0.4729637489183965,0.47743683520537095,0.8926258,8,0.5067280850319404,0.5531891513863385,-0.06441961228847504,0.9618828892707825,17.513689041137695,12.354840278625488,0.21890472444479378,0.046599490423032776,0.15691320952940987,0.0737205374927378,0.2948946404216112
TwoRoom,"0169_window_len=8_w_neg=15.0_c_neg=1.0_reg_neg=0.1_discount=[0.1,0.9]_lr=0.0001_rnn_type=GRU",15.0,1.0,0.1,GRU,0.1,0.9,0.0001,212,61,66,0.48950962062228376,0.47427855675946623,0.476443346415013,0.47022266133545615,0.8823101,8,0.5202432768383651,0.5267165606227298,-0.1769859939813614,0.9596167802810669,17.121702194213867,11.155977249145508,0.21890472444479378,0.07225332174319331,0.19935280984435913,0.12144031896229776,0.2948946404216112
TwoRoom,"0170_window_len=8_w_neg=15.0_c_neg=1.0_reg_neg=0.1_discount=[0.1,0.9]_lr=0.001_rnn_type=LSTM",15.0,1.0,0.1,LSTM,0.1,0.9,0.001,212,61,66,0.48950962062228376,0.47427855675946623,0.4454538732867713,0.478584020794378,0.8336711,8,0.44855035334241605,0.4930312315654093,-0.05338558927178383,0.9269925951957703,18.219486236572266,11.606887817382812,0.21890472444479378,0.0730215579617048,0.20332480912437603,0.05614921810756797,0.2948946404216112
TwoRoom,"0171_window_len=8_w_neg=15.0_c_neg=1.0_reg_neg=0.1_discount=[0.1,0.9]_lr=0.001_rnn_type=GRU",15.0,1.0,0.1,GRU,0.1,0.9,0.001,212,61,66,0.48950962062228376,0.47427855675946623,0.46778280347206874,0.4709142314375014,0.8610533,8,0.4534148963583113,0.4399033183484695,-0.08739054203033447,0.9101675748825073,18.380155563354492,11.44354248046875,0.21890472444479378,0.02742949583523427,0.16397033773034395,0.056828318404232143,0.2948946404216112
TwoRoom,"0172_window_len=8_w_neg=15.0_c_neg=1.0_reg_neg=0.1_discount=[0.3,0.7]_lr=0.0001_rnn_type=LSTM",15.0,1.0,0.1,LSTM,0.3,0.7,0.0001,212,61,66,0.48950962062228376,0.47427855675946623,0.472205525669447,0.4773988402333055,0.9443966,8,0.5061877043640793,0.5123888523396526,-0.13730007410049438,0.9910951852798462,17.385452270507812,15.0616455078125,0.21890472444479378,0.06982035996269864,0.10097176148427742,0.07977472625648323,0.2948946404216112
TwoRoom,"0173_window_len=8_w_neg=15.0_c_neg=1.0_reg_neg=0.1_discount=[0.3,0.7]_lr=0.0001_rnn_type=GRU",15.0,1.0,0.1,GRU,0.3,0.7,0.0001,212,61,66,0.48950962062228376,0.47427855675946623,0.47613681394086027,0.47939928728055553,0.9498237,8,0.5213746753985852,0.5349556782081163,-0.013683032244443893,0.9938020706176758,16.66346549987793,14.307600975036621,0.21890472444479378,0.02921926819405362,0.08456626300499563,0.05561119624836001,0.2948946404216112
TwoRoom,"0174_window_len=8_w_neg=15.0_c_neg=1.0_reg_neg=0.1_discount=[0.3,0.7]_lr=0.001_rnn_type=LSTM",15.0,1.0,0.1,LSTM,0.3,0.7,0.001,212,61,66,0.48950962062228376,0.47427855675946623,0.4701883419512568,0.4663651207013542,0.8953926,8,0.4661089813160137,0.47047789326059847,-0.21295975148677826,0.9374582767486572,17.617900848388672,14.23941707611084,0.21890472444479378,0.08041727441253373,0.1378817283165684,0.0721000592588659,0.2948946404216112
TwoRoom,"0175_window_len=8_w_neg=15.0_c_neg=1.0_reg_neg=0.1_discount=[0.3,0.7]_lr=0.001_rnn_type=GRU",15.0,1.0,0.1,GRU,0.3,0.7,0.001,212,61,66,0.48950962062228376,0.47427855675946623,0.4708525982221346,0.47351735021251784,0.92166835,8,0.47804045466416467,0.45277009745866736,0.22246739268302917,0.9833085536956787,17.24994468688965,15.068455696105957,0.21890472444479378,0.07455995419560218,0.20283295839015372,0.10339382174915046,0.2948946404216112
TwoRoom,"0176_window_len=8_w_neg=15.0_c_neg=2.0_reg_neg=0.0_discount=[0.1,0.9]_lr=0.0001_rnn_type=LSTM",15.0,2.0,0.0,LSTM,0.1,0.9,0.0001,212,61,66,0.48950962062228376,0.47427855675946623,0.4755336197757294,0.4776168371954908,0.9106492,8,0.5127020891240051,0.5189011524660673,0.08942461758852005,0.9688829183578491,17.70517349243164,12.704962730407715,0.21890472444479378,0.07860826408497036,0.24968446620373325,0.11901569363492552,0.2948946404216112
TwoRoom,"0177_window_len=8_w_neg=15.0_c_neg=2.0_reg_neg=0.0_discount=[0.1,0.9]_lr=0.0001_rnn_type=GRU",15.0,2.0,0.0,GRU,0.1,0.9,0.0001,212,61,66,0.48950962062228376,0.47427855675946623,0.4611285670492279,0.4487258926028749,0.84355956,8,0.49187474698162187,0.4936151443756029,-0.03586980700492859,0.9477357864379883,17.39468765258789,11.578134536743164,0.21890472444479378,0.0836851640365192,0.2600954136223761,0.1535472062648299,0.2948946404216112
TwoRoom,"0178_window_len=8_w_neg=15.0_c_neg=2.0_reg_neg=0.0_discount=[0.1,0.9]_lr=0.001_rnn_type=LSTM",15.0,2.0,0.0,LSTM,0.1,0.9,0.001,212,61,66,0.48950962062228376,0.47427855675946623,0.4561077867084524,0.47752474665655714,0.86691153,8,0.48804491548626805,0.5168889986725751,-0.16907821595668793,0.9487351179122925,17.276626586914062,12.885239601135254,0.21890472444479378,0.09322334893980797,0.1346638574113174,0.12259716214943862,0.2948946404216112
TwoRoom,"0179_window_len=8_w_neg=15.0_c_neg=2.0_reg_neg=0.0_discount=[0.1,0.9]_lr=0.001_rnn_type=GRU",15.0,2.0,0.0,GRU,0.1,0.9,0.001,212,61,66,0.48950962062228376,0.47427855675946623,0.43647344036800717,0.4423867863201614,0.79366994,8,0.4471505049318328,0.47595544778192905,0.13769997656345367,0.8734875321388245,16.917593002319336,12.206992149353027,0.21890472444479378,0.16278784391821108,0.2373009857232028,0.1506749775313466,0.2948946404216112
TwoRoom,"0180_window_len=8_w_neg=15.0_c_neg=2.0_reg_neg=0.0_discount=[0.3,0.7]_lr=0.0001_rnn_type=LSTM",15.0,2.0,0.0,LSTM,0.3,0.7,0.0001,212,61,66,0.48950962062228376,0.47427855675946623,0.4728119701591645,0.47749763890214103,0.9487848,8,0.5095053159750998,0.5265187523788863,-0.027442876249551773,0.9955329895019531,17.336210250854492,15.797383308410645,0.21890472444479378,0.096747103548089,0.08528319797352307,0.10808980991956756,0.2948946404216112
TwoRoom,"0181_window_len=8_w_neg=15.0_c_neg=2.0_reg_neg=0.0_discount=[0.3,0.7]_lr=0.0001_rnn_type=GRU",15.0,2.0,0.0,GRU,0.3,0.7,0.0001,212,61,66,0.48950962062228376,0.47427855675946623,0.47655373872511203,0.4613159658770759,0.85975397,8,0.5192809289263786,0.5183436589332796,-0.12064646184444427,0.9672604203224182,17.202302932739258,14.66269302368164,0.21890472444479378,0.04477124212672537,0.1417601028153643,0.08665101755122342,0.2948946404216112
TwoRoom,"0182_window_len=8_w_neg=15.0_c_neg=2.0_reg_neg=0.0_discount=[0.3,0.7]_lr=0.001_rnn_type=LSTM",15.0,2.0,0.0,LSTM,0.3,0.7,0.001,212,61,66,0.48950962062228376,0.47427855675946623,0.4553560909686338,0.4742779725792719,0.84367454,8,0.48430956986650164,0.5147596585412164,-0.09429007023572922,0.9601274728775024,16.99553680419922,15.592500686645508,0.21890472444479378,0.12394253743027095,0.10850535004443854,0.09521447870481484,0.2948946404216112
TwoRoom,"0183_window_len=8_w_neg=15.0_c_neg=2.0_reg_neg=0.0_discount=[0.3,0.7]_lr=0.001_rnn_type=GRU",15.0,2.0,0.0,GRU,0.3,0.7,0.001,212,61,66,0.48950962062228376,0.47427855675946623,0.4577680365511953,0.4601381541999915,0.9068955,8,0.46000257598105626,0.48000197853534204,0.07938648015260696,0.9762886762619019,17.06475257873535,15.715494155883789,0.21890472444479378,0.0525145245461964,0.06917717054102333,0.049635241890840294,0.2948946404216112
TwoRoom,"0184_window_len=8_w_neg=15.0_c_neg=2.0_reg_neg=0.1_discount=[0.1,0.9]_lr=0.0001_rnn_type=LSTM",15.0,2.0,0.1,LSTM,0.1,0.9,0.0001,212,61,66,0.48950962062228376,0.47427855675946623,0.4757715830803164,0.472572532451598,0.87439173,8,0.5126938658746831,0.5408974990782959,-0.09573553502559662,0.9560428261756897,17.664628982543945,12.592486381530762,0.21890472444479378,0.11095754979367725,0.17921193910061206,0.13632217031705254,0.2948946404216112
TwoRoom,"0185_window_len=8_w_neg=15.0_c_neg=2.0_reg_neg=0.1_discount=[0.1,0.9]_lr=0.0001_rnn_type=GRU",15.0,2.0,0.1,GRU,0.1,0.9,0.0001,212,61,66,0.48950962062228376,0.47427855675946623,0.47630702697664373,0.44707681999893,0.8205603,8,0.5151622796223125,0.5114727547798783,0.07782842218875885,0.9370697140693665,17.359359741210938,11.006150245666504,0.21890472444479378,0.08662023680123297,0.16529262744868342,0.10354195410847948,0.2948946404216112
TwoRoom,"0186_window_len=8_w_neg=15.0_c_neg=2.0_reg_neg=0.1_discount=[0.1,0.9]_lr=0.001_rnn_type=LSTM",15.0,2.0,0.1,LSTM,0.1,0.9,0.001,212,61,66,0.48950962062228376,0.47427855675946623,0.4552476894774572,0.47480432463653194,0.8749278,8,0.46398781404426953,0.50622768224848,0.07457304000854492,0.9422357082366943,18.24034881591797,13.564693450927734,0.21890472444479378,0.039635987003319655,0.14285153690877547,0.055018025545419166,0.2948946404216112
TwoRoom,"0187_window_len=8_w_neg=15.0_c_neg=2.0_reg_neg=0.1_discount=[0.1,0.9]_lr=0.001_rnn_type=GRU",15.0,2.0,0.1,GRU,0.1,0.9,0.001,212,61,66,0.48950962062228376,0.47427855675946623,0.45466621873041235,0.47579977063038753,0.85513294,8,0.44956344372624885,0.47344383589777184,-0.26438167691230774,0.9335967898368835,18.20205307006836,13.072342872619629,0.21890472444479378,0.09880171860995113,0.13835947120704506,0.07724429210101882,0.2948946404216112
TwoRoom,"0188_window_len=8_w_neg=15.0_c_neg=2.0_reg_neg=0.1_discount=[0.3,0.7]_lr=0.0001_rnn_type=LSTM",15.0,2.0,0.1,LSTM,0.3,0.7,0.0001,212,61,66,0.48950962062228376,0.47427855675946623,0.4735071465476598,0.4779370331498057,0.9380862,8,0.5162946579770392,0.536384244115065,-0.18389490246772766,0.985272228717804,16.966690063476562,15.793301582336426,0.21890472444479378,0.04136163279965892,0.0831246978804432,0.06236628834001283,0.2948946404216112
TwoRoom,"0189_window_len=8_w_neg=15.0_c_neg=2.0_reg_neg=0.1_discount=[0.3,0.7]_lr=0.0001_rnn_type=GRU",15.0,2.0,0.1,GRU,0.3,0.7,0.0001,212,61,66,0.48950962062228376,0.47427855675946623,0.4777093263553985,0.4771563054721648,0.9184173,8,0.528501282641263,0.5413480997739362,0.09791360795497894,0.9834162592887878,17.163610458374023,15.364145278930664,0.21890472444479378,0.04399146312696746,0.07480491766427615,0.05915290629413546,0.2948946404216112
TwoRoom,"0190_window_len=8_w_neg=15.0_c_neg=2.0_reg_neg=0.1_discount=[0.3,0.7]_lr=0.001_rnn_type=LSTM",15.0,2.0,0.1,LSTM,0.3,0.7,0.001,212,61,66,0.48950962062228376,0.47427855675946623,0.4749691521663523,0.4779319892174468,0.94909906,8,0.47658218617378056,0.5000354775699085,-0.023167751729488373,0.9948431253433228,17.90760040283203,16.323280334472656,0.21890472444479378,0.06213928030883331,0.08212047591200497,0.07599125907015783,0.2948946404216112
TwoRoom,"0191_window_len=8_w_neg=15.0_c_neg=2.0_reg_neg=0.1_discount=[0.3,0.7]_lr=0.001_rnn_type=GRU",15.0,2.0,0.1,GRU,0.3,0.7,0.001,212,61,66,0.48950962062228376,0.47427855675946623,0.4746869893737514,0.4752755867964401,0.9380434,8,0.4692824632514327,0.48125946805642245,0.12437131255865097,0.9879150390625,18.128263473510742,16.35239601135254,0.21890472444479378,0.04908439471913631,0.05653269495119892,0.02406734016440308,0.2948946404216112
TwoRoom,"0192_window_len=16_w_neg=5.0_c_neg=1.0_reg_neg=0.0_discount=[0.1,0.9]_lr=0.0001_rnn_type=LSTM",5.0,1.0,0.0,LSTM,0.1,0.9,0.0001,212,61,66,0.48950962062228376,0.47427855675946623,0.42262998611121166,0.3084086602661268,0.5352108,16,0.4223302927982425,0.25943451801149914,0.20552995800971985,0.2095114141702652,11.668319702148438,1.0000094175338745,0.21890472444479378,0.19173521548734912,0.3463475639549733,0.2007385848595539,0.2948946404216112
TwoRoom,"0193_window_len=16_w_neg=5.0_c_neg=1.0_reg_neg=0.0_discount=[0.1,0.9]_lr=0.0001_rnn_type=GRU",5.0,1.0,0.0,GRU,0.1,0.9,0.0001,212,61,66,0.48950962062228376,0.47427855675946623,0.4318015777547529,0.304178949282138,0.5164366,16,0.44338897864375737,0.2503286529053388,-0.03927989304065704,0.28956514596939087,9.167681694030762,1.000203013420105,0.21890472444479378,0.2005269672033696,0.4011212672973433,0.219755316963025,0.2948946404216112
TwoRoom,"0194_window_len=16_w_neg=5.0_c_neg=1.0_reg_neg=0.0_discount=[0.1,0.9]_lr=0.001_rnn_type=LSTM",5.0,1.0,0.0,LSTM,0.1,0.9,0.001,212,61,66,0.48950962062228376,0.47427855675946623,0.39148039078243574,0.309719767829109,0.5612328,16,0.40272892509917896,0.27372493836213874,-0.09691464900970459,0.22354929149150848,6.277459621429443,1.000004768371582,0.21890472444479378,0.19529103337687015,0.3096299768101226,0.20186464729670434,0.2948946404216112
TwoRoom,"0195_window_len=16_w_neg=5.0_c_neg=1.0_reg_neg=0.0_discount=[0.1,0.9]_lr=0.001_rnn_type=GRU",5.0,1.0,0.0,GRU,0.1,0.9,0.001,212,61,66,0.48950962062228376,0.47427855675946623,0.41695593426127076,0.2710267078593084,0.4416756,16,0.392671248945626,0.2542760737345805,-0.1622910052537918,0.4569384753704071,11.989144325256348,1.6317838430404663,0.21890472444479378,0.22597110466422024,0.28725814295769314,0.2575021354356812,0.2948946404216112
TwoRoom,"0196_window_len=16_w_neg=5.0_c_neg=1.0_reg_neg=0.0_discount=[0.3,0.7]_lr=0.0001_rnn_type=LSTM",5.0,1.0,0.0,LSTM,0.3,0.7,0.0001,212,61,66,0.48950962062228376,0.47427855675946623,0.4239036051442079,0.4051273331428503,0.67003447,16,0.4217424895646955,0.33975513485687575,-0.1284918636083603,0.7608907222747803,9.871296882629395,4.312280654907227,0.21890472444479378,0.22078005943145684,0.1036221123115796,0.22997067836610355,0.2948946404216112
TwoRoom,"0197_window_len=16_w_neg=5.0_c_neg=1.0_reg_neg=0.0_discount=[0.3,0.7]_lr=0.0001_rnn_type=GRU",5.0,1.0,0.0,GRU,0.3,0.7,0.0001,212,61,66,0.48950962062228376,0.47427855675946623,0.4359167437687785,0.38982606910393236,0.63566476,16,0.42097651284919824,0.3268995190351228,0.0829056054353714,0.7968434691429138,7.295888900756836,3.6973063945770264,0.21890472444479378,0.19563346922051383,0.21411474452727616,0.19388409659605696,0.2948946404216112
TwoRoom,"0198_window_len=16_w_neg=5.0_c_neg=1.0_reg_neg=0.0_discount=[0.3,0.7]_lr=0.001_rnn_type=LSTM",5.0,1.0,0.0,LSTM,0.3,0.7,0.001,212,61,66,0.48950962062228376,0.47427855675946623,0.41039416903096376,0.3930211099440551,0.6723291,16,0.42820840670259824,0.3597114764547348,0.19603228569030762,0.8340091109275818,7.69991397857666,4.2048258781433105,0.21890472444479378,0.11385094029277897,0.0983656579850865,0.11163216123096781,0.2948946404216112
TwoRoom,"0199_window_len=16_w_neg=5.0_c_neg=1.0_reg_neg=0.0_discount=[0.3,0.7]_lr=0.001_rnn_type=GRU",5.0,1.0,0.0,GRU,0.3,0.7,0.001,212,61,66,0.48950962062228376,0.47427855675946623,0.40985847197440906,0.3726182221903891,0.6654292,16,0.40822943834932846,0.3577453786980198,-0.10867664963006973,0.809651792049408,9.377910614013672,4.944989204406738,0.21890472444479378,0.30402659778061225,0.17065937946264229,0.24652495047033912,0.2948946404216112
TwoRoom,"0200_window_len=16_w_neg=5.0_c_neg=1.0_reg_neg=0.1_discount=[0.1,0.9]_lr=0.0001_rnn_type=LSTM",5.0,1.0,0.1,LSTM,0.1,0.9,0.0001,212,61,66,0.48950962062228376,0.47427855675946623,0.4267312193820711,0.28802632198002753,0.49766588,16,0.4342420984052976,0.2589407335844882,0.09418289363384247,0.1801985502243042,11.82746410369873,1.0000057220458984,0.21890472444479378,0.11623580715141356,0.2883553484417275,0.1260830820858564,0.2948946404216112
TwoRoom,"0201_window_len=16_w_neg=5.0_c_neg=1.0_reg_neg=0.1_discount=[0.1,0.9]_lr=0.0001_rnn_type=GRU",5.0,1.0,0.1,GRU,0.1,0.9,0.0001,212,61,66,0.48950962062228376,0.47427855675946623,0.45388346632560383,0.30138327378210716,0.534134,16,0.45552329240360284,0.23757845605983735,-0.03868449106812477,0.2958335876464844,9.053300857543945,1.003348469734192,0.21890472444479378,0.13032761925641362,0.4681303187609148,0.16852011733830644,0.2948946404216112
TwoRoom,"0202_window_len=16_w_neg=5.0_c_neg=1.0_reg_neg=0.1_discount=[0.1,0.9]_lr=0.001_rnn_type=LSTM",5.0,1.0,0.1,LSTM,0.1,0.9,0.001,212,61,66,0.48950962062228376,0.47427855675946623,0.4211701020604677,0.31546895425560095,0.5497293,16,0.4056332480101127,0.33234952280021096,-0.000893800868652761,0.16189338266849518,15.195910453796387,1.0000011920928955,0.21890472444479378,0.15918072477870593,0.42704443017992033,0.16889269266631576,0.2948946404216112
TwoRoom,"0203_window_len=16_w_neg=5.0_c_neg=1.0_reg_neg=0.1_discount=[0.1,0.9]_lr=0.001_rnn_type=GRU",5.0,1.0,0.1,GRU,0.1,0.9,0.001,212,61,66,0.48950962062228376,0.47427855675946623,0.4287253536591651,0.27059995287692107,0.48003405,16,0.43718501849663766,0.26398006424966125,0.030003348365426064,0.39682331681251526,17.624698638916016,1.8230429887771606,0.21890472444479378,0.1445669224551179,0.13371542555223684,0.15876774971633414,0.2948946404216112
TwoRoom,"0204_window_len=16_w_neg=5.0_c_neg=1.0_reg_neg=0.1_discount=[0.3,0.7]_lr=0.0001_rnn_type=LSTM",5.0,1.0,0.1,LSTM,0.3,0.7,0.0001,212,61,66,0.48950962062228376,0.47427855675946623,0.4147841005830831,0.4039545087791191,0.68554187,16,0.410159271612609,0.32668564428111413,0.069417305290699,0.770548403263092,9.361370086669922,4.434235572814941,0.21890472444479378,0.1597123339816659,0.09306239126798295,0.13776694176972903,0.2948946404216112
TwoRoom,"0205_window_len=16_w_neg=5.0_c_neg=1.0_reg_neg=0.1_discount=[0.3,0.7]_lr=0.0001_rnn_type=GRU",5.0,1.0,0.1,GRU,0.3,0.7,0.0001,212,61,66,0.48950962062228376,0.47427855675946623,0.4315393035479703,0.37618353195491777,0.5936122,16,0.43404598136569505,0.3283274833819992,0.029862938448786736,0.7972914576530457,7.343474388122559,3.6239349842071533,0.21890472444479378,0.1687195509476195,0.1300384084596284,0.16411333996467456,0.2948946404216112
TwoRoom,"0206_window_len=16_w_neg=5.0_c_neg=1.0_reg_neg=0.1_discount=[0.3,0.7]_lr=0.001_rnn_type=LSTM",5.0,1.0,0.1,LSTM,0.3,0.7,0.001,212,61,66,0.48950962062228376,0.47427855675946623,0.4325005392188344,0.3922631537758624,0.69478464,16,0.41989111800182394,0.3529438540637265,-0.02568131498992443,0.7632603049278259,12.450845718383789,4.840956211090088,0.21890472444479378,0.16524389126119854,0.08722495028542022,0.17454160155518703,0.2948946404216112
TwoRoom,"0207_window_len=16_w_neg=5.0_c_neg=1.0_reg_neg=0.1_discount=[0.3,0.7]_lr=0.001_rnn_type=GRU",5.0,1.0,0.1,GRU,0.3,0.7,0.001,212,61,66,0.48950962062228376,0.47427855675946623,0.445352096941098,0.35724639314757284,0.6074721,16,0.4246291852424505,0.3259337451819903,-0.002819643821567297,0.7108111381530762,14.48282241821289,4.754241943359375,0.21890472444479378,0.15645598713892686,0.09856124400065078,0.15186580779660191,0.2948946404216112
TwoRoom,"0208_window_len=16_w_neg=5.0_c_neg=2.0_reg_neg=0.0_discount=[0.1,0.9]_lr=0.0001_rnn_type=LSTM",5.0,2.0,0.0,LSTM,0.1,0.9,0.0001,212,61,66,0.48950962062228376,0.47427855675946623,0.44795197440878615,0.45586605628643817,0.85198057,16,0.4832213719959474,0.49032263473388343,-0.12574931979179382,0.9242841601371765,16.53046989440918,9.467453002929688,0.21890472444479378,0.09481048136119025,0.21565121696429915,0.15201458142155574,0.2948946404216112
TwoRoom,"0209_window_len=16_w_neg=5.0_c_neg=2.0_reg_neg=0.0_discount=[0.1,0.9]_lr=0.0001_rnn_type=GRU",5.0,2.0,0.0,GRU,0.1,0.9,0.0001,212,61,66,0.48950962062228376,0.47427855675946623,0.47248714747015386,0.47734939835494394,0.8992284,16,0.5156717654004874,0.4968068411668825,-0.019719408825039864,0.9347826838493347,16.921382904052734,9.213723182678223,0.21890472444479378,0.0878290225039827,0.18440170180212584,0.09599874656394633,0.2948946404216112
TwoRoom,"0210_window_len=16_w_neg=5.0_c_neg=2.0_reg_neg=0.0_discount=[0.1,0.9]_lr=0.001_rnn_type=LSTM",5.0,2.0,0.0,LSTM,0.1,0.9,0.001,212,61,66,0.48950962062228376,0.47427855675946623,0.4403189507064371,0.4504611483218063,0.80787927,16,0.4660663213744513,0.48359880169520614,0.0070028770714998245,0.9146875143051147,16.6171932220459,8.540197372436523,0.21890472444479378,0.07579503178896875,0.2796110503819423,0.11362906238659784,0.2948946404216112
TwoRoom,"0211_window_len=16_w_neg=5.0_c_neg=2.0_reg_neg=0.0_discount=[0.1,0.9]_lr=0.001_rnn_type=GRU",5.0,2.0,0.0,GRU,0.1,0.9,0.001,212,61,66,0.48950962062228376,0.47427855675946623,0.4517287332999066,0.41782147306644574,0.73491377,16,0.4546345198096707,0.3910368686452312,0.008790896274149418,0.8153554201126099,18.22295570373535,7.461843013763428,0.21890472444479378,0.05548037806090062,0.18860583923832064,0.041509765158987924,0.2948946404216112
TwoRoom,"0212_window_len=16_w_neg=5.0_c_neg=2.0_reg_neg=0.0_discount=[0.3,0.7]_lr=0.0001_rnn_type=LSTM",5.0,2.0,0.0,LSTM,0.3,0.7,0.0001,212,61,66,0.48950962062228376,0.47427855675946623,0.46776261139653047,0.4737610090076457,0.9406724,16,0.5057225055547322,0.49430135678933934,-0.00486753461882472,0.9894278645515442,16.911907196044922,14.194756507873535,0.21890472444479378,0.028977511053503675,0.14348831367420278,0.06608370516698372,0.2948946404216112
TwoRoom,"0213_window_len=16_w_neg=5.0_c_neg=2.0_reg_neg=0.0_discount=[0.3,0.7]_lr=0.0001_rnn_type=GRU",5.0,2.0,0.0,GRU,0.3,0.7,0.0001,212,61,66,0.48950962062228376,0.47427855675946623,0.47788703793193366,0.47963287820259765,0.9110368,16,0.5219892591086994,0.5463223091831733,0.015032523311674595,0.9839467406272888,15.714235305786133,12.517084121704102,0.21890472444479378,0.07424573403944976,0.15162918078105037,0.10726642485732318,0.2948946404216112
TwoRoom,"0214_window_len=16_w_neg=5.0_c_neg=2.0_reg_neg=0.0_discount=[0.3,0.7]_lr=0.001_rnn_type=LSTM",5.0,2.0,0.0,LSTM,0.3,0.7,0.001,212,61,66,0.48950962062228376,0.47427855675946623,0.43869706652198115,0.4371341760326025,0.8105961,16,0.4736712147502028,0.4795875750976232,-0.06572502106428146,0.9369698166847229,11.88476276397705,11.282434463500977,0.21890472444479378,0.2498024590786966,0.24609081364234892,0.2569038346077419,0.2948946404216112
TwoRoom,"0215_window_len=16_w_neg=5.0_c_neg=2.0_reg_neg=0.0_discount=[0.3,0.7]_lr=0.001_rnn_type=GRU",5.0,2.0,0.0,GRU,0.3,0.7,0.001,212,61,66,0.48950962062228376,0.47427855675946623,0.4283128165468605,0.4174102262799682,0.7122196,16,0.44631660147150515,0.41777048542901135,-0.1533118188381195,0.8660309314727783,13.648664474487305,9.737853050231934,0.21890472444479378,0.20223722262471364,0.30178858075005704,0.21108925330946549,0.2948946404216112
TwoRoom,"0216_window_len=16_w_neg=5.0_c_neg=2.0_reg_neg=0.1_discount=[0.1,0.9]_lr=0.0001_rnn_type=LSTM",5.0,2.0,0.1,LSTM,0.1,0.9,0.0001,212,61,66,0.48950962062228376,0.47427855675946623,0.4597331090667547,0.46645429731403737,0.86343986,16,0.4717220027370475,0.4571103547984651,0.07371482998132706,0.938901960849762,17.647048950195312,10.45168399810791,0.21890472444479378,0.07766047349151461,0.21283028948079993,0.08298554323986139,0.2948946404216112
TwoRoom,"0217_window_len=16_w_neg=5.0_c_neg=2.0_reg_neg=0.1_discount=[0.1,0.9]_lr=0.0001_rnn_type=GRU",5.0,2.0,0.1,GRU,0.1,0.9,0.0001,212,61,66,0.48950962062228376,0.47427855675946623,0.4723435016324518,0.47286380132857586,0.8918271,16,0.5035550458032605,0.5233532640831557,0.06269372254610062,0.940300703048706,16.80402183532715,10.067606925964355,0.21890472444479378,0.020376856493673823,0.16736519794804,0.07900264244422292,0.2948946404216112
TwoRoom,"0218_window_len=16_w_neg=5.0_c_neg=2.0_reg_neg=0.1_discount=[0.1,0.9]_lr=0.001_rnn_type=LSTM",5.0,2.0,0.1,LSTM,0.1,0.9,0.001,212,61,66,0.48950962062228376,0.47427855675946623,0.45481347497792024,0.45355273298524557,0.8171938,16,0.450839015304833,0.44823608608097254,-0.0887351855635643,0.8664310574531555,18.227725982666016,8.553921699523926,0.21890472444479378,0.06109209354353341,0.1770130392731697,0.031589385943317796,0.2948946404216112
TwoRoom,"0219_window_len=16_w_neg=5.0_c_neg=2.0_reg_neg=0.1_discount=[0.1,0.9]_lr=0.001_rnn_type=GRU",5.0,2.0,0.1,GRU,0.1,0.9,0.001,212,61,66,0.48950962062228376,0.47427855675946623,0.46653990935693157,0.42333011566888706,0.7692554,16,0.4288623149351401,0.37290353478833277,0.12844103574752808,0.8455359935760498,18.415327072143555,8.633285522460938,0.21890472444479378,0.07469141364868637,0.255850235186194,0.05295250896793543,0.2948946404216112
TwoRoom,"0220_window_len=16_w_neg=5.0_c_neg=2.0_reg_neg=0.1_discount=[0.3,0.7]_lr=0.0001_rnn_type=LSTM",5.0,2.0,0.1,LSTM,0.3,0.7,0.0001,212,61,66,0.48950962062228376,0.47427855675946623,0.46964679176450996,0.47527895808336285,0.9477579,16,0.4989080541580665,0.48775640372999013,0.04964355379343033,0.9904913902282715,16.1693172454834,13.433881759643555,0.21890472444479378,0.13979334114409991,0.1479989760790524,0.13421048261458315,0.2948946404216112
TwoRoom,"0221_window_len=16_w_neg=5.0_c_neg=2.0_reg_neg=0.1_discount=[0.3,0.7]_lr=0.0001_rnn_type=GRU",5.0,2.0,0.1,GRU,0.3,0.7,0.0001,212,61,66,0.48950962062228376,0.47427855675946623,0.47566518793779633,0.4789788424729232,0.950854,16,0.5208557906146072,0.5271422450659332,-0.05918417498469353,0.9906548261642456,16.168731689453125,13.35063362121582,0.21890472444479378,0.14295093308061962,0.16032859024709956,0.14608351565777208,0.2948946404216112
TwoRoom,"0222_window_len=16_w_neg=5.0_c_neg=2.0_reg_neg=0.1_discount=[0.3,0.7]_lr=0.001_rnn_type=LSTM",5.0,2.0,0.1,LSTM,0.3,0.7,0.001,212,61,66,0.48950962062228376,0.47427855675946623,0.4632749171451199,0.471080885062679,0.89491624,16,0.4415013385122729,0.3937400686170494,0.14664699137210846,0.9458510279655457,16.67879867553711,12.648406982421875,0.21890472444479378,0.10687525282619463,0.16291737957442085,0.1542455445302381,0.2948946404216112
TwoRoom,"0223_window_len=16_w_neg=5.0_c_neg=2.0_reg_neg=0.1_discount=[0.3,0.7]_lr=0.001_rnn_type=GRU",5.0,2.0,0.1,GRU,0.3,0.7,0.001,212,61,66,0.48950962062228376,0.47427855675946623,0.46891502600332347,0.45693563230364076,0.88585246,16,0.4743359745574541,0.4674410107323502,-0.07309958338737488,0.962452232837677,17.74616813659668,14.001349449157715,0.21890472444479378,0.025222900820294325,0.07710385492918742,0.028915308287897984,0.2948946404216112
TwoRoom,"0224_window_len=16_w_neg=15.0_c_neg=1.0_reg_neg=0.0_discount=[0.1,0.9]_lr=0.0001_rnn_type=LSTM",15.0,1.0,0.0,LSTM,0.1,0.9,0.0001,212,61,66,0.48950962062228376,0.47427855675946623,0.4502143132223394,0.4738399772246056,0.83668196,16,0.489370801620075,0.5100260556045483,0.07708472013473511,0.9467829465866089,17.63896942138672,12.239629745483398,0.21890472444479378,0.10028047714074202,0.18031491597526964,0.12323586271174033,0.2948946404216112
TwoRoom,"0225_window_len=16_w_neg=15.0_c_neg=1.0_reg_neg=0.0_discount=[0.1,0.9]_lr=0.0001_rnn_type=GRU",15.0,1.0,0.0,GRU,0.1,0.9,0.0001,212,61,66,0.48950962062228376,0.47427855675946623,0.473398542907611,0.4716273402824084,0.8666254,16,0.50904073738786,0.5484641367595346,-0.10444525629281998,0.9577438831329346,17.37297821044922,11.310237884521484,0.21890472444479378,0.04915365140661481,0.17028423907213372,0.08648557102002478,0.2948946404216112
TwoRoom,"0226_window_len=16_w_neg=15.0_c_neg=1.0_reg_neg=0.0_discount=[0.1,0.9]_lr=0.001_rnn_type=LSTM",15.0,1.0,0.0,LSTM,0.1,0.9,0.001,212,61,66,0.48950962062228376,0.47427855675946623,0.4619137554936829,0.45681129391934905,0.8544672,16,0.4842530243242581,0.4730548852435007,0.08340758830308914,0.9364690184593201,16.868202209472656,11.085811614990234,0.21890472444479378,0.11159881541847816,0.21492722807389894,0.13140109791233037,0.2948946404216112
TwoRoom,"0227_window_len=16_w_neg=15.0_c_neg=1.0_reg_neg=0.0_discount=[0.1,0.9]_lr=0.001_rnn_type=GRU",15.0,1.0,0.0,GRU,0.1,0.9,0.001,212,61,66,0.48950962062228376,0.47427855675946623,0.4550146060754088,0.4536889304206008,0.8428631,16,0.4504333485677785,0.4795486148390343,-0.06759001314640045,0.9150920510292053,18.40814971923828,11.265024185180664,0.21890472444479378,0.0370657943791176,0.18847373851961163,0.05649037141996206,0.2948946404216112
TwoRoom,"0228_window_len=16_w_neg=15.0_c_neg=1.0_reg_neg=0.0_discount=[0.3,0.7]_lr=0.0001_rnn_type=LSTM",15.0,1.0,0.0,LSTM,0.3,0.7,0.0001,212,61,66,0.48950962062228376,0.47427855675946623,0.4715297394133394,0.4607651144077772,0.89025724,16,0.5047654207703183,0.5119662552766424,0.14665912091732025,0.9791972041130066,17.444150924682617,14.550968170166016,0.21890472444479378,0.06976008099396735,0.09653420336065509,0.0683172333381653,0.2948946404216112
TwoRoom,"0229_window_len=16_w_neg=15.0_c_neg=1.0_reg_neg=0.0_discount=[0.3,0.7]_lr=0.0001_rnn_type=GRU",15.0,1.0,0.0,GRU,0.3,0.7,0.0001,212,61,66,0.48950962062228376,0.47427855675946623,0.47563265033806124,0.4795304809160606,0.9444048,16,0.5316064971507477,0.5524532558630637,0.013759348541498184,0.9942525625228882,16.610071182250977,14.573142051696777,0.21890472444479378,0.12461907266443589,0.13113753774053719,0.1004670854375591,0.2948946404216112
TwoRoom,"0230_window_len=16_w_neg=15.0_c_neg=1.0_reg_neg=0.0_discount=[0.3,0.7]_lr=0.001_rnn_type=LSTM",15.0,1.0,0.0,LSTM,0.3,0.7,0.001,212,61,66,0.48950962062228376,0.47427855675946623,0.4721178566998308,0.45866136365010235,0.88065225,16,0.4898435085322353,0.48726104878515153,0.12306409329175949,0.9736815690994263,15.776830673217773,14.530345916748047,0.21890472444479378,0.1373764110042253,0.1470133508137334,0.14127722979988924,0.2948946404216112
TwoRoom,"0231_window_len=16_w_neg=15.0_c_neg=1.0_reg_neg=0.0_discount=[0.3,0.7]_lr=0.001_rnn_type=GRU",15.0,1.0,0.0,GRU,0.3,0.7,0.001,212,61,66,0.48950962062228376,0.47427855675946623,0.4147469137729912,0.47208249674777114,0.80334044,16,0.3534721912455852,0.46892692006008324,-0.09203966706991196,0.8290143013000488,9.67051887512207,15.669991493225098,0.21890472444479378,0.37083942196299463,0.12034696107201222,0.20215257556223992,0.2948946404216112
TwoRoom,"0232_window_len=16_w_neg=15.0_c_neg=1.0_reg_neg=0.1_discount=[0.1,0.9]_lr=0.0001_rnn_type=LSTM",15.0,1.0,0.1,LSTM,0.1,0.9,0.0001,212,61,66,0.48950962062228376,0.47427855675946623,0.4666781084786423,0.4753534121966975,0.90251,16,0.48375294726199664,0.5086589936596302,0.03391161933541298,0.9705942273139954,17.697996139526367,13.233027458190918,0.21890472444479378,0.07360382714902403,0.1974219590480836,0.10925370702858121,0.2948946404216112
TwoRoom,"0233_window_len=16_w_neg=15.0_c_neg=1.0_reg_neg=0.1_discount=[0.1,0.9]_lr=0.0001_rnn_type=GRU",15.0,1.0,0.1,GRU,0.1,0.9,0.0001,212,61,66,0.48950962062228376,0.47427855675946623,0.47687012492289227,0.47924858974003337,0.90664357,16,0.5184003719716522,0.5454911701469881,-0.12560856342315674,0.9663499593734741,17.147863388061523,11.810835838317871,0.21890472444479378,0.10920368830984674,0.13652288645761526,0.08948220528471944,0.2948946404216112
TwoRoom,"0234_window_len=16_w_neg=15.0_c_neg=1.0_reg_neg=0.1_discount=[0.1,0.9]_lr=0.001_rnn_type=LSTM",15.0,1.0,0.1,LSTM,0.1,0.9,0.001,212,61,66,0.48950962062228376,0.47427855675946623,0.45656009211587867,0.4728619944289509,0.8654067,16,0.4619426749173433,0.490944863611011,0.06202271580696106,0.9340255260467529,18.468767166137695,12.558048248291016,0.21890472444479378,0.07770792714774988,0.17128333091557355,0.054925042029823026,0.2948946404216112
TwoRoom,"0235_window_len=16_w_neg=15.0_c_neg=1.0_reg_neg=0.1_discount=[0.1,0.9]_lr=0.001_rnn_type=GRU",15.0,1.0,0.1,GRU,0.1,0.9,0.001,212,61,66,0.48950962062228376,0.47427855675946623,0.4619397992735735,0.460449839494554,0.8516259,16,0.46146189452817865,0.40191637337783437,-0.14025884866714478,0.9178342819213867,18.614147186279297,12.328001022338867,0.21890472444479378,0.051714225046444864,0.15709981782622698,0.07868713975682087,0.2948946404216112
TwoRoom,"0236_window_len=16_w_neg=15.0_c_neg=1.0_reg_neg=0.1_discount=[0.3,0.7]_lr=0.0001_rnn_type=LSTM",15.0,1.0,0.1,LSTM,0.3,0.7,0.0001,212,61,66,0.48950962062228376,0.47427855675946623,0.4751256033697124,0.460255775492576,0.90984744,16,0.5058081402364403,0.5036758662260901,0.033037908375263214,0.9798916578292847,17.31855010986328,15.11056137084961,0.21890472444479378,0.06753040041653459,0.15485667067067335,0.08504464716109714,0.2948946404216112
TwoRoom,"0237_window_len=16_w_neg=15.0_c_neg=1.0_reg_neg=0.1_discount=[0.3,0.7]_lr=0.0001_rnn_type=GRU",15.0,1.0,0.1,GRU,0.3,0.7,0.0001,212,61,66,0.48950962062228376,0.47427855675946623,0.4765671209948363,0.4788135509797636,0.9169122,16,0.5239759261616059,0.5174248885808946,0.08333077281713486,0.9861045479774475,16.564661026000977,14.560348510742188,0.21890472444479378,0.0843277121925697,0.14782519309473138,0.09876901406308627,0.2948946404216112
TwoRoom,"0238_window_len=16_w_neg=15.0_c_neg=1.0_reg_neg=0.1_discount=[0.3,0.7]_lr=0.001_rnn_type=LSTM",15.0,1.0,0.1,LSTM,0.3,0.7,0.001,212,61,66,0.48950962062228376,0.47427855675946623,0.4542964031444384,0.458758123431097,0.92572623,16,0.4545756816369796,0.470547318494425,0.05833049491047859,0.9861568212509155,17.695444107055664,15.44094467163086,0.21890472444479378,0.08899291961299637,0.12568293233598063,0.06045467551248131,0.2948946404216112
TwoRoom,"0239_window_len=16_w_neg=15.0_c_neg=1.0_reg_neg=0.1_discount=[0.3,0.7]_lr=0.001_rnn_type=GRU",15.0,1.0,0.1,GRU,0.3,0.7,0.001,212,61,66,0.48950962062228376,0.47427855675946623,0.4735293492446086,0.47492736713232775,0.94285697,16,0.4653215270958251,0.4443575971482699,0.029545743018388748,0.9883165955543518,17.884679794311523,15.871383666992188,0.21890472444479378,0.008008766388138607,0.07984975433458494,0.02943024458461312,0.2948946404216112
TwoRoom,"0240_window_len=16_w_neg=15.0_c_neg=2.0_reg_neg=0.0_discount=[0.1,0.9]_lr=0.0001_rnn_type=LSTM",15.0,2.0,0.0,LSTM,0.1,0.9,0.0001,212,61,66,0.48950962062228376,0.47427855675946623,0.4746177566253184,0.4604043223438327,0.84936476,16,0.5114558762182058,0.5357643356298815,-0.07379116863012314,0.955595076084137,17.71383285522461,12.898219108581543,0.21890472444479378,0.052654320452402995,0.17413824547718723,0.06814216782259466,0.2948946404216112
TwoRoom,"0241_window_len=16_w_neg=15.0_c_neg=2.0_reg_neg=0.0_discount=[0.1,0.9]_lr=0.0001_rnn_type=GRU",15.0,2.0,0.0,GRU,0.1,0.9,0.0001,212,61,66,0.48950962062228376,0.47427855675946623,0.4724128567649431,0.4427035609775106,0.8285696,16,0.5031683033241863,0.49468823223135355,0.06453395634889603,0.9371286034584045,17.6762752532959,11.56244945526123,0.21890472444479378,0.04771978146955998,0.21095587005950686,0.09019978151887167,0.2948946404216112
TwoRoom,"0242_window_len=16_w_neg=15.0_c_neg=2.0_reg_neg=0.0_discount=[0.1,0.9]_lr=0.001_rnn_type=LSTM",15.0,2.0,0.0,LSTM,0.1,0.9,0.001,212,61,66,0.48950962062228376,0.47427855675946623,0.45544551840176845,0.4733909138877565,0.86329365,16,0.4845400476419928,0.498691740735609,-0.04825780913233757,0.9385050535202026,17.421710968017578,13.719710350036621,0.21890472444479378,0.051312792765319484,0.18635243183277025,0.06646846454186427,0.2948946404216112
TwoRoom,"0243_window_len=16_w_neg=15.0_c_neg=2.0_reg_neg=0.0_discount=[0.1,0.9]_lr=0.001_rnn_type=GRU",15.0,2.0,0.0,GRU,0.1,0.9,0.001,212,61,66,0.48950962062228376,0.47427855675946623,0.4710052060106042,0.42753047024282564,0.7947747,16,0.46132595792990216,0.4689292526617437,-0.05032496899366379,0.8977064490318298,18.127859115600586,11.62497329711914,0.21890472444479378,0.0460518495794528,0.33963659762457266,0.0786428924287096,0.2948946404216112
TwoRoom,"0244_window_len=16_w_neg=15.0_c_neg=2.0_reg_neg=0.0_discount=[0.3,0.7]_lr=0.0001_rnn_type=LSTM",15.0,2.0,0.0,LSTM,0.3,0.7,0.0001,212,61,66,0.48950962062228376,0.47427855675946623,0.4755445125076597,0.46051595892397695,0.8778696,16,0.5153824980933319,0.5195591098643915,-0.10925422608852386,0.977253794670105,17.009777069091797,15.074700355529785,0.21890472444479378,0.10919663438797395,0.16002976046594233,0.13265348967756654,0.2948946404216112
TwoRoom,"0245_window_len=16_w_neg=15.0_c_neg=2.0_reg_neg=0.0_discount=[0.3,0.7]_lr=0.0001_rnn_type=GRU",15.0,2.0,0.0,GRU,0.3,0.7,0.0001,212,61,66,0.48950962062228376,0.47427855675946623,0.47338409382161667,0.4645754793880005,0.9020384,16,0.5180339364691267,0.5201083849187216,0.10136276483535767,0.9715079665184021,17.117128372192383,15.100655555725098,0.21890472444479378,0.061700013355844685,0.10972311346593548,0.08326128745852579,0.2948946404216112
TwoRoom,"0246_window_len=16_w_neg=15.0_c_neg=2.0_reg_neg=0.0_discount=[0.3,0.7]_lr=0.001_rnn_type=LSTM",15.0,2.0,0.0,LSTM,0.3,0.7,0.001,212,61,66,0.48950962062228376,0.47427855675946623,0.47162591487407235,0.478063054033266,0.9349308,16,0.4886643246715483,0.47580292435032856,-0.005523082334548235,0.9872676134109497,17.008525848388672,16.633094787597656,0.21890472444479378,0.07480555892990096,0.08182228739647254,0.07747130013219834,0.2948946404216112
TwoRoom,"0247_window_len=16_w_neg=15.0_c_neg=2.0_reg_neg=0.0_discount=[0.3,0.7]_lr=0.001_rnn_type=GRU",15.0,2.0,0.0,GRU,0.3,0.7,0.001,212,61,66,0.48950962062228376,0.47427855675946623,0.47441284069388806,0.4679932305221467,0.89810085,16,0.4928208857959195,0.4719310296864373,-0.1406722515821457,0.9657018184661865,18.00320816040039,15.399035453796387,0.21890472444479378,0.04503287850164414,0.11778125730718376,0.0567302047636376,0.2948946404216112
TwoRoom,"0248_window_len=16_w_neg=15.0_c_neg=2.0_reg_neg=0.1_discount=[0.1,0.9]_lr=0.0001_rnn_type=LSTM",15.0,2.0,0.1,LSTM,0.1,0.9,0.0001,212,61,66,0.48950962062228376,0.47427855675946623,0.474726207052169,0.4712855658083875,0.89245844,16,0.5190830278338241,0.5590821283062251,0.01261705532670021,0.9606847763061523,17.355195999145508,12.672282218933105,0.21890472444479378,0.10533557406104763,0.16531571301117626,0.1355635530829131,0.2948946404216112
TwoRoom,"0249_window_len=16_w_neg=15.0_c_neg=2.0_reg_neg=0.1_discount=[0.1,0.9]_lr=0.0001_rnn_type=GRU",15.0,2.0,0.1,GRU,0.1,0.9,0.0001,212,61,66,0.48950962062228376,0.47427855675946623,0.47378217436948133,0.4487675631208252,0.8061824,16,0.5267142452751552,0.48581276320562294,0.0244363471865654,0.9325956106185913,17.67392349243164,11.016674995422363,0.21890472444479378,0.06683911607299921,0.22341245482126462,0.07727892044475808,0.2948946404216112
TwoRoom,"0250_window_len=16_w_neg=15.0_c_neg=2.0_reg_neg=0.1_discount=[0.1,0.9]_lr=0.001_rnn_type=LSTM",15.0,2.0,0.1,LSTM,0.1,0.9,0.001,212,61,66,0.48950962062228376,0.47427855675946623,0.4565401629063263,0.47982943445105564,0.86196756,16,0.46083534839388357,0.49124874434068955,-0.06525704264640808,0.9561478495597839,18.164913177490234,14.134675979614258,0.21890472444479378,0.08657727200437132,0.18020846588155268,0.10026444550012202,0.2948946404216112
TwoRoom,"0251_window_len=16_w_neg=15.0_c_neg=2.0_reg_neg=0.1_discount=[0.1,0.9]_lr=0.001_rnn_type=GRU",15.0,2.0,0.1,GRU,0.1,0.9,0.001,212,61,66,0.48950962062228376,0.47427855675946623,0.454050589652763,0.45699147087655767,0.8548807,16,0.4428358908588321,0.43430956182166813,0.1245800033211708,0.9431437253952026,18.235618591308594,13.02631664276123,0.21890472444479378,0.06384055801143013,0.19134147839372131,0.07955669594405092,0.2948946404216112
TwoRoom,"0252_window_len=16_w_neg=15.0_c_neg=2.0_reg_neg=0.1_discount=[0.3,0.7]_lr=0.0001_rnn_type=LSTM",15.0,2.0,0.1,LSTM,0.3,0.7,0.0001,212,61,66,0.48950962062228376,0.47427855675946623,0.4595199522143523,0.4626090357890032,0.9318225,16,0.5101541336195444,0.5376699507949525,-0.02740473486483097,0.9899913668632507,16.696012496948242,15.251266479492188,0.21890472444479378,0.1027127976556119,0.1603535996064668,0.11328726780857895,0.2948946404216112
TwoRoom,"0253_window_len=16_w_neg=15.0_c_neg=2.0_reg_neg=0.1_discount=[0.3,0.7]_lr=0.0001_rnn_type=GRU",15.0,2.0,0.1,GRU,0.3,0.7,0.0001,212,61,66,0.48950962062228376,0.47427855675946623,0.4750426602572929,0.46023917598364894,0.90536946,16,0.5313539636647712,0.5255593126674741,0.03679085150361061,0.9700020551681519,17.248672485351562,15.052108764648438,0.21890472444479378,0.10315975979609814,0.147314104391765,0.13018910588145663,0.2948946404216112
TwoRoom,"0254_window_len=16_w_neg=15.0_c_neg=2.0_reg_neg=0.1_discount=[0.3,0.7]_lr=0.001_rnn_type=LSTM",15.0,2.0,0.1,LSTM,0.3,0.7,0.001,212,61,66,0.48950962062228376,0.47427855675946623,0.4585875394670113,0.47836053152556823,0.8966802,16,0.4872625574253952,0.4887679605968037,-0.09663515537977219,0.9803681373596191,17.631460189819336,16.53666114807129,0.21890472444479378,0.11911637233801926,0.08755456081656791,0.0608663680436035,0.2948946404216112
TwoRoom,"0255_window_len=16_w_neg=15.0_c_neg=2.0_reg_neg=0.1_discount=[0.3,0.7]_lr=0.001_rnn_type=GRU",15.0,2.0,0.1,GRU,0.3,0.7,0.001,212,61,66,0.48950962062228376,0.47427855675946623,0.4580623363608275,0.4782275856108774,0.9076932,16,0.48990445395547716,0.4763819088187457,0.06591320782899857,0.9725762009620667,16.966705322265625,16.608980178833008,0.21890472444479378,0.09936282603165193,0.11059523471566472,0.08829458134758816,0.2948946404216112
HardMaze,"0000_window_len=1_w_neg=5.0_c_neg=1.0_reg_neg=0.0_discount=[0.1,0.9]_lr=0.0001_rnn_type=LSTM",5.0,1.0,0.0,LSTM,0.1,0.9,0.0001,148,126,5,0.8495738351536739,0.7871494956618309,0.7839784891977215,0.5962877373913955,0.656404,1,0.7839784891977215,0.5962877373913955,-0.05264407396316528,0.5875082612037659,16.674922943115234,4.303628921508789,0.37615537211826483,0.011768826373737367,0.544549407049214,0.1370156811737303,0.10339375261108719
HardMaze,"0001_window_len=1_w_neg=5.0_c_neg=1.0_reg_neg=0.0_discount=[0.1,0.9]_lr=0.0001_rnn_type=GRU",5.0,1.0,0.0,GRU,0.1,0.9,0.0001,148,126,5,0.8495738351536739,0.7871494956618309,0.7679361013941561,0.5977626310274127,0.6465252,1,0.7679361013941561,0.5977626310274127,0.0675569474697113,0.6404945850372314,16.226993560791016,4.9176716804504395,0.37615537211826483,0.09680390258041868,0.5080298092790355,0.2320652418118319,0.10339375261108719
HardMaze,"0002_window_len=1_w_neg=5.0_c_neg=1.0_reg_neg=0.0_discount=[0.1,0.9]_lr=0.001_rnn_type=LSTM",5.0,1.0,0.0,LSTM,0.1,0.9,0.001,148,126,5,0.8495738351536739,0.7871494956618309,0.7883241864931456,0.6171054623888413,0.6835662,1,0.7883241864931456,0.6171054623888413,0.038708094507455826,0.7173762321472168,16.94707679748535,5.720019817352295,0.37615537211826483,0.12899742101264866,0.6797125105458751,0.35285071145053876,0.10339375261108719
HardMaze,"0003_window_len=1_w_neg=5.0_c_neg=1.0_reg_neg=0.0_discount=[0.1,0.9]_lr=0.001_rnn_type=GRU",5.0,1.0,0.0,GRU,0.1,0.9,0.001,148,126,5,0.8495738351536739,0.7871494956618309,0.7814918120431175,0.6060235797284468,0.6504542,1,0.7814918120431175,0.6060235797284468,0.0027238251641392708,0.721738338470459,16.681974411010742,5.7023725509643555,0.37615537211826483,-0.04144528579099999,0.5198848236087346,0.14318785092324532,0.10339375261108719
HardMaze,"0004_window_len=1_w_neg=5.0_c_neg=1.0_reg_neg=0.0_discount=[0.3,0.7]_lr=0.0001_rnn_type=LSTM",5.0,1.0,0.0,LSTM,0.3,0.7,0.0001,148,126,5,0.8495738351536739,0.7871494956618309,0.7733086610601305,0.716529603734926,0.7875379,1,0.7733086610601305,0.716529603734926,-0.057705577462911606,0.88702392578125,15.344714164733887,9.37826156616211,0.37615537211826483,0.04841816945396557,0.27134841468607235,0.12307918136994557,0.10339375261108719
HardMaze,"0005_window_len=1_w_neg=5.0_c_neg=1.0_reg_neg=0.0_discount=[0.3,0.7]_lr=0.0001_rnn_type=GRU",5.0,1.0,0.0,GRU,0.3,0.7,0.0001,148,126,5,0.8495738351536739,0.7871494956618309,0.7668135391421218,0.7180451568614897,0.7801508,1,0.7668135391421218,0.7180451568614897,-0.011557337827980518,0.8901031017303467,13.763190269470215,8.784777641296387,0.37615537211826483,0.11412119446321704,0.24281000698838998,0.20516718553406568,0.10339375261108719
HardMaze,"0006_window_len=1_w_neg=5.0_c_neg=1.0_reg_neg=0.0_discount=[0.3,0.7]_lr=0.001_rnn_type=LSTM",5.0,1.0,0.0,LSTM,0.3,0.7,0.001,148,126,5,0.8495738351536739,0.7871494956618309,0.7888861639228351,0.7222342600418294,0.80411786,1,0.7888861639228351,0.7222342600418294,-0.11489521712064743,0.9009717702865601,15.439375877380371,9.785340309143066,0.37615537211826483,0.08929535613739009,0.3020331805128654,0.16346704288403918,0.10339375261108719
HardMaze,"0007_window_len=1_w_neg=5.0_c_neg=1.0_reg_neg=0.0_discount=[0.3,0.7]_lr=0.001_rnn_type=GRU",5.0,1.0,0.0,GRU,0.3,0.7,0.001,148,126,5,0.8495738351536739,0.7871494956618309,0.7872087660153266,0.7311724863024738,0.8122177,1,0.7872087660153266,0.7311724863024738,-0.0331062451004982,0.8962632417678833,15.297511100769043,9.78518295288086,0.37615537211826483,0.1329824555356088,0.3154506990764506,0.22707931489705857,0.10339375261108719
HardMaze,"0008_window_len=1_w_neg=5.0_c_neg=1.0_reg_neg=0.1_discount=[0.1,0.9]_lr=0.0001_rnn_type=LSTM",5.0,1.0,0.1,LSTM,0.1,0.9,0.0001,148,126,5,0.8495738351536739,0.7871494956618309,0.7752313322330135,0.6122006952081935,0.65149033,1,0.7752313322330135,0.6122006952081935,0.004893377888947725,0.6675531268119812,16.3560848236084,4.964058876037598,0.37615537211826483,0.04628293235143066,0.47385118760304257,0.2976459355287507,0.10339375261108719
HardMaze,"0009_window_len=1_w_neg=5.0_c_neg=1.0_reg_neg=0.1_discount=[0.1,0.9]_lr=0.0001_rnn_type=GRU",5.0,1.0,0.1,GRU,0.1,0.9,0.0001,148,126,5,0.8495738351536739,0.7871494956618309,0.7746548008686479,0.610968491954911,0.65877604,1,0.7746548008686479,0.610968491954911,-0.09422247111797333,0.6604624390602112,15.039464950561523,4.9726948738098145,0.37615537211826483,0.03668919342545781,0.43906090946538606,0.17250658398565616,0.10339375261108719
HardMaze,"0010_window_len=1_w_neg=5.0_c_neg=1.0_reg_neg=0.1_discount=[0.1,0.9]_lr=0.001_rnn_type=LSTM",5.0,1.0,0.1,LSTM,0.1,0.9,0.001,148,126,5,0.8495738351536739,0.7871494956618309,0.7809067677879865,0.6004396845245752,0.6549972,1,0.7809067677879865,0.6004396845245752,0.054534681141376495,0.6915872693061829,16.782806396484375,5.157548427581787,0.37615537211826483,0.05526686832016914,0.5550550701543943,0.20510045937461147,0.10339375261108719
HardMaze,"0011_window_len=1_w_neg=5.0_c_neg=1.0_reg_neg=0.1_discount=[0.1,0.9]_lr=0.001_rnn_type=GRU",5.0,1.0,0.1,GRU,0.1,0.9,0.001,148,126,5,0.8495738351536739,0.7871494956618309,0.7853290299976163,0.6475607917254923,0.7278112,1,0.7853290299976163,0.6475607917254923,0.07361028343439102,0.7221376299858093,16.65497398376465,5.867580890655518,0.37615537211826483,0.1289140133133309,0.7062658149997946,0.32610278903154455,0.10339375261108719
HardMaze,"0012_window_len=1_w_neg=5.0_c_neg=1.0_reg_neg=0.1_discount=[0.3,0.7]_lr=0.0001_rnn_type=LSTM",5.0,1.0,0.1,LSTM,0.3,0.7,0.0001,148,126,5,0.8495738351536739,0.7871494956618309,0.7804989281015747,0.6958894737344224,0.7757152,1,0.7804989281015747,0.6958894737344224,0.04497857391834259,0.8692824840545654,14.899604797363281,8.967576026916504,0.37615537211826483,0.14504135535252907,0.27882359804937384,0.21416594953823845,0.10339375261108719
HardMaze,"0013_window_len=1_w_neg=5.0_c_neg=1.0_reg_neg=0.1_discount=[0.3,0.7]_lr=0.0001_rnn_type=GRU",5.0,1.0,0.1,GRU,0.3,0.7,0.0001,148,126,5,0.8495738351536739,0.7871494956618309,0.7851996850121334,0.724432093498715,0.7886127,1,0.7851996850121334,0.724432093498715,0.03350517153739929,0.8688631057739258,14.417963981628418,8.981231689453125,0.37615537211826483,0.19319910743418028,0.35457447056977276,0.26579531541593815,0.10339375261108719
HardMaze,"0014_window_len=1_w_neg=5.0_c_neg=1.0_reg_neg=0.1_discount=[0.3,0.7]_lr=0.001_rnn_type=LSTM",5.0,1.0,0.1,LSTM,0.3,0.7,0.001,148,126,5,0.8495738351536739,0.7871494956618309,0.7871313552077321,0.7199633754853945,0.7880192,1,0.7871313552077321,0.7199633754853945,-0.04210377484560013,0.8902073502540588,15.317302703857422,9.661252975463867,0.37615537211826483,0.18511412111364448,0.3837968214018608,0.304114665986951,0.10339375261108719
HardMaze,"0015_window_len=1_w_neg=5.0_c_neg=1.0_reg_neg=0.1_discount=[0.3,0.7]_lr=0.001_rnn_type=GRU",5.0,1.0,0.1,GRU,0.3,0.7,0.001,148,126,5,0.8495738351536739,0.7871494956618309,0.7905210411879853,0.7426059774403131,0.8199276,1,0.7905210411879853,0.7426059774403131,0.036502040922641754,0.8939208984375,15.506563186645508,9.768948554992676,0.37615537211826483,0.16971149930629623,0.3505208563829291,0.26835685853720836,0.10339375261108719
HardMaze,"0016_window_len=1_w_neg=5.0_c_neg=2.0_reg_neg=0.0_discount=[0.1,0.9]_lr=0.0001_rnn_type=LSTM",5.0,2.0,0.0,LSTM,0.1,0.9,0.0001,148,126,5,0.8495738351536739,0.7871494956618309,0.7833316844528833,0.7523462527044192,0.8074387,1,0.7833316844528833,0.7523462527044192,0.09574218094348907,0.844262421131134,18.431434631347656,10.992164611816406,0.37615537211826483,0.033923764816966406,0.22090343813868496,0.09810135568091734,0.10339375261108719
HardMaze,"0017_window_len=1_w_neg=5.0_c_neg=2.0_reg_neg=0.0_discount=[0.1,0.9]_lr=0.0001_rnn_type=GRU",5.0,2.0,0.0,GRU,0.1,0.9,0.0001,148,126,5,0.8495738351536739,0.7871494956618309,0.7838924506668364,0.7262017109837526,0.794711,1,0.7838924506668364,0.7262017109837526,-0.04186583682894707,0.8280823230743408,18.221866607666016,10.976371765136719,0.37615537211826483,0.07332000146139318,0.31422182563983553,0.14736564990685097,0.10339375261108719
HardMaze,"0018_window_len=1_w_neg=5.0_c_neg=2.0_reg_neg=0.0_discount=[0.1,0.9]_lr=0.001_rnn_type=LSTM",5.0,2.0,0.0,LSTM,0.1,0.9,0.001,148,126,5,0.8495738351536739,0.7871494956618309,0.783751440842388,0.7769675917793897,0.84985447,1,0.783751440842388,0.7769675917793897,-0.028061147779226303,0.8616145253181458,18.10630989074707,11.412214279174805,0.37615537211826483,-0.06450658790014879,0.16896268351686558,0.01912167844470613,0.10339375261108719
HardMaze,"0019_window_len=1_w_neg=5.0_c_neg=2.0_reg_neg=0.0_discount=[0.1,0.9]_lr=0.001_rnn_type=GRU",5.0,2.0,0.0,GRU,0.1,0.9,0.001,148,126,5,0.8495738351536739,0.7871494956618309,0.7830243418032586,0.7684158098629632,0.83182603,1,0.7830243418032586,0.7684158098629632,0.04532196745276451,0.8580498695373535,18.308595657348633,11.356493949890137,0.37615537211826483,-0.01839695821285617,0.22948145663741032,0.05795074273377206,0.10339375261108719
HardMaze,"0020_window_len=1_w_neg=5.0_c_neg=2.0_reg_neg=0.0_discount=[0.3,0.7]_lr=0.0001_rnn_type=LSTM",5.0,2.0,0.0,LSTM,0.3,0.7,0.0001,148,126,5,0.8495738351536739,0.7871494956618309,0.7881257518455675,0.798032904546892,0.9440708,1,0.7881257518455675,0.798032904546892,0.020494455471634865,0.9885542392730713,17.96727752685547,16.44133758544922,0.37615537211826483,0.034060924144733405,0.14270223276277294,0.07366846029409853,0.10339375261108719
HardMaze,"0021_window_len=1_w_neg=5.0_c_neg=2.0_reg_neg=0.0_discount=[0.3,0.7]_lr=0.0001_rnn_type=GRU",5.0,2.0,0.0,GRU,0.3,0.7,0.0001,148,126,5,0.8495738351536739,0.7871494956618309,0.7885690142489166,0.782318532756609,0.9086056,1,0.7885690142489166,0.782318532756609,0.009780225344002247,0.9632911682128906,17.900617599487305,15.487796783447266,0.37615537211826483,0.004195407275683839,0.07261566977826533,0.030687546083436927,0.10339375261108719
HardMaze,"0022_window_len=1_w_neg=5.0_c_neg=2.0_reg_neg=0.0_discount=[0.3,0.7]_lr=0.001_rnn_type=LSTM",5.0,2.0,0.0,LSTM,0.3,0.7,0.001,148,126,5,0.8495738351536739,0.7871494956618309,0.78893957949509,0.7995057086495517,0.9463498,1,0.78893957949509,0.7995057086495517,0.019953835755586624,0.9926209449768066,18.34783363342285,17.062679290771484,0.37615537211826483,0.013032916394508908,0.08722128468102153,0.044062434045148695,0.10339375261108719
HardMaze,"0023_window_len=1_w_neg=5.0_c_neg=2.0_reg_neg=0.0_discount=[0.3,0.7]_lr=0.001_rnn_type=GRU",5.0,2.0,0.0,GRU,0.3,0.7,0.001,148,126,5,0.8495738351536739,0.7871494956618309,0.7889810081540755,0.8015338790626625,0.9429139,1,0.7889810081540755,0.8015338790626625,0.08711088448762894,0.9911870360374451,17.88665199279785,16.404993057250977,0.37615537211826483,0.034515032729907934,0.1378738537244887,0.08507307304748163,0.10339375261108719
HardMaze,"0024_window_len=1_w_neg=5.0_c_neg=2.0_reg_neg=0.1_discount=[0.1,0.9]_lr=0.0001_rnn_type=LSTM",5.0,2.0,0.1,LSTM,0.1,0.9,0.0001,148,126,5,0.8495738351536739,0.7871494956618309,0.784726198370372,0.7589919119870688,0.8048441,1,0.784726198370372,0.7589919119870688,-0.09595121443271637,0.8486596345901489,18.380056381225586,11.44589614868164,0.37615537211826483,0.07245997540620551,0.2710833635526848,0.16724819191977808,0.10339375261108719
HardMaze,"0025_window_len=1_w_neg=5.0_c_neg=2.0_reg_neg=0.1_discount=[0.1,0.9]_lr=0.0001_rnn_type=GRU",5.0,2.0,0.1,GRU,0.1,0.9,0.0001,148,126,5,0.8495738351536739,0.7871494956618309,0.7830421137436403,0.7571951948697995,0.81664544,1,0.7830421137436403,0.7571951948697995,-0.0710989236831665,0.8087815046310425,18.17340660095215,10.423937797546387,0.37615537211826483,0.025484759150437346,0.29566824630270483,0.09181426865678675,0.10339375261108719
HardMaze,"0026_window_len=1_w_neg=5.0_c_neg=2.0_reg_neg=0.1_discount=[0.1,0.9]_lr=0.001_rnn_type=LSTM",5.0,2.0,0.1,LSTM,0.1,0.9,0.001,148,126,5,0.8495738351536739,0.7871494956618309,0.7904719795114028,0.7827481560169869,0.84619105,1,0.7904719795114028,0.7827481560169869,0.013425021432340145,0.86330246925354,18.294025421142578,11.429969787597656,0.37615537211826483,0.0909727776458919,0.3083758726698745,0.1754647770547931,0.10339375261108719
HardMaze,"0027_window_len=1_w_neg=5.0_c_neg=2.0_reg_neg=0.1_discount=[0.1,0.9]_lr=0.001_rnn_type=GRU",5.0,2.0,0.1,GRU,0.1,0.9,0.001,148,126,5,0.8495738351536739,0.7871494956618309,0.7837339995762406,0.7669797269354067,0.8441103,1,0.7837339995762406,0.7669797269354067,0.05700356140732765,0.8551470041275024,18.529329299926758,11.283953666687012,0.37615537211826483,0.037554779993933335,0.27630839253883577,0.1256351639779279,0.10339375261108719
HardMaze,"0028_window_len=1_w_neg=5.0_c_neg=2.0_reg_neg=0.1_discount=[0.3,0.7]_lr=0.0001_rnn_type=LSTM",5.0,2.0,0.1,LSTM,0.3,0.7,0.0001,148,126,5,0.8495738351536739,0.7871494956618309,0.7901624683621823,0.8046620034036195,0.94063836,1,0.7901624683621823,0.8046620034036195,0.0506344735622406,0.9903902411460876,18.29007911682129,16.86737823486328,0.37615537211826483,0.021492310609760087,0.1022847151778108,0.05858834825744568,0.10339375261108719
HardMaze,"0029_window_len=1_w_neg=5.0_c_neg=2.0_reg_neg=0.1_discount=[0.3,0.7]_lr=0.0001_rnn_type=GRU",5.0,2.0,0.1,GRU,0.3,0.7,0.0001,148,126,5,0.8495738351536739,0.7871494956618309,0.7821095991464885,0.783239372955062,0.9372541,1,0.7821095991464885,0.783239372955062,0.035340841859579086,0.9730123281478882,18.070274353027344,16.033674240112305,0.37615537211826483,0.035740199157664514,0.09287261968590778,0.06221936343441262,0.10339375261108719
HardMaze,"0030_window_len=1_w_neg=5.0_c_neg=2.0_reg_neg=0.1_discount=[0.3,0.7]_lr=0.001_rnn_type=LSTM",5.0,2.0,0.1,LSTM,0.3,0.7,0.001,148,126,5,0.8495738351536739,0.7871494956618309,0.7901685669919487,0.8025045251924832,0.94474334,1,0.7901685669919487,0.8025045251924832,0.07163111865520477,0.9920762777328491,18.21739387512207,16.82142448425293,0.37615537211826483,0.08638720768784383,0.1934159674524065,0.13273779295094335,0.10339375261108719
HardMaze,"0031_window_len=1_w_neg=5.0_c_neg=2.0_reg_neg=0.1_discount=[0.3,0.7]_lr=0.001_rnn_type=GRU",5.0,2.0,0.1,GRU,0.3,0.7,0.001,148,126,5,0.8495738351536739,0.7871494956618309,0.7876096650651887,0.8013893339407048,0.9542286,1,0.7876096650651887,0.8013893339407048,0.035348501056432724,0.9909042119979858,18.095518112182617,16.637115478515625,0.37615537211826483,0.07407993827739952,0.11902186017424336,0.09576037958673192,0.10339375261108719
HardMaze,"0032_window_len=1_w_neg=15.0_c_neg=1.0_reg_neg=0.0_discount=[0.1,0.9]_lr=0.0001_rnn_type=LSTM",15.0,1.0,0.0,LSTM,0.1,0.9,0.0001,148,126,5,0.8495738351536739,0.7871494956618309,0.7793391591157139,0.8004541360253429,0.8813135,1,0.7793391591157139,0.8004541360253429,0.10991181433200836,0.9494373202323914,18.43878173828125,16.430479049682617,0.37615537211826483,0.04072241906357931,0.24370524962773407,0.10856624168865357,0.10339375261108719
HardMaze,"0033_window_len=1_w_neg=15.0_c_neg=1.0_reg_neg=0.0_discount=[0.1,0.9]_lr=0.0001_rnn_type=GRU",15.0,1.0,0.0,GRU,0.1,0.9,0.0001,148,126,5,0.8495738351536739,0.7871494956618309,0.7850983822308686,0.7997370637370025,0.8814007,1,0.7850983822308686,0.7997370637370025,-0.049941107630729675,0.9434822797775269,18.35675811767578,15.976120948791504,0.37615537211826483,0.06340189926029566,0.281338803559912,0.14844068247583553,0.10339375261108719
HardMaze,"0034_window_len=1_w_neg=15.0_c_neg=1.0_reg_neg=0.0_discount=[0.1,0.9]_lr=0.001_rnn_type=LSTM",15.0,1.0,0.0,LSTM,0.1,0.9,0.001,148,126,5,0.8495738351536739,0.7871494956618309,0.7852426198690686,0.8238049896005201,0.8842403,1,0.7852426198690686,0.8238049896005201,0.008917186409235,0.9509819746017456,18.460851669311523,16.4323787689209,0.37615537211826483,0.05343931295289534,0.2733780020361381,0.13130874103596554,0.10339375261108719
HardMaze,"0035_window_len=1_w_neg=15.0_c_neg=1.0_reg_neg=0.0_discount=[0.1,0.9]_lr=0.001_rnn_type=GRU",15.0,1.0,0.0,GRU,0.1,0.9,0.001,148,126,5,0.8495738351536739,0.7871494956618309,0.7857412993567497,0.8253768995222494,0.89007246,1,0.7857412993567497,0.8253768995222494,-0.03276825323700905,0.9523613452911377,18.686431884765625,16.54364585876465,0.37615537211826483,0.02952910581513456,0.2356554798913546,0.11164861955455248,0.10339375261108719
HardMaze,"0036_window_len=1_w_neg=15.0_c_neg=1.0_reg_neg=0.0_discount=[0.3,0.7]_lr=0.0001_rnn_type=LSTM",15.0,1.0,0.0,LSTM,0.3,0.7,0.0001,148,126,5,0.8495738351536739,0.7871494956618309,0.7901497462208684,0.8002047496095586,0.9423481,1,0.7901497462208684,0.8002047496095586,-0.05848534777760506,0.9943610429763794,18.379438400268555,17.85605812072754,0.37615537211826483,0.09177163805491322,0.15174548087324854,0.11420645566696411,0.10339375261108719
HardMaze,"0037_window_len=1_w_neg=15.0_c_neg=1.0_reg_neg=0.0_discount=[0.3,0.7]_lr=0.0001_rnn_type=GRU",15.0,1.0,0.0,GRU,0.3,0.7,0.0001,148,126,5,0.8495738351536739,0.7871494956618309,0.7856223496121466,0.7960774951635614,0.948239,1,0.7856223496121466,0.7960774951635614,0.009496388956904411,0.9943307638168335,18.447633743286133,18.014219284057617,0.37615537211826483,0.007898709125392834,0.020860265599374317,0.012237762994346164,0.10339375261108719
HardMaze,"0038_window_len=1_w_neg=15.0_c_neg=1.0_reg_neg=0.0_discount=[0.3,0.7]_lr=0.001_rnn_type=LSTM",15.0,1.0,0.0,LSTM,0.3,0.7,0.001,148,126,5,0.8495738351536739,0.7871494956618309,0.7905919636275265,0.8034952136382782,0.94916743,1,0.7905919636275265,0.8034952136382782,-0.025318795815110207,0.9940142035484314,18.496780395507812,18.113555908203125,0.37615537211826483,0.0773050359843533,0.15280012489351097,0.11274774768111778,0.10339375261108719
HardMaze,"0039_window_len=1_w_neg=15.0_c_neg=1.0_reg_neg=0.0_discount=[0.3,0.7]_lr=0.001_rnn_type=GRU",15.0,1.0,0.0,GRU,0.3,0.7,0.001,148,126,5,0.8495738351536739,0.7871494956618309,0.7946534977581652,0.8075119082163974,0.9492925,1,0.7946534977581652,0.8075119082163974,-0.03067462518811226,0.9953765869140625,18.54543113708496,18.124752044677734,0.37615537211826483,0.10007163088924599,0.17371506887354918,0.13159603422250454,0.10339375261108719
HardMaze,"0040_window_len=1_w_neg=15.0_c_neg=1.0_reg_neg=0.1_discount=[0.1,0.9]_lr=0.0001_rnn_type=LSTM",15.0,1.0,0.1,LSTM,0.1,0.9,0.0001,148,126,5,0.8495738351536739,0.7871494956618309,0.7748116111574046,0.7971936881596189,0.8879471,1,0.7748116111574046,0.7971936881596189,-0.038125406950712204,0.9432248473167419,18.409378051757812,16.520999908447266,0.37615537211826483,0.0014689022602073967,0.2049781280822787,0.09456857623870245,0.10339375261108719
HardMaze,"0041_window_len=1_w_neg=15.0_c_neg=1.0_reg_neg=0.1_discount=[0.1,0.9]_lr=0.0001_rnn_type=GRU",15.0,1.0,0.1,GRU,0.1,0.9,0.0001,148,126,5,0.8495738351536739,0.7871494956618309,0.7849454836579322,0.7946473082485033,0.8640866,1,0.7849454836579322,0.7946473082485033,-0.08560355752706528,0.9311169981956482,18.522825241088867,16.005542755126953,0.37615537211826483,0.03978825283122029,0.3495422060442672,0.16122800953346433,0.10339375261108719
HardMaze,"0042_window_len=1_w_neg=15.0_c_neg=1.0_reg_neg=0.1_discount=[0.1,0.9]_lr=0.001_rnn_type=LSTM",15.0,1.0,0.1,LSTM,0.1,0.9,0.001,148,126,5,0.8495738351536739,0.7871494956618309,0.7874733745258939,0.8275105402627692,0.8969876,1,0.7874733745258939,0.8275105402627692,-0.013639838434755802,0.9460843801498413,18.700931549072266,16.472795486450195,0.37615537211826483,0.010532538919405086,0.24027626643355904,0.09305055611111904,0.10339375261108719
HardMaze,"0043_window_len=1_w_neg=15.0_c_neg=1.0_reg_neg=0.1_discount=[0.1,0.9]_lr=0.001_rnn_type=GRU",15.0,1.0,0.1,GRU,0.1,0.9,0.001,148,126,5,0.8495738351536739,0.7871494956618309,0.7814857906940389,0.8076729490051712,0.8986772,1,0.7814857906940389,0.8076729490051712,-0.012173633091151714,0.9423125982284546,18.333845138549805,16.18895149230957,0.37615537211826483,0.012148794781740545,0.20265012651909828,0.08852615179923731,0.10339375261108719
HardMaze,"0044_window_len=1_w_neg=15.0_c_neg=1.0_reg_neg=0.1_discount=[0.3,0.7]_lr=0.0001_rnn_type=LSTM",15.0,1.0,0.1,LSTM,0.3,0.7,0.0001,148,126,5,0.8495738351536739,0.7871494956618309,0.7868574090334759,0.7963315702125239,0.94157237,1,0.7868574090334759,0.7963315702125239,0.05656270682811737,0.994299590587616,18.228357315063477,17.720294952392578,0.37615537211826483,0.06910883939806044,0.11415641104737345,0.09224984219766844,0.10339375261108719
HardMaze,"0045_window_len=1_w_neg=15.0_c_neg=1.0_reg_neg=0.1_discount=[0.3,0.7]_lr=0.0001_rnn_type=GRU",15.0,1.0,0.1,GRU,0.3,0.7,0.0001,148,126,5,0.8495738351536739,0.7871494956618309,0.7914405771017189,0.7970975553591152,0.9477372,1,0.7914405771017189,0.7970975553591152,0.05078037828207016,0.9937403798103333,18.411544799804688,17.873111724853516,0.37615537211826483,0.01710691913007466,0.04205508874823436,0.027271537420266913,0.10339375261108719
HardMaze,"0046_window_len=1_w_neg=15.0_c_neg=1.0_reg_neg=0.1_discount=[0.3,0.7]_lr=0.001_rnn_type=LSTM",15.0,1.0,0.1,LSTM,0.3,0.7,0.001,148,126,5,0.8495738351536739,0.7871494956618309,0.7918111891140531,0.8038970409972082,0.95155936,1,0.7918111891140531,0.8038970409972082,0.06970846652984619,0.994415283203125,18.4498233795166,17.907798767089844,0.37615537211826483,0.12831903839153083,0.17029535320152062,0.14689300627738358,0.10339375261108719
HardMaze,"0047_window_len=1_w_neg=15.0_c_neg=1.0_reg_neg=0.1_discount=[0.3,0.7]_lr=0.001_rnn_type=GRU",15.0,1.0,0.1,GRU,0.3,0.7,0.001,148,126,5,0.8495738351536739,0.7871494956618309,0.7913281172575704,0.803250319466102,0.95608366,1,0.7913281172575704,0.803250319466102,0.04371778294444084,0.9949325323104858,18.40074920654297,17.928022384643555,0.37615537211826483,0.11594885714587873,0.15843292485410443,0.1325246399415757,0.10339375261108719
HardMaze,"0048_window_len=1_w_neg=15.0_c_neg=2.0_reg_neg=0.0_discount=[0.1,0.9]_lr=0.0001_rnn_type=LSTM",15.0,2.0,0.0,LSTM,0.1,0.9,0.0001,148,126,5,0.8495738351536739,0.7871494956618309,0.7809382776034284,0.8121365186378492,0.8980306,1,0.7809382776034284,0.8121365186378492,-0.06413070857524872,0.9698723554611206,18.61509132385254,18.32149887084961,0.37615537211826483,0.006805141512115403,0.13024297598912737,0.06702364691511617,0.10339375261108719
HardMaze,"0049_window_len=1_w_neg=15.0_c_neg=2.0_reg_neg=0.0_discount=[0.1,0.9]_lr=0.0001_rnn_type=GRU",15.0,2.0,0.0,GRU,0.1,0.9,0.0001,148,126,5,0.8495738351536739,0.7871494956618309,0.7812714089491933,0.8193057464038794,0.8920563,1,0.7812714089491933,0.8193057464038794,-0.04749084264039993,0.955808699131012,18.274858474731445,18.053125381469727,0.37615537211826483,0.13586650842757436,0.30191084922053263,0.23903812547479747,0.10339375261108719
HardMaze,"0050_window_len=1_w_neg=15.0_c_neg=2.0_reg_neg=0.0_discount=[0.1,0.9]_lr=0.001_rnn_type=LSTM",15.0,2.0,0.0,LSTM,0.1,0.9,0.001,148,126,5,0.8495738351536739,0.7871494956618309,0.7850183916198725,0.8219603137521269,0.90484273,1,0.7850183916198725,0.8219603137521269,-0.08030036091804504,0.9532092213630676,18.56435203552246,18.24498176574707,0.37615537211826483,0.0525978219420005,0.23558504672304179,0.13070449859201905,0.10339375261108719
HardMaze,"0051_window_len=1_w_neg=15.0_c_neg=2.0_reg_neg=0.0_discount=[0.1,0.9]_lr=0.001_rnn_type=GRU",15.0,2.0,0.0,GRU,0.1,0.9,0.001,148,126,5,0.8495738351536739,0.7871494956618309,0.7903897897390413,0.8114447750177325,0.9087316,1,0.7903897897390413,0.8114447750177325,0.027913177385926247,0.972158670425415,18.60374641418457,18.31608772277832,0.37615537211826483,-0.009463066863708345,0.15865905239447703,0.05155800595717231,0.10339375261108719
HardMaze,"0052_window_len=1_w_neg=15.0_c_neg=2.0_reg_neg=0.0_discount=[0.3,0.7]_lr=0.0001_rnn_type=LSTM",15.0,2.0,0.0,LSTM,0.3,0.7,0.0001,148,126,5,0.8495738351536739,0.7871494956618309,0.7833540101393752,0.7988665533695467,0.93019754,1,0.7833540101393752,0.7988665533695467,-0.010672017931938171,0.9886422157287598,18.57254981994629,18.53519058227539,0.37615537211826483,0.024037172191166713,0.06480870912212205,0.050720221955136036,0.10339375261108719
HardMaze,"0053_window_len=1_w_neg=15.0_c_neg=2.0_reg_neg=0.0_discount=[0.3,0.7]_lr=0.0001_rnn_type=GRU",15.0,2.0,0.0,GRU,0.3,0.7,0.0001,148,126,5,0.8495738351536739,0.7871494956618309,0.7874516387527623,0.7947236999398399,0.94826984,1,0.7874516387527623,0.7947236999398399,-0.05095931887626648,0.9968768954277039,18.438249588012695,18.354894638061523,0.37615537211826483,0.08030400615093447,0.11904780923625334,0.09726542518331034,0.10339375261108719
HardMaze,"0054_window_len=1_w_neg=15.0_c_neg=2.0_reg_neg=0.0_discount=[0.3,0.7]_lr=0.001_rnn_type=LSTM",15.0,2.0,0.0,LSTM,0.3,0.7,0.001,148,126,5,0.8495738351536739,0.7871494956618309,0.7899668616930864,0.8001538227713161,0.9448373,1,0.7899668616930864,0.8001538227713161,-0.0515788234770298,0.9968552589416504,18.546537399291992,18.48960304260254,0.37615537211826483,0.11641583294667038,0.1641824955937427,0.13648372540252587,0.10339375261108719
HardMaze,"0055_window_len=1_w_neg=15.0_c_neg=2.0_reg_neg=0.0_discount=[0.3,0.7]_lr=0.001_rnn_type=GRU",15.0,2.0,0.0,GRU,0.3,0.7,0.001,148,126,5,0.8495738351536739,0.7871494956618309,0.7879764822667077,0.8051805160273272,0.95667094,1,0.7879764822667077,0.8051805160273272,0.025169797241687775,0.9951707720756531,18.62949562072754,18.558366775512695,0.37615537211826483,0.04643306621020265,0.08955299325306053,0.07709558998384425,0.10339375261108719
HardMaze,"0056_window_len=1_w_neg=15.0_c_neg=2.0_reg_neg=0.1_discount=[0.1,0.9]_lr=0.0001_rnn_type=LSTM",15.0,2.0,0.1,LSTM,0.1,0.9,0.0001,148,126,5,0.8495738351536739,0.7871494956618309,0.7847363558365154,0.8021537111924998,0.8987683,1,0.7847363558365154,0.8021537111924998,-0.005244335625320673,0.9692613482475281,18.409809112548828,17.98677635192871,0.37615537211826483,-0.0018915012700840986,0.09963605734836431,0.04123213278163235,0.10339375261108719
HardMaze,"0057_window_len=1_w_neg=15.0_c_neg=2.0_reg_neg=0.1_discount=[0.1,0.9]_lr=0.0001_rnn_type=GRU",15.0,2.0,0.1,GRU,0.1,0.9,0.0001,148,126,5,0.8495738351536739,0.7871494956618309,0.7805134331485111,0.7987309973603401,0.90561026,1,0.7805134331485111,0.7987309973603401,-0.04188801720738411,0.969135582447052,18.502609252929688,18.275753021240234,0.37615537211826483,0.026068613045661746,0.1000345608006603,0.05927043788742212,0.10339375261108719
HardMaze,"0058_window_len=1_w_neg=15.0_c_neg=2.0_reg_neg=0.1_discount=[0.1,0.9]_lr=0.001_rnn_type=LSTM",15.0,2.0,0.1,LSTM,0.1,0.9,0.001,148,126,5,0.8495738351536739,0.7871494956618309,0.7860342907462055,0.8324480574378205,0.88576096,1,0.7860342907462055,0.8324480574378205,-0.08809337019920349,0.9422778487205505,18.418344497680664,18.013940811157227,0.37615537211826483,-0.08650027145803015,0.10263873452380402,-0.036238791849141846,0.10339375261108719
HardMaze,"0059_window_len=1_w_neg=15.0_c_neg=2.0_reg_neg=0.1_discount=[0.1,0.9]_lr=0.001_rnn_type=GRU",15.0,2.0,0.1,GRU,0.1,0.9,0.001,148,126,5,0.8495738351536739,0.7871494956618309,0.7852689720063357,0.8103085089707689,0.89145213,1,0.7852689720063357,0.8103085089707689,0.12255731970071793,0.9343887567520142,18.588809967041016,18.35760498046875,0.37615537211826483,-0.019998386039757357,0.15360454581582014,0.06545743567237138,0.10339375261108719
HardMaze,"0060_window_len=1_w_neg=15.0_c_neg=2.0_reg_neg=0.1_discount=[0.3,0.7]_lr=0.0001_rnn_type=LSTM",15.0,2.0,0.1,LSTM,0.3,0.7,0.0001,148,126,5,0.8495738351536739,0.7871494956618309,0.7874173647592748,0.7974838263399612,0.94787484,1,0.7874173647592748,0.7974838263399612,-0.10623230785131454,0.9936830401420593,18.734054565429688,18.660688400268555,0.37615537211826483,0.06892348895513205,0.12382799715937622,0.09587900387020608,0.10339375261108719
HardMaze,"0061_window_len=1_w_neg=15.0_c_neg=2.0_reg_neg=0.1_discount=[0.3,0.7]_lr=0.0001_rnn_type=GRU",15.0,2.0,0.1,GRU,0.3,0.7,0.0001,148,126,5,0.8495738351536739,0.7871494956618309,0.7915247227836084,0.8009125874782332,0.96478605,1,0.7915247227836084,0.8009125874782332,-0.06962255388498306,0.9944530129432678,18.527042388916016,18.425199508666992,0.37615537211826483,0.031753311130275096,0.08901176995970968,0.06231574566473536,0.10339375261108719
HardMaze,"0062_window_len=1_w_neg=15.0_c_neg=2.0_reg_neg=0.1_discount=[0.3,0.7]_lr=0.001_rnn_type=LSTM",15.0,2.0,0.1,LSTM,0.3,0.7,0.001,148,126,5,0.8495738351536739,0.7871494956618309,0.7882792093758801,0.7985791479047166,0.9649722,1,0.7882792093758801,0.7985791479047166,-0.09913139045238495,0.9964373707771301,18.536598205566406,18.49121856689453,0.37615537211826483,0.02633922469233717,0.085820035332483,0.0505756486096519,0.10339375261108719
HardMaze,"0063_window_len=1_w_neg=15.0_c_neg=2.0_reg_neg=0.1_discount=[0.3,0.7]_lr=0.001_rnn_type=GRU",15.0,2.0,0.1,GRU,0.3,0.7,0.001,148,126,5,0.8495738351536739,0.7871494956618309,0.7882934816342667,0.8000954592322034,0.9541974,1,0.7882934816342667,0.8000954592322034,-0.0038553024642169476,0.9960317611694336,18.630495071411133,18.54922103881836,0.37615537211826483,0.033326936390737034,0.0832696132377885,0.0515116683464402,0.10339375261108719
HardMaze,"0064_window_len=4_w_neg=5.0_c_neg=1.0_reg_neg=0.0_discount=[0.1,0.9]_lr=0.0001_rnn_type=LSTM",5.0,1.0,0.0,LSTM,0.1,0.9,0.0001,148,126,5,0.8495738351536739,0.7871494956618309,0.7887981572529141,0.6095144570787454,0.66351724,4,0.8008418291097863,0.5883033840406988,0.07801331579685211,0.7515149712562561,16.704330444335938,6.174358367919922,0.37615537211826483,0.17460845800846395,0.7474136133298944,0.3508897037643566,0.10339375261108719
HardMaze,"0065_window_len=4_w_neg=5.0_c_neg=1.0_reg_neg=0.0_discount=[0.1,0.9]_lr=0.0001_rnn_type=GRU",5.0,1.0,0.0,GRU,0.1,0.9,0.0001,148,126,5,0.8495738351536739,0.7871494956618309,0.7883337720890591,0.5996487279503773,0.6411812,4,0.8005594807233379,0.5700780403678538,0.034465376287698746,0.7379175424575806,16.24842071533203,5.842942714691162,0.37615537211826483,0.22151138759149006,0.7445703375353732,0.41766405433373405,0.10339375261108719
HardMaze,"0066_window_len=4_w_neg=5.0_c_neg=1.0_reg_neg=0.0_discount=[0.1,0.9]_lr=0.001_rnn_type=LSTM",5.0,1.0,0.0,LSTM,0.1,0.9,0.001,148,126,5,0.8495738351536739,0.7871494956618309,0.7837375946597106,0.6488438941822245,0.706828,4,0.7700733002704852,0.6896006186766687,0.0005328526603989303,0.7591034770011902,16.43016815185547,6.066782474517822,0.37615537211826483,0.11265507245965359,0.7155555791993649,0.32523720246306903,0.10339375261108719
HardMaze,"0067_window_len=4_w_neg=5.0_c_neg=1.0_reg_neg=0.0_discount=[0.1,0.9]_lr=0.001_rnn_type=GRU",5.0,1.0,0.0,GRU,0.1,0.9,0.001,148,126,5,0.8495738351536739,0.7871494956618309,0.7896326990081398,0.6428685275671605,0.7050186,4,0.7600162908456963,0.5862111155194325,-0.05155849829316139,0.7451983094215393,17.289880752563477,6.604861736297607,0.37615537211826483,0.07887124722709811,0.6490240377102234,0.24847431652428123,0.10339375261108719
HardMaze,"0068_window_len=4_w_neg=5.0_c_neg=1.0_reg_neg=0.0_discount=[0.3,0.7]_lr=0.0001_rnn_type=LSTM",5.0,1.0,0.0,LSTM,0.3,0.7,0.0001,148,126,5,0.8495738351536739,0.7871494956618309,0.7865618277239762,0.75223773400158,0.8147338,4,0.7973685331143481,0.7566479733694604,-0.09179457277059555,0.9100500345230103,15.480441093444824,10.106245994567871,0.37615537211826483,0.08576072319074592,0.2650316715910732,0.17732013498850613,0.10339375261108719
HardMaze,"0069_window_len=4_w_neg=5.0_c_neg=1.0_reg_neg=0.0_discount=[0.3,0.7]_lr=0.0001_rnn_type=GRU",5.0,1.0,0.0,GRU,0.3,0.7,0.0001,148,126,5,0.8495738351536739,0.7871494956618309,0.7814368180284702,0.7601075660697398,0.8050391,4,0.7948177915329546,0.7537376193387441,-0.0007938114576973021,0.9171655774116516,15.146889686584473,9.998259544372559,0.37615537211826483,0.16115942986958087,0.35818139018915895,0.2576602844758117,0.10339375261108719
HardMaze,"0070_window_len=4_w_neg=5.0_c_neg=1.0_reg_neg=0.0_discount=[0.3,0.7]_lr=0.001_rnn_type=LSTM",5.0,1.0,0.0,LSTM,0.3,0.7,0.001,148,126,5,0.8495738351536739,0.7871494956618309,0.7907037103454743,0.7270544123364215,0.8007633,4,0.7963242287756943,0.732858099424514,-0.046168603003025055,0.9062135815620422,15.126994132995605,9.763579368591309,0.37615537211826483,-0.019635099171617737,0.21850871041605033,0.06715153872073674,0.10339375261108719
HardMaze,"0071_window_len=4_w_neg=5.0_c_neg=1.0_reg_neg=0.0_discount=[0.3,0.7]_lr=0.001_rnn_type=GRU",5.0,1.0,0.0,GRU,0.3,0.7,0.001,148,126,5,0.8495738351536739,0.7871494956618309,0.7885746214887038,0.7692268676619761,0.8772168,4,0.7725551750907981,0.737697502321721,0.06989161670207977,0.9223043322563171,16.738557815551758,11.251007080078125,0.37615537211826483,-0.03866132213821575,0.17597449077284613,0.046740747945463755,0.10339375261108719
HardMaze,"0072_window_len=4_w_neg=5.0_c_neg=1.0_reg_neg=0.1_discount=[0.1,0.9]_lr=0.0001_rnn_type=LSTM",5.0,1.0,0.1,LSTM,0.1,0.9,0.0001,148,126,5,0.8495738351536739,0.7871494956618309,0.7884269334868297,0.6390758888063097,0.6995064,4,0.7914343341014916,0.6129589637979185,0.019115226343274117,0.7373899221420288,16.700542449951172,5.899416923522949,0.37615537211826483,0.04815682532943657,0.621412382227183,0.2580662019458248,0.10339375261108719
HardMaze,"0073_window_len=4_w_neg=5.0_c_neg=1.0_reg_neg=0.1_discount=[0.1,0.9]_lr=0.0001_rnn_type=GRU",5.0,1.0,0.1,GRU,0.1,0.9,0.0001,148,126,5,0.8495738351536739,0.7871494956618309,0.7849094487134171,0.591228851369613,0.6385704,4,0.7950197830200445,0.5730552437970193,0.16638004779815674,0.7567797303199768,16.26543617248535,5.8163371086120605,0.37615537211826483,0.10300202139194366,0.7116205892959954,0.3752280704252819,0.10339375261108719
HardMaze,"0074_window_len=4_w_neg=5.0_c_neg=1.0_reg_neg=0.1_discount=[0.1,0.9]_lr=0.001_rnn_type=LSTM",5.0,1.0,0.1,LSTM,0.1,0.9,0.001,148,126,5,0.8495738351536739,0.7871494956618309,0.7872521496136735,0.6485194535773064,0.7137709,4,0.7762623097450699,0.6148378816967514,0.05924396961927414,0.7689789533615112,17.157459259033203,6.8475518226623535,0.37615537211826483,0.13814261186673485,0.7299832576769097,0.34851907159930257,0.10339375261108719
HardMaze,"0075_window_len=4_w_neg=5.0_c_neg=1.0_reg_neg=0.1_discount=[0.1,0.9]_lr=0.001_rnn_type=GRU",5.0,1.0,0.1,GRU,0.1,0.9,0.001,148,126,5,0.8495738351536739,0.7871494956618309,0.7928863800168383,0.6652288313828161,0.74309945,4,0.7930434417147503,0.5982848701557832,-0.16204586625099182,0.7396485209465027,16.536972045898438,6.581161022186279,0.37615537211826483,0.1202878036994442,0.7106993975946414,0.30896899408724526,0.10339375261108719
HardMaze,"0076_window_len=4_w_neg=5.0_c_neg=1.0_reg_neg=0.1_discount=[0.3,0.7]_lr=0.0001_rnn_type=LSTM",5.0,1.0,0.1,LSTM,0.3,0.7,0.0001,148,126,5,0.8495738351536739,0.7871494956618309,0.7901661076562095,0.7555415031247038,0.8350218,4,0.8020335677647156,0.7562846948103789,-0.016409365460276604,0.914064347743988,15.853747367858887,10.557802200317383,0.37615537211826483,0.14968809095674354,0.2406803303991429,0.2035620506983059,0.10339375261108719
HardMaze,"0077_window_len=4_w_neg=5.0_c_neg=1.0_reg_neg=0.1_discount=[0.3,0.7]_lr=0.0001_rnn_type=GRU",5.0,1.0,0.1,GRU,0.3,0.7,0.0001,148,126,5,0.8495738351536739,0.7871494956618309,0.7786037663662408,0.7476912524846545,0.8110813,4,0.7931502421546035,0.7364035407118236,-0.04607737809419632,0.9160680770874023,14.830472946166992,9.754961013793945,0.37615537211826483,0.06365026885381969,0.2518921786918805,0.16567271315488685,0.10339375261108719
HardMaze,"0078_window_len=4_w_neg=5.0_c_neg=1.0_reg_neg=0.1_discount=[0.3,0.7]_lr=0.001_rnn_type=LSTM",5.0,1.0,0.1,LSTM,0.3,0.7,0.001,148,126,5,0.8495738351536739,0.7871494956618309,0.7807013568910681,0.7498992754434266,0.8382117,4,0.7590150817989086,0.7360277997465483,-0.031099757179617882,0.937284529209137,15.469634056091309,10.72249698638916,0.37615537211826483,-0.003656037486762258,0.22745928330506168,0.08434093879791454,0.10339375261108719
HardMaze,"0079_window_len=4_w_neg=5.0_c_neg=1.0_reg_neg=0.1_discount=[0.3,0.7]_lr=0.001_rnn_type=GRU",5.0,1.0,0.1,GRU,0.3,0.7,0.001,148,126,5,0.8495738351536739,0.7871494956618309,0.7922463461646294,0.7464847935516677,0.82895184,4,0.7751788512794919,0.728787800203161,0.07876493781805038,0.9228097796440125,16.270477294921875,10.971051216125488,0.37615537211826483,0.06363173380952686,0.25404039032542036,0.15795286720691992,0.10339375261108719
HardMaze,"0080_window_len=4_w_neg=5.0_c_neg=2.0_reg_neg=0.0_discount=[0.1,0.9]_lr=0.0001_rnn_type=LSTM",5.0,2.0,0.0,LSTM,0.1,0.9,0.0001,148,126,5,0.8495738351536739,0.7871494956618309,0.7881037743005957,0.8219428474747236,0.8713814,4,0.7922048894227027,0.8679989744764788,-0.06467220187187195,0.9196092486381531,18.068897247314453,11.419554710388184,0.37615537211826483,0.013683496449187517,0.46978459888519397,0.15557482102414882,0.10339375261108719
HardMaze,"0081_window_len=4_w_neg=5.0_c_neg=2.0_reg_neg=0.0_discount=[0.1,0.9]_lr=0.0001_rnn_type=GRU",5.0,2.0,0.0,GRU,0.1,0.9,0.0001,148,126,5,0.8495738351536739,0.7871494956618309,0.7837877203190345,0.8022699896370554,0.8803158,4,0.7959141753034539,0.8345806601142419,-0.056301869451999664,0.9249445796012878,17.575132369995117,11.027241706848145,0.37615537211826483,0.09837752784088062,0.5509829209232578,0.24470984902840584,0.10339375261108719
HardMaze,"0082_window_len=4_w_neg=5.0_c_neg=2.0_reg_neg=0.0_discount=[0.1,0.9]_lr=0.001_rnn_type=LSTM",5.0,2.0,0.0,LSTM,0.1,0.9,0.001,148,126,5,0.8495738351536739,0.7871494956618309,0.7833665078658292,0.7989192068682853,0.8590995,4,0.7619133534226095,0.8008106547585404,-0.059470318257808685,0.9106230735778809,17.59090805053711,11.48265266418457,0.37615537211826483,-0.012827177402858407,0.47127666995076745,0.14070415498800506,0.10339375261108719
HardMaze,"0083_window_len=4_w_neg=5.0_c_neg=2.0_reg_neg=0.0_discount=[0.1,0.9]_lr=0.001_rnn_type=GRU",5.0,2.0,0.0,GRU,0.1,0.9,0.001,148,126,5,0.8495738351536739,0.7871494956618309,0.7877428557741493,0.8277948703330485,0.88267547,4,0.777089997619097,0.8214633424257402,0.017581069841980934,0.9251577258110046,17.825374603271484,12.043351173400879,0.37615537211826483,0.0696834257711384,0.44328875306858234,0.18693796947205968,0.10339375261108719
HardMaze,"0084_window_len=4_w_neg=5.0_c_neg=2.0_reg_neg=0.0_discount=[0.3,0.7]_lr=0.0001_rnn_type=LSTM",5.0,2.0,0.0,LSTM,0.3,0.7,0.0001,148,126,5,0.8495738351536739,0.7871494956618309,0.7947390977053798,0.8019340109024815,0.9072523,4,0.8072499197882482,0.8200599948926148,-0.06890685856342316,0.9749318957328796,17.06867218017578,15.009990692138672,0.37615537211826483,0.11677911981480998,0.21613066423327923,0.16024565218594394,0.10339375261108719
HardMaze,"0085_window_len=4_w_neg=5.0_c_neg=2.0_reg_neg=0.0_discount=[0.3,0.7]_lr=0.0001_rnn_type=GRU",5.0,2.0,0.0,GRU,0.3,0.7,0.0001,148,126,5,0.8495738351536739,0.7871494956618309,0.7936552171167868,0.8053825755216135,0.94517815,4,0.8128373918099081,0.8372045968212314,-0.022943688556551933,0.9893083572387695,17.339263916015625,15.184043884277344,0.37615537211826483,0.15593625438785916,0.2973141582359089,0.21302789781865816,0.10339375261108719
HardMaze,"0086_window_len=4_w_neg=5.0_c_neg=2.0_reg_neg=0.0_discount=[0.3,0.7]_lr=0.001_rnn_type=LSTM",5.0,2.0,0.0,LSTM,0.3,0.7,0.001,148,126,5,0.8495738351536739,0.7871494956618309,0.7894420860931086,0.7970706378997128,0.9316446,4,0.7769308746655804,0.8059680190248353,0.02440905012190342,0.9752427935600281,17.32740592956543,14.888066291809082,0.37615537211826483,0.02491573329064723,0.10971912144366806,0.057405812431562626,0.10339375261108719
HardMaze,"0087_window_len=4_w_neg=5.0_c_neg=2.0_reg_neg=0.0_discount=[0.3,0.7]_lr=0.001_rnn_type=GRU",5.0,2.0,0.0,GRU,0.3,0.7,0.001,148,126,5,0.8495738351536739,0.7871494956618309,0.7904121085022309,0.8000298152462483,0.94721794,4,0.7765115357555763,0.7886168376741229,-0.08796732127666473,0.9896864891052246,17.79405975341797,15.826531410217285,0.37615537211826483,0.016569402845582365,0.13603517733063922,0.07334409701897388,0.10339375261108719
HardMaze,"0088_window_len=4_w_neg=5.0_c_neg=2.0_reg_neg=0.1_discount=[0.1,0.9]_lr=0.0001_rnn_type=LSTM",5.0,2.0,0.1,LSTM,0.1,0.9,0.0001,148,126,5,0.8495738351536739,0.7871494956618309,0.7909588274521585,0.8216633330204568,0.8743099,4,0.8051358726397225,0.8505693149795274,0.038351260125637054,0.9256834983825684,17.954320907592773,11.684713363647461,0.37615537211826483,0.07715119511672273,0.5120074297842785,0.21993034831331099,0.10339375261108719
HardMaze,"0089_window_len=4_w_neg=5.0_c_neg=2.0_reg_neg=0.1_discount=[0.1,0.9]_lr=0.0001_rnn_type=GRU",5.0,2.0,0.1,GRU,0.1,0.9,0.0001,148,126,5,0.8495738351536739,0.7871494956618309,0.7913008015470109,0.7981595677758117,0.8843935,4,0.8026492207562381,0.8264805393209078,0.12929952144622803,0.9275822043418884,17.826175689697266,11.505449295043945,0.37615537211826483,0.08095829321447164,0.45680265386249036,0.23451928167620362,0.10339375261108719
HardMaze,"0090_window_len=4_w_neg=5.0_c_neg=2.0_reg_neg=0.1_discount=[0.1,0.9]_lr=0.001_rnn_type=LSTM",5.0,2.0,0.1,LSTM,0.1,0.9,0.001,148,126,5,0.8495738351536739,0.7871494956618309,0.7849317027921092,0.8045389751176165,0.8608562,4,0.7602266347143725,0.7943547271458893,0.06661895662546158,0.9001569747924805,18.220809936523438,11.83121109008789,0.37615537211826483,0.08028547110664162,0.46278576616021844,0.21354131854556982,0.10339375261108719
HardMaze,"0091_window_len=4_w_neg=5.0_c_neg=2.0_reg_neg=0.1_discount=[0.1,0.9]_lr=0.001_rnn_type=GRU",5.0,2.0,0.1,GRU,0.1,0.9,0.001,148,126,5,0.8495738351536739,0.7871494956618309,0.7899533546253237,0.8077762993705333,0.84949243,4,0.7722034743632481,0.7783140572928089,-0.08726201206445694,0.9026815295219421,17.838560104370117,11.67778491973877,0.37615537211826483,0.04130256594994514,0.38820074792583903,0.1601956075663533,0.10339375261108719
HardMaze,"0092_window_len=4_w_neg=5.0_c_neg=2.0_reg_neg=0.1_discount=[0.3,0.7]_lr=0.0001_rnn_type=LSTM",5.0,2.0,0.1,LSTM,0.3,0.7,0.0001,148,126,5,0.8495738351536739,0.7871494956618309,0.7944371052314556,0.8036344723599964,0.9049217,4,0.8141652917830525,0.8278039878835537,-0.14520688354969025,0.9724516868591309,17.48428726196289,14.947997093200684,0.37615537211826483,0.055882231790691364,0.1937255026920969,0.10117261252024055,0.10339375261108719
HardMaze,"0093_window_len=4_w_neg=5.0_c_neg=2.0_reg_neg=0.1_discount=[0.3,0.7]_lr=0.0001_rnn_type=GRU",5.0,2.0,0.1,GRU,0.3,0.7,0.0001,148,126,5,0.8495738351536739,0.7871494956618309,0.7950241271152898,0.7983902369393784,0.920883,4,0.8062675694278552,0.8184201450069886,0.025687089189887047,0.979345977306366,17.59566879272461,15.26952075958252,0.37615537211826483,0.1691647154996575,0.34059348665968514,0.2507430059457246,0.10339375261108719
HardMaze,"0094_window_len=4_w_neg=5.0_c_neg=2.0_reg_neg=0.1_discount=[0.3,0.7]_lr=0.001_rnn_type=LSTM",5.0,2.0,0.1,LSTM,0.3,0.7,0.001,148,126,5,0.8495738351536739,0.7871494956618309,0.7883218185032784,0.8010778368875098,0.93995285,4,0.7730214051645954,0.7936309760546879,-0.06660673767328262,0.9885566234588623,17.302772521972656,15.138375282287598,0.37615537211826483,-0.0218111133715969,0.11883650973131499,0.04500216079079556,0.10339375261108719
HardMaze,"0095_window_len=4_w_neg=5.0_c_neg=2.0_reg_neg=0.1_discount=[0.3,0.7]_lr=0.001_rnn_type=GRU",5.0,2.0,0.1,GRU,0.3,0.7,0.001,148,126,5,0.8495738351536739,0.7871494956618309,0.7878366163821613,0.7984639067875932,0.9282672,4,0.7680805835465796,0.778136737770128,-0.017759209498763084,0.9809118509292603,17.4149112701416,14.942131996154785,0.37615537211826483,-0.03963441196358974,0.1478938986691968,0.0394898386181056,0.10339375261108719
HardMaze,"0096_window_len=4_w_neg=15.0_c_neg=1.0_reg_neg=0.0_discount=[0.1,0.9]_lr=0.0001_rnn_type=LSTM",15.0,1.0,0.0,LSTM,0.1,0.9,0.0001,148,126,5,0.8495738351536739,0.7871494956618309,0.7888932856890805,0.8027639600189259,0.88014346,4,0.7999457323781038,0.8349796902180258,0.03551754727959633,0.9410662055015564,18.097864151000977,13.086379051208496,0.37615537211826483,0.003643062955757272,0.3132079587170173,0.0974767246882487,0.10339375261108719
HardMaze,"0097_window_len=4_w_neg=15.0_c_neg=1.0_reg_neg=0.0_discount=[0.1,0.9]_lr=0.0001_rnn_type=GRU",15.0,1.0,0.0,GRU,0.1,0.9,0.0001,148,126,5,0.8495738351536739,0.7871494956618309,0.7838048163106384,0.7991486118296443,0.8790077,4,0.8000546580059368,0.8333780640756305,-0.016868893057107925,0.9385346174240112,17.771459579467773,13.143794059753418,0.37615537211826483,0.0977973809545148,0.4516221089826422,0.21708521901436037,0.10339375261108719
HardMaze,"0098_window_len=4_w_neg=15.0_c_neg=1.0_reg_neg=0.0_discount=[0.1,0.9]_lr=0.001_rnn_type=LSTM",15.0,1.0,0.0,LSTM,0.1,0.9,0.001,148,126,5,0.8495738351536739,0.7871494956618309,0.7856191088895528,0.7822523632165258,0.83802986,4,0.7638842385623202,0.8107130630315617,0.032598577439785004,0.916608452796936,18.157169342041016,13.084393501281738,0.37615537211826483,-0.04060750178896372,0.37299274408356564,0.06858244414014383,0.10339375261108719
HardMaze,"0099_window_len=4_w_neg=15.0_c_neg=1.0_reg_neg=0.0_discount=[0.1,0.9]_lr=0.001_rnn_type=GRU",15.0,1.0,0.0,GRU,0.1,0.9,0.001,148,126,5,0.8495738351536739,0.7871494956618309,0.7845781642349736,0.8251239878867827,0.87068427,4,0.77816133908528,0.814042775418625,-0.007104884833097458,0.9334145784378052,18.289260864257812,13.757975578308105,0.37615537211826483,0.10778962333278366,0.483076079147588,0.2469803919542785,0.10339375261108719
HardMaze,"0100_window_len=4_w_neg=15.0_c_neg=1.0_reg_neg=0.0_discount=[0.3,0.7]_lr=0.0001_rnn_type=LSTM",15.0,1.0,0.0,LSTM,0.3,0.7,0.0001,148,126,5,0.8495738351536739,0.7871494956618309,0.7945365236687064,0.8087001781570896,0.93979836,4,0.8168990674575005,0.8376754398307492,-0.05745040252804756,0.9897850751876831,17.928590774536133,16.447420120239258,0.37615537211826483,0.11567628467938613,0.2219191585659325,0.16214549422595984,0.10339375261108719
HardMaze,"0101_window_len=4_w_neg=15.0_c_neg=1.0_reg_neg=0.0_discount=[0.3,0.7]_lr=0.0001_rnn_type=GRU",15.0,1.0,0.0,GRU,0.3,0.7,0.0001,148,126,5,0.8495738351536739,0.7871494956618309,0.7917748316371171,0.7982893821255231,0.92534894,4,0.8056274683529174,0.8218040618274669,-0.04491526633501053,0.984804093837738,17.83919906616211,16.310192108154297,0.37615537211826483,0.198520518650654,0.277185100133887,0.2429434593072984,0.10339375261108719
HardMaze,"0102_window_len=4_w_neg=15.0_c_neg=1.0_reg_neg=0.0_discount=[0.3,0.7]_lr=0.001_rnn_type=LSTM",15.0,1.0,0.0,LSTM,0.3,0.7,0.001,148,126,5,0.8495738351536739,0.7871494956618309,0.78755357229303,0.8042086226362979,0.9151333,4,0.7691075187896568,0.8065678847184896,-0.0682356059551239,0.9750599265098572,18.188295364379883,16.112648010253906,0.37615537211826483,0.025909211664743335,0.21845495878760107,0.09952855409146585,0.10339375261108719
HardMaze,"0103_window_len=4_w_neg=15.0_c_neg=1.0_reg_neg=0.0_discount=[0.3,0.7]_lr=0.001_rnn_type=GRU",15.0,1.0,0.0,GRU,0.3,0.7,0.001,148,126,5,0.8495738351536739,0.7871494956618309,0.7959840867221717,0.7862710447346973,0.9205062,4,0.7973574824854496,0.7997645525942024,-0.028873831033706665,0.9767913818359375,17.910316467285156,16.17751693725586,0.37615537211826483,0.07849313232352421,0.20151578180837662,0.12184104041118399,0.10339375261108719
HardMaze,"0104_window_len=4_w_neg=15.0_c_neg=1.0_reg_neg=0.1_discount=[0.1,0.9]_lr=0.0001_rnn_type=LSTM",15.0,1.0,0.1,LSTM,0.1,0.9,0.0001,148,126,5,0.8495738351536739,0.7871494956618309,0.7893201244983553,0.8284317176768287,0.87271464,4,0.8052526958832557,0.8714787397674104,-0.032668136060237885,0.9372743964195251,18.152015686035156,13.422266006469727,0.37615537211826483,-0.0633629756672807,0.30515262846735,0.05651983731436498,0.10339375261108719
HardMaze,"0105_window_len=4_w_neg=15.0_c_neg=1.0_reg_neg=0.1_discount=[0.1,0.9]_lr=0.0001_rnn_type=GRU",15.0,1.0,0.1,GRU,0.1,0.9,0.0001,148,126,5,0.8495738351536739,0.7871494956618309,0.7849914272651017,0.8025999936550015,0.8543482,4,0.8009643447221008,0.838485027346232,-0.010739589110016823,0.9227701425552368,18.196298599243164,13.28758716583252,0.37615537211826483,0.04407540857615368,0.4226425672307903,0.18247473080634433,0.10339375261108719
HardMaze,"0106_window_len=4_w_neg=15.0_c_neg=1.0_reg_neg=0.1_discount=[0.1,0.9]_lr=0.001_rnn_type=LSTM",15.0,1.0,0.1,LSTM,0.1,0.9,0.001,148,126,5,0.8495738351536739,0.7871494956618309,0.7873270671545425,0.820647937135969,0.87446225,4,0.7707884592600567,0.8017376181984689,-0.0021269216667860746,0.9339416027069092,17.691930770874023,13.069435119628906,0.37615537211826483,0.03344926768306976,0.5374467780761985,0.21337635665136354,0.10339375261108719
HardMaze,"0107_window_len=4_w_neg=15.0_c_neg=1.0_reg_neg=0.1_discount=[0.1,0.9]_lr=0.001_rnn_type=GRU",15.0,1.0,0.1,GRU,0.1,0.9,0.001,148,126,5,0.8495738351536739,0.7871494956618309,0.7850863205864058,0.813278807733733,0.8775274,4,0.7738742422345795,0.7779643267917757,-0.003554596798494458,0.922697126865387,18.13567352294922,13.658900260925293,0.37615537211826483,0.07723460281604053,0.347744306747862,0.16473483991366927,0.10339375261108719
HardMaze,"0108_window_len=4_w_neg=15.0_c_neg=1.0_reg_neg=0.1_discount=[0.3,0.7]_lr=0.0001_rnn_type=LSTM",15.0,1.0,0.1,LSTM,0.3,0.7,0.0001,148,126,5,0.8495738351536739,0.7871494956618309,0.7855421690367967,0.7924304390350435,0.9311857,4,0.7945201890854836,0.8110361676654125,-0.07374801486730576,0.987693190574646,17.91573143005371,16.43801498413086,0.37615537211826483,0.08525286297712216,0.19051523302057738,0.1287898285165689,0.10339375261108719
HardMaze,"0109_window_len=4_w_neg=15.0_c_neg=1.0_reg_neg=0.1_discount=[0.3,0.7]_lr=0.0001_rnn_type=GRU",15.0,1.0,0.1,GRU,0.3,0.7,0.0001,148,126,5,0.8495738351536739,0.7871494956618309,0.7930937366001722,0.8040912360747713,0.9449237,4,0.8111847644225317,0.827680037257109,0.010475161485373974,0.9924499988555908,17.65679359436035,16.052337646484375,0.37615537211826483,0.07309016691216198,0.18445983405010727,0.12885099416273527,0.10339375261108719
HardMaze,"0110_window_len=4_w_neg=15.0_c_neg=1.0_reg_neg=0.1_discount=[0.3,0.7]_lr=0.001_rnn_type=LSTM",15.0,1.0,0.1,LSTM,0.3,0.7,0.001,148,126,5,0.8495738351536739,0.7871494956618309,0.7899655757904785,0.8002559176507207,0.94238824,4,0.7870495933848254,0.7967045460503679,0.02878238633275032,0.9908052682876587,17.72435188293457,16.099807739257812,0.37615537211826483,0.09614034799473509,0.1982276649508272,0.1362390628178604,0.10339375261108719
HardMaze,"0111_window_len=4_w_neg=15.0_c_neg=1.0_reg_neg=0.1_discount=[0.3,0.7]_lr=0.001_rnn_type=GRU",15.0,1.0,0.1,GRU,0.3,0.7,0.001,148,126,5,0.8495738351536739,0.7871494956618309,0.7859176795496541,0.7972240402217237,0.94159997,4,0.7611981857346752,0.7734047298692864,0.02438717521727085,0.9919124245643616,18.012788772583008,16.60214614868164,0.37615537211826483,0.01660832643859732,0.08592383158052289,0.04810863421427518,0.10339375261108719
HardMaze,"0112_window_len=4_w_neg=15.0_c_neg=2.0_reg_neg=0.0_discount=[0.1,0.9]_lr=0.0001_rnn_type=LSTM",15.0,2.0,0.0,LSTM,0.1,0.9,0.0001,148,126,5,0.8495738351536739,0.7871494956618309,0.784908838781565,0.7964868321867538,0.87997466,4,0.7939475067784829,0.8318995296387343,-0.009926535189151764,0.9385914206504822,18.180702209472656,14.975679397583008,0.37615537211826483,0.1310640784513001,0.40948083227844617,0.2364320982472245,0.10339375261108719
HardMaze,"0113_window_len=4_w_neg=15.0_c_neg=2.0_reg_neg=0.0_discount=[0.1,0.9]_lr=0.0001_rnn_type=GRU",15.0,2.0,0.0,GRU,0.1,0.9,0.0001,148,126,5,0.8495738351536739,0.7871494956618309,0.7695624963056089,0.7921319129176444,0.8765839,4,0.7829094777608939,0.8193679367170571,0.07536561787128448,0.9328488707542419,18.192276000976562,14.863678932189941,0.37615537211826483,0.1076265149430067,0.4196306225332041,0.22465493110355536,0.10339375261108719
HardMaze,"0114_window_len=4_w_neg=15.0_c_neg=2.0_reg_neg=0.0_discount=[0.1,0.9]_lr=0.001_rnn_type=LSTM",15.0,2.0,0.0,LSTM,0.1,0.9,0.001,148,126,5,0.8495738351536739,0.7871494956618309,0.789898879526869,0.8316243482462106,0.8731248,4,0.7652714801356235,0.8530074935957674,0.0015677809715270996,0.9316789507865906,18.54112434387207,15.525172233581543,0.37615537211826483,0.0655686459381284,0.4359303404843257,0.20343415889268535,0.10339375261108719
HardMaze,"0115_window_len=4_w_neg=15.0_c_neg=2.0_reg_neg=0.0_discount=[0.1,0.9]_lr=0.001_rnn_type=GRU",15.0,2.0,0.0,GRU,0.1,0.9,0.001,148,126,5,0.8495738351536739,0.7871494956618309,0.788244883520473,0.8167583414185067,0.8643936,4,0.7762765190151723,0.8242286005691855,-0.06998871266841888,0.9321725964546204,18.46274185180664,14.885895729064941,0.37615537211826483,-0.006061886235972608,0.29966625535666996,0.08996447123636155,0.10339375261108719
HardMaze,"0116_window_len=4_w_neg=15.0_c_neg=2.0_reg_neg=0.0_discount=[0.3,0.7]_lr=0.0001_rnn_type=LSTM",15.0,2.0,0.0,LSTM,0.3,0.7,0.0001,148,126,5,0.8495738351536739,0.7871494956618309,0.7943743236402393,0.8216073591209968,0.9014146,4,0.808840457477529,0.8500505624544574,0.053476329892873764,0.9672502875328064,18.074674606323242,17.205875396728516,0.37615537211826483,0.14741569452644163,0.3226941943860917,0.2362374802821497,0.10339375261108719
HardMaze,"0117_window_len=4_w_neg=15.0_c_neg=2.0_reg_neg=0.0_discount=[0.3,0.7]_lr=0.0001_rnn_type=GRU",15.0,2.0,0.0,GRU,0.3,0.7,0.0001,148,126,5,0.8495738351536739,0.7871494956618309,0.7938122141939468,0.8050545715971879,0.9368952,4,0.8076171207178208,0.8292164400227844,0.047685593366622925,0.9873690009117126,18.018680572509766,16.968055725097656,0.37615537211826483,0.06991140681594031,0.1548927313941724,0.1100360707010756,0.10339375261108719
HardMaze,"0118_window_len=4_w_neg=15.0_c_neg=2.0_reg_neg=0.0_discount=[0.3,0.7]_lr=0.001_rnn_type=LSTM",15.0,2.0,0.0,LSTM,0.3,0.7,0.001,148,126,5,0.8495738351536739,0.7871494956618309,0.7863416133119585,0.8138051360746997,0.90504724,4,0.7779382740694943,0.8173456325723831,-0.018947988748550415,0.9516234397888184,18.190248489379883,17.271953582763672,0.37615537211826483,-0.045172683198289675,0.1042883534658666,0.015492516772168483,0.10339375261108719
HardMaze,"0119_window_len=4_w_neg=15.0_c_neg=2.0_reg_neg=0.0_discount=[0.3,0.7]_lr=0.001_rnn_type=GRU",15.0,2.0,0.0,GRU,0.3,0.7,0.001,148,126,5,0.8495738351536739,0.7871494956618309,0.7899463227421732,0.8065798120074804,0.92159843,4,0.7701180004732555,0.8088782000185228,0.006362529005855322,0.9802024364471436,17.858732223510742,16.82819366455078,0.37615537211826483,-0.08086747149743674,-0.024279981271402896,-0.06206737607121134,0.10339375261108719
HardMaze,"0120_window_len=4_w_neg=15.0_c_neg=2.0_reg_neg=0.1_discount=[0.1,0.9]_lr=0.0001_rnn_type=LSTM",15.0,2.0,0.1,LSTM,0.1,0.9,0.0001,148,126,5,0.8495738351536739,0.7871494956618309,0.7894062175650409,0.8066280088295338,0.88663673,4,0.8015321163604318,0.8408661506237374,-0.018602723255753517,0.9313713312149048,18.322877883911133,14.845897674560547,0.37615537211826483,0.09473168462847942,0.3939391976389016,0.2064905876965743,0.10339375261108719
HardMaze,"0121_window_len=4_w_neg=15.0_c_neg=2.0_reg_neg=0.1_discount=[0.1,0.9]_lr=0.0001_rnn_type=GRU",15.0,2.0,0.1,GRU,0.1,0.9,0.0001,148,126,5,0.8495738351536739,0.7871494956618309,0.7823688111683278,0.8042398722314885,0.89721775,4,0.7931833416070603,0.8282594166871922,0.05861269310116768,0.9575949907302856,18.168237686157227,14.787572860717773,0.37615537211826483,0.11028258679017035,0.3949234084908514,0.21226425399379326,0.10339375261108719
HardMaze,"0122_window_len=4_w_neg=15.0_c_neg=2.0_reg_neg=0.1_discount=[0.1,0.9]_lr=0.001_rnn_type=LSTM",15.0,2.0,0.1,LSTM,0.1,0.9,0.001,148,126,5,0.8495738351536739,0.7871494956618309,0.787719692230785,0.8284374267911044,0.89130723,4,0.7722513261347269,0.8212031611230778,-0.09375493228435516,0.9390134811401367,18.556636810302734,15.32540225982666,0.37615537211826483,-0.08847610717964666,0.2459201874207282,0.03469852966840703,0.10339375261108719
HardMaze,"0123_window_len=4_w_neg=15.0_c_neg=2.0_reg_neg=0.1_discount=[0.1,0.9]_lr=0.001_rnn_type=GRU",15.0,2.0,0.1,GRU,0.1,0.9,0.001,148,126,5,0.8495738351536739,0.7871494956618309,0.782659896588344,0.8044285052421207,0.88330495,4,0.7657370354244875,0.7871322693316284,-0.020452892407774925,0.923882782459259,18.124319076538086,14.710676193237305,0.37615537211826483,0.07889904979353736,0.3141069083652199,0.15218661492741808,0.10339375261108719
HardMaze,"0124_window_len=4_w_neg=15.0_c_neg=2.0_reg_neg=0.1_discount=[0.3,0.7]_lr=0.0001_rnn_type=LSTM",15.0,2.0,0.1,LSTM,0.3,0.7,0.0001,148,126,5,0.8495738351536739,0.7871494956618309,0.7915192232191589,0.7991118113335954,0.9293761,4,0.8067501702580507,0.8215889105443492,0.024462446570396423,0.9888226389884949,17.930816650390625,16.7764949798584,0.37615537211826483,0.1810938700065279,0.25832939957478307,0.22045489006679828,0.10339375261108719
HardMaze,"0125_window_len=4_w_neg=15.0_c_neg=2.0_reg_neg=0.1_discount=[0.3,0.7]_lr=0.0001_rnn_type=GRU",15.0,2.0,0.1,GRU,0.3,0.7,0.0001,148,126,5,0.8495738351536739,0.7871494956618309,0.7793945646868365,0.7924542043669544,0.94354105,4,0.7938910067072537,0.81410907676443,0.02472541853785515,0.9917503595352173,18.101829528808594,16.988344192504883,0.37615537211826483,0.08438356939978808,0.1438198959336311,0.10390097104014627,0.10339375261108719
HardMaze,"0126_window_len=4_w_neg=15.0_c_neg=2.0_reg_neg=0.1_discount=[0.3,0.7]_lr=0.001_rnn_type=LSTM",15.0,2.0,0.1,LSTM,0.3,0.7,0.001,148,126,5,0.8495738351536739,0.7871494956618309,0.793944101803408,0.8033276308660472,0.95328206,4,0.7793015574958506,0.7877475790925353,-0.02729116939008236,0.9928753972053528,17.551034927368164,16.602733612060547,0.37615537211826483,0.10879236922902619,0.18806304666063492,0.1448337628564493,0.10339375261108719
HardMaze,"0127_window_len=4_w_neg=15.0_c_neg=2.0_reg_neg=0.1_discount=[0.3,0.7]_lr=0.001_rnn_type=GRU",15.0,2.0,0.1,GRU,0.3,0.7,0.001,148,126,5,0.8495738351536739,0.7871494956618309,0.7963167046529392,0.8142089402437142,0.93780756,4,0.7830817369663178,0.806199655117943,0.015290763229131699,0.9888386130332947,17.874765396118164,16.969526290893555,0.37615537211826483,0.05730757669681059,0.19342894198341148,0.12069186766502807,0.10339375261108719
HardMaze,"0128_window_len=8_w_neg=5.0_c_neg=1.0_reg_neg=0.0_discount=[0.1,0.9]_lr=0.0001_rnn_type=LSTM",5.0,1.0,0.0,LSTM,0.1,0.9,0.0001,148,126,5,0.8495738351536739,0.7871494956618309,0.772785716072623,0.6599769340288568,0.70682544,8,0.7250271868315432,0.5675740996958547,-0.04515795409679413,0.7208412885665894,18.01473045349121,6.594757556915283,0.37615537211826483,0.10190289326537838,0.7274550776353667,0.28349813622002756,0.10339375261108719
HardMaze,"0129_window_len=8_w_neg=5.0_c_neg=1.0_reg_neg=0.0_discount=[0.1,0.9]_lr=0.0001_rnn_type=GRU",5.0,1.0,0.0,GRU,0.1,0.9,0.0001,148,126,5,0.8495738351536739,0.7871494956618309,0.7810294820967546,0.5814842908231416,0.62199146,8,0.7922899550576403,0.5462338014029585,0.010114702396094799,0.7553618550300598,16.2890625,6.277515411376953,0.37615537211826483,0.13331237932402135,0.6346667924009913,0.29273600229557795,0.10339375261108719
HardMaze,"0130_window_len=8_w_neg=5.0_c_neg=1.0_reg_neg=0.0_discount=[0.1,0.9]_lr=0.001_rnn_type=LSTM",5.0,1.0,0.0,LSTM,0.1,0.9,0.001,148,126,5,0.8495738351536739,0.7871494956618309,0.7482461768435213,0.6989265625945074,0.72318655,8,0.737905721892534,0.5922122044829597,0.09271857887506485,0.7566685676574707,18.70709991455078,8.606599807739258,0.37615537211826483,-0.054792371186272504,0.4579814826795149,0.06386898237647518,0.10339375261108719
HardMaze,"0131_window_len=8_w_neg=5.0_c_neg=1.0_reg_neg=0.0_discount=[0.1,0.9]_lr=0.001_rnn_type=GRU",5.0,1.0,0.0,GRU,0.1,0.9,0.001,148,126,5,0.8495738351536739,0.7871494956618309,0.7680189649989138,0.7000293958263988,0.747972,8,0.7428327939862975,0.6201067026061902,0.024156656116247177,0.7785254716873169,18.662273406982422,8.736367225646973,0.37615537211826483,0.02104932305116126,0.35420191617948665,0.12571857167724565,0.10339375261108719
HardMaze,"0132_window_len=8_w_neg=5.0_c_neg=1.0_reg_neg=0.0_discount=[0.3,0.7]_lr=0.0001_rnn_type=LSTM",5.0,1.0,0.0,LSTM,0.3,0.7,0.0001,148,126,5,0.8495738351536739,0.7871494956618309,0.7710974148476987,0.7464147672440327,0.8256446,8,0.7371931637052976,0.6973230886158964,-0.05960806459188461,0.910893440246582,17.089731216430664,11.412221908569336,0.37615537211826483,-0.06621181197508988,0.17938493892272828,0.036233231335854,0.10339375261108719
HardMaze,"0133_window_len=8_w_neg=5.0_c_neg=1.0_reg_neg=0.0_discount=[0.3,0.7]_lr=0.0001_rnn_type=GRU",5.0,1.0,0.0,GRU,0.3,0.7,0.0001,148,126,5,0.8495738351536739,0.7871494956618309,0.7761638636571044,0.7506073527380848,0.8288115,8,0.792768005208239,0.7515865086646027,0.028278060257434845,0.9274386763572693,14.961784362792969,9.934810638427734,0.37615537211826483,0.0694202281421801,0.2192130420991782,0.1466613182237231,0.10339375261108719
HardMaze,"0134_window_len=8_w_neg=5.0_c_neg=1.0_reg_neg=0.0_discount=[0.3,0.7]_lr=0.001_rnn_type=LSTM",5.0,1.0,0.0,LSTM,0.3,0.7,0.001,148,126,5,0.8495738351536739,0.7871494956618309,0.7586231520622271,0.7594295459393603,0.88428146,8,0.7019225482623409,0.7148727011892537,0.09091334044933319,0.9406068325042725,17.647850036621094,13.382879257202148,0.37615537211826483,-0.06654914978121952,0.16326501090124723,0.003906260584715569,0.10339375261108719
HardMaze,"0135_window_len=8_w_neg=5.0_c_neg=1.0_reg_neg=0.0_discount=[0.3,0.7]_lr=0.001_rnn_type=GRU",5.0,1.0,0.0,GRU,0.3,0.7,0.001,148,126,5,0.8495738351536739,0.7871494956618309,0.7687757875678057,0.7547996751144382,0.8717505,8,0.734214596036012,0.7177537897928453,0.13711808621883392,0.9373309016227722,17.72004508972168,14.361523628234863,0.37615537211826483,0.014725165938444999,0.12807808281572391,0.03809229627842563,0.10339375261108719
HardMaze,"0136_window_len=8_w_neg=5.0_c_neg=1.0_reg_neg=0.1_discount=[0.1,0.9]_lr=0.0001_rnn_type=LSTM",5.0,1.0,0.1,LSTM,0.1,0.9,0.0001,148,126,5,0.8495738351536739,0.7871494956618309,0.7715529037224178,0.6057414584494573,0.64674526,8,0.7453266689697863,0.5569326229693098,0.02449975349009037,0.7132236957550049,17.95448875427246,6.4128546714782715,0.37615537211826483,-0.016015205021226515,0.6486663113553717,0.12549244413687305,0.10339375261108719
HardMaze,"0137_window_len=8_w_neg=5.0_c_neg=1.0_reg_neg=0.1_discount=[0.1,0.9]_lr=0.0001_rnn_type=GRU",5.0,1.0,0.1,GRU,0.1,0.9,0.0001,148,126,5,0.8495738351536739,0.7871494956618309,0.7783017000008325,0.5698074452785633,0.6108125,8,0.7928035041974653,0.5315518324901867,-0.0657082349061966,0.7582178115844727,16.354162216186523,6.542942047119141,0.37615537211826483,0.1815164690164046,0.6311951786049428,0.3524355264583792,0.10339375261108719
HardMaze,"0138_window_len=8_w_neg=5.0_c_neg=1.0_reg_neg=0.1_discount=[0.1,0.9]_lr=0.001_rnn_type=LSTM",5.0,1.0,0.1,LSTM,0.1,0.9,0.001,148,126,5,0.8495738351536739,0.7871494956618309,0.7530447334486934,0.6742272690459296,0.718546,8,0.7246321921030322,0.6023868896395365,-0.021771270781755447,0.7295054793357849,18.645051956176758,7.794257164001465,0.37615537211826483,-0.042948477883149136,0.3045669210676963,0.05268122964131828,0.10339375261108719
HardMaze,"0139_window_len=8_w_neg=5.0_c_neg=1.0_reg_neg=0.1_discount=[0.1,0.9]_lr=0.001_rnn_type=GRU",5.0,1.0,0.1,GRU,0.1,0.9,0.001,148,126,5,0.8495738351536739,0.7871494956618309,0.7572168800789266,0.6917975678254267,0.7248203,8,0.7329843747273327,0.6057094885918779,-0.08183615654706955,0.7388484477996826,17.389984130859375,7.50202751159668,0.37615537211826483,0.00017886317742588488,0.35672453570774193,0.0931117217572854,0.10339375261108719
HardMaze,"0140_window_len=8_w_neg=5.0_c_neg=1.0_reg_neg=0.1_discount=[0.3,0.7]_lr=0.0001_rnn_type=LSTM",5.0,1.0,0.1,LSTM,0.3,0.7,0.0001,148,126,5,0.8495738351536739,0.7871494956618309,0.7776057224327111,0.7571516119596041,0.83890915,8,0.764418329496813,0.7311393871018493,-0.10975590348243713,0.8873103260993958,17.054689407348633,10.918004035949707,0.37615537211826483,0.05518531412528065,0.32062568344301096,0.15110046133185778,0.10339375261108719
HardMaze,"0141_window_len=8_w_neg=5.0_c_neg=1.0_reg_neg=0.1_discount=[0.3,0.7]_lr=0.0001_rnn_type=GRU",5.0,1.0,0.1,GRU,0.3,0.7,0.0001,148,126,5,0.8495738351536739,0.7871494956618309,0.7904130090038676,0.7505478980605518,0.8410739,8,0.8007105130230119,0.7299052473387889,0.049950115382671356,0.9023388028144836,15.4991455078125,10.162848472595215,0.37615537211826483,0.10859404425509282,0.2798522930076263,0.18043402242970288,0.10339375261108719
HardMaze,"0142_window_len=8_w_neg=5.0_c_neg=1.0_reg_neg=0.1_discount=[0.3,0.7]_lr=0.001_rnn_type=LSTM",5.0,1.0,0.1,LSTM,0.3,0.7,0.001,148,126,5,0.8495738351536739,0.7871494956618309,0.7817156705885789,0.7470701966904113,0.86351144,8,0.7527469117897562,0.7095617614443813,0.039329174906015396,0.9243153929710388,18.241708755493164,14.013494491577148,0.37615537211826483,0.03170326651068443,0.17175220768293767,0.09536002263000662,0.10339375261108719
HardMaze,"0143_window_len=8_w_neg=5.0_c_neg=1.0_reg_neg=0.1_discount=[0.3,0.7]_lr=0.001_rnn_type=GRU",5.0,1.0,0.1,GRU,0.3,0.7,0.001,148,126,5,0.8495738351536739,0.7871494956618309,0.7860897849100287,0.7785424947488071,0.89182967,8,0.7554002676171006,0.7477708676839795,-0.016532741487026215,0.9596747159957886,18.021739959716797,14.671180725097656,0.37615537211826483,-0.0073018806991634565,0.1286526691888019,0.04626439730713782,0.10339375261108719
HardMaze,"0144_window_len=8_w_neg=5.0_c_neg=2.0_reg_neg=0.0_discount=[0.1,0.9]_lr=0.0001_rnn_type=LSTM",5.0,2.0,0.0,LSTM,0.1,0.9,0.0001,148,126,5,0.8495738351536739,0.7871494956618309,0.7725642275897526,0.7885987356008299,0.860201,8,0.7595687851315149,0.7659651883490418,-0.06286812573671341,0.9139031171798706,18.549171447753906,13.558967590332031,0.37615537211826483,-0.0038506554518370558,0.25753795318347894,0.07012270632087865,0.10339375261108719
HardMaze,"0145_window_len=8_w_neg=5.0_c_neg=2.0_reg_neg=0.0_discount=[0.1,0.9]_lr=0.0001_rnn_type=GRU",5.0,2.0,0.0,GRU,0.1,0.9,0.0001,148,126,5,0.8495738351536739,0.7871494956618309,0.7907516290837917,0.8135354493398765,0.8635227,8,0.8056723145455974,0.8454512784223891,0.07821286469697952,0.9276875853538513,17.97408103942871,12.045848846435547,0.37615537211826483,0.005274146853527,0.46360872212682047,0.17976490733073144,0.10339375261108719
HardMaze,"0146_window_len=8_w_neg=5.0_c_neg=2.0_reg_neg=0.0_discount=[0.1,0.9]_lr=0.001_rnn_type=LSTM",5.0,2.0,0.0,LSTM,0.1,0.9,0.001,148,126,5,0.8495738351536739,0.7871494956618309,0.7624992309882397,0.8056711742555468,0.8107939,8,0.7440405002047553,0.7464311641459818,-0.029788855463266373,0.8839482665061951,18.512998580932617,13.12881088256836,0.37615537211826483,-0.007820861939362916,0.3634620243081884,0.09717274996184616,0.10339375261108719
HardMaze,"0147_window_len=8_w_neg=5.0_c_neg=2.0_reg_neg=0.0_discount=[0.1,0.9]_lr=0.001_rnn_type=GRU",5.0,2.0,0.0,GRU,0.1,0.9,0.001,148,126,5,0.8495738351536739,0.7871494956618309,0.7678419272998267,0.7762610206126105,0.8445238,8,0.76285657078458,0.6792862007412057,-0.015579265542328358,0.9075711369514465,18.741832733154297,13.773542404174805,0.37615537211826483,0.0271362315969292,0.09935617817954245,0.02064157118133333,0.10339375261108719
HardMaze,"0148_window_len=8_w_neg=5.0_c_neg=2.0_reg_neg=0.0_discount=[0.3,0.7]_lr=0.0001_rnn_type=LSTM",5.0,2.0,0.0,LSTM,0.3,0.7,0.0001,148,126,5,0.8495738351536739,0.7871494956618309,0.7798933287547629,0.7913711505574135,0.91814125,8,0.7713684249648836,0.7633961196558906,-0.005990888457745314,0.9794629216194153,17.95245933532715,16.446880340576172,0.37615537211826483,-0.052106643268240306,0.036316639035171766,-0.022986235179762813,0.10339375261108719
HardMaze,"0149_window_len=8_w_neg=5.0_c_neg=2.0_reg_neg=0.0_discount=[0.3,0.7]_lr=0.0001_rnn_type=GRU",5.0,2.0,0.0,GRU,0.3,0.7,0.0001,148,126,5,0.8495738351536739,0.7871494956618309,0.7926726629185811,0.7881493715548763,0.9139999,8,0.8034957443264931,0.8027007168285227,0.05187508091330528,0.9798983931541443,17.574209213256836,15.537252426147461,0.37615537211826483,0.2016696226760072,0.28243793168647724,0.24598320657132383,0.10339375261108719
HardMaze,"0150_window_len=8_w_neg=5.0_c_neg=2.0_reg_neg=0.0_discount=[0.3,0.7]_lr=0.001_rnn_type=LSTM",5.0,2.0,0.0,LSTM,0.3,0.7,0.001,148,126,5,0.8495738351536739,0.7871494956618309,0.7680550528332664,0.7847234641663706,0.91648805,8,0.7547113093066546,0.7385030541669187,-0.10009672492742538,0.9693506360054016,17.627777099609375,17.056869506835938,0.37615537211826483,0.04910952660608843,0.07324771478865111,0.057270506608224914,0.10339375261108719
HardMaze,"0151_window_len=8_w_neg=5.0_c_neg=2.0_reg_neg=0.0_discount=[0.3,0.7]_lr=0.001_rnn_type=GRU",5.0,2.0,0.0,GRU,0.3,0.7,0.001,148,126,5,0.8495738351536739,0.7871494956618309,0.7854414748538266,0.7998373420619146,0.9408288,8,0.7701226353640207,0.7307811442694309,0.07707180082798004,0.9881072044372559,18.480371475219727,17.360721588134766,0.37615537211826483,0.04313197482164823,0.10252196374475914,0.06552786884068416,0.10339375261108719
HardMaze,"0152_window_len=8_w_neg=5.0_c_neg=2.0_reg_neg=0.1_discount=[0.1,0.9]_lr=0.0001_rnn_type=LSTM",5.0,2.0,0.1,LSTM,0.1,0.9,0.0001,148,126,5,0.8495738351536739,0.7871494956618309,0.7767842055878483,0.795894185876022,0.8709318,8,0.7695526181833385,0.7522354591160887,-0.10202132165431976,0.9249429702758789,18.263486862182617,13.372791290283203,0.37615537211826483,0.0706305665345024,0.3976536205151863,0.15551550888241172,0.10339375261108719
HardMaze,"0153_window_len=8_w_neg=5.0_c_neg=2.0_reg_neg=0.1_discount=[0.1,0.9]_lr=0.0001_rnn_type=GRU",5.0,2.0,0.1,GRU,0.1,0.9,0.0001,148,126,5,0.8495738351536739,0.7871494956618309,0.7957413872400849,0.7972424168475705,0.86979675,8,0.8080945297461701,0.8273102877262604,-0.050815802067518234,0.9198302030563354,17.864391326904297,11.553837776184082,0.37615537211826483,0.1303894028390408,0.5379880013695493,0.2840208244690856,0.10339375261108719
HardMaze,"0154_window_len=8_w_neg=5.0_c_neg=2.0_reg_neg=0.1_discount=[0.1,0.9]_lr=0.001_rnn_type=LSTM",5.0,2.0,0.1,LSTM,0.1,0.9,0.001,148,126,5,0.8495738351536739,0.7871494956618309,0.7671437635861452,0.7735607279408561,0.8312661,8,0.7531358887226032,0.66967075077228,0.07226262986660004,0.8712896108627319,18.518604278564453,12.64045524597168,0.37615537211826483,-0.05121325413332552,0.34832260012979854,0.05346526201490532,0.10339375261108719
HardMaze,"0155_window_len=8_w_neg=5.0_c_neg=2.0_reg_neg=0.1_discount=[0.1,0.9]_lr=0.001_rnn_type=GRU",5.0,2.0,0.1,GRU,0.1,0.9,0.001,148,126,5,0.8495738351536739,0.7871494956618309,0.7605348496512752,0.7927989787164125,0.84870136,8,0.7410497332450996,0.7007931178875726,-0.050727762281894684,0.9087730646133423,18.510374069213867,14.41746711730957,0.37615537211826483,-0.009976487590619953,0.16198053233175358,0.026932346109707985,0.10339375261108719
HardMaze,"0156_window_len=8_w_neg=5.0_c_neg=2.0_reg_neg=0.1_discount=[0.3,0.7]_lr=0.0001_rnn_type=LSTM",5.0,2.0,0.1,LSTM,0.3,0.7,0.0001,148,126,5,0.8495738351536739,0.7871494956618309,0.789061525657565,0.8089677673630783,0.9191551,8,0.7865268616700789,0.8020113603697017,0.01516338437795639,0.9778524041175842,18.025310516357422,16.4114933013916,0.37615537211826483,0.031134240650894318,0.15615311440608534,0.07677864072643671,0.10339375261108719
HardMaze,"0157_window_len=8_w_neg=5.0_c_neg=2.0_reg_neg=0.1_discount=[0.3,0.7]_lr=0.0001_rnn_type=GRU",5.0,2.0,0.1,GRU,0.3,0.7,0.0001,148,126,5,0.8495738351536739,0.7871494956618309,0.797222731501474,0.7997137729749907,0.9203739,8,0.8115457251681576,0.8271420790302599,-0.08269250392913818,0.9769973754882812,17.37916374206543,15.271428108215332,0.37615537211826483,0.06312202009147382,0.18326061668436067,0.11569667322810827,0.10339375261108719
HardMaze,"0158_window_len=8_w_neg=5.0_c_neg=2.0_reg_neg=0.1_discount=[0.3,0.7]_lr=0.001_rnn_type=LSTM",5.0,2.0,0.1,LSTM,0.3,0.7,0.001,148,126,5,0.8495738351536739,0.7871494956618309,0.7872614057576374,0.7974770452708153,0.9431467,8,0.7539791066529822,0.7741531378108965,0.07868026942014694,0.975716233253479,18.215402603149414,15.776412963867188,0.37615537211826483,-0.0003975767000813711,0.13395925236984135,0.037254512276389366,0.10339375261108719
HardMaze,"0159_window_len=8_w_neg=5.0_c_neg=2.0_reg_neg=0.1_discount=[0.3,0.7]_lr=0.001_rnn_type=GRU",5.0,2.0,0.1,GRU,0.3,0.7,0.001,148,126,5,0.8495738351536739,0.7871494956618309,0.7842001498202739,0.8017534334932785,0.94296706,8,0.7754850099931019,0.7495049924433426,0.056149087846279144,0.988967776298523,18.497753143310547,17.170894622802734,0.37615537211826483,0.025132593308873435,0.07660441131008403,0.04660358861769675,0.10339375261108719
HardMaze,"0160_window_len=8_w_neg=15.0_c_neg=1.0_reg_neg=0.0_discount=[0.1,0.9]_lr=0.0001_rnn_type=LSTM",15.0,1.0,0.0,LSTM,0.1,0.9,0.0001,148,126,5,0.8495738351536739,0.7871494956618309,0.7852340654733541,0.8286108059855934,0.86212844,8,0.793556144417517,0.8031121539180965,-0.08320476114749908,0.9345210194587708,18.258359909057617,14.302289009094238,0.37615537211826483,0.014602834646112272,0.39822079287054724,0.14852223667072403,0.10339375261108719
HardMaze,"0161_window_len=8_w_neg=15.0_c_neg=1.0_reg_neg=0.0_discount=[0.1,0.9]_lr=0.0001_rnn_type=GRU",15.0,1.0,0.0,GRU,0.1,0.9,0.0001,148,126,5,0.8495738351536739,0.7871494956618309,0.7933974683636964,0.8021216490765827,0.8866645,8,0.8022761605191503,0.8302297289041689,0.01903262734413147,0.9409979581832886,18.03713607788086,13.441349029541016,0.37615537211826483,0.09778996693679766,0.40448934485038496,0.1935067891694414,0.10339375261108719
HardMaze,"0162_window_len=8_w_neg=15.0_c_neg=1.0_reg_neg=0.0_discount=[0.1,0.9]_lr=0.001_rnn_type=LSTM",15.0,1.0,0.0,LSTM,0.1,0.9,0.001,148,126,5,0.8495738351536739,0.7871494956618309,0.7502602990191649,0.8089873973724885,0.8279208,8,0.7254708634145014,0.7769186139034419,-0.08967941254377365,0.8784478902816772,18.50284194946289,13.978827476501465,0.37615537211826483,-0.013702031493480352,0.3865826385590743,0.08058944583304417,0.10339375261108719
HardMaze,"0163_window_len=8_w_neg=15.0_c_neg=1.0_reg_neg=0.0_discount=[0.1,0.9]_lr=0.001_rnn_type=GRU",15.0,1.0,0.0,GRU,0.1,0.9,0.001,148,126,5,0.8495738351536739,0.7871494956618309,0.76140202616838,0.7863500186755825,0.784428,8,0.7439699709793155,0.7498493088064847,0.05302024632692337,0.8675355911254883,18.487930297851562,13.471080780029297,0.37615537211826483,0.07708632246169783,0.46415550593345917,0.20570099480969942,0.10339375261108719
HardMaze,"0164_window_len=8_w_neg=15.0_c_neg=1.0_reg_neg=0.0_discount=[0.3,0.7]_lr=0.0001_rnn_type=LSTM",15.0,1.0,0.0,LSTM,0.3,0.7,0.0001,148,126,5,0.8495738351536739,0.7871494956618309,0.7925250443435261,0.7982127092157688,0.9338516,8,0.8016545743293758,0.7881885784973492,0.1156352162361145,0.9883092641830444,18.194347381591797,17.101329803466797,0.37615537211826483,-0.00415648368266888,0.058677316470051304,0.020845437563940045,0.10339375261108719
HardMaze,"0165_window_len=8_w_neg=15.0_c_neg=1.0_reg_neg=0.0_discount=[0.3,0.7]_lr=0.0001_rnn_type=GRU",15.0,1.0,0.0,GRU,0.3,0.7,0.0001,148,126,5,0.8495738351536739,0.7871494956618309,0.7861771058250142,0.7986616499843735,0.93185914,8,0.8008824642114588,0.8257783342149739,-0.008035751059651375,0.9870409369468689,17.45126724243164,15.963916778564453,0.37615537211826483,0.019546130959012118,0.11031409636546816,0.053352198244719,0.10339375261108719
HardMaze,"0166_window_len=8_w_neg=15.0_c_neg=1.0_reg_neg=0.0_discount=[0.3,0.7]_lr=0.001_rnn_type=LSTM",15.0,1.0,0.0,LSTM,0.3,0.7,0.001,148,126,5,0.8495738351536739,0.7871494956618309,0.7656564280390155,0.7721841539040581,0.86898327,8,0.7419126349341658,0.7586326772471983,0.05905648320913315,0.939588189125061,18.534616470336914,16.51422691345215,0.37615537211826483,-0.09051866906071739,0.04935048218189532,-0.04181598667685675,0.10339375261108719
HardMaze,"0167_window_len=8_w_neg=15.0_c_neg=1.0_reg_neg=0.0_discount=[0.3,0.7]_lr=0.001_rnn_type=GRU",15.0,1.0,0.0,GRU,0.3,0.7,0.001,148,126,5,0.8495738351536739,0.7871494956618309,0.7825563774953517,0.7870482585291069,0.89640063,8,0.765932270672556,0.7594435669221082,0.03936916962265968,0.9489069581031799,18.43379020690918,16.955028533935547,0.37615537211826483,0.004391878745187919,0.05449766398201639,0.02147006855660868,0.10339375261108719
HardMaze,"0168_window_len=8_w_neg=15.0_c_neg=1.0_reg_neg=0.1_discount=[0.1,0.9]_lr=0.0001_rnn_type=LSTM",15.0,1.0,0.1,LSTM,0.1,0.9,0.0001,148,126,5,0.8495738351536739,0.7871494956618309,0.7865686002532657,0.8250566661543715,0.87656975,8,0.7865688502297956,0.8168690935335843,0.040435146540403366,0.940712571144104,17.762853622436523,14.452996253967285,0.37615537211826483,0.09425718749458277,0.3489101610338815,0.200453723770397,0.10339375261108719
HardMaze,"0169_window_len=8_w_neg=15.0_c_neg=1.0_reg_neg=0.1_discount=[0.1,0.9]_lr=0.0001_rnn_type=GRU",15.0,1.0,0.1,GRU,0.1,0.9,0.0001,148,126,5,0.8495738351536739,0.7871494956618309,0.7886243567811504,0.7930470627129386,0.8848728,8,0.8020218091701565,0.8314281750567785,-0.03382788226008415,0.9298124313354492,18.140432357788086,13.807843208312988,0.37615537211826483,0.17394490342278038,0.4955112403636529,0.30126397617471257,0.10339375261108719
HardMaze,"0170_window_len=8_w_neg=15.0_c_neg=1.0_reg_neg=0.1_discount=[0.1,0.9]_lr=0.001_rnn_type=LSTM",15.0,1.0,0.1,LSTM,0.1,0.9,0.001,148,126,5,0.8495738351536739,0.7871494956618309,0.7668184207080428,0.783297524176587,0.85536927,8,0.7641348973590103,0.6983917025208073,0.07578570395708084,0.9113561511039734,18.656558990478516,14.572827339172363,0.37615537211826483,0.0492837560224411,0.29827427353027786,0.11115373387193372,0.10339375261108719
HardMaze,"0171_window_len=8_w_neg=15.0_c_neg=1.0_reg_neg=0.1_discount=[0.1,0.9]_lr=0.001_rnn_type=GRU",15.0,1.0,0.1,GRU,0.1,0.9,0.001,148,126,5,0.8495738351536739,0.7871494956618309,0.7673643114652083,0.7741906787600938,0.86661434,8,0.7489301569562039,0.6925833024233283,-0.010388312861323357,0.9247927069664001,18.52330207824707,15.1205472946167,0.37615537211826483,-0.007201791459982132,0.1766028287743733,0.05026425986553223,0.10339375261108719
HardMaze,"0172_window_len=8_w_neg=15.0_c_neg=1.0_reg_neg=0.1_discount=[0.3,0.7]_lr=0.0001_rnn_type=LSTM",15.0,1.0,0.1,LSTM,0.3,0.7,0.0001,148,126,5,0.8495738351536739,0.7871494956618309,0.789410227573534,0.7966639974143256,0.9397728,8,0.7954915593876193,0.810504259718672,0.03814046457409859,0.9872725009918213,18.1646728515625,17.03032684326172,0.37615537211826483,0.17087364658345713,0.24855031020588186,0.20485579678994598,0.10339375261108719
HardMaze,"0173_window_len=8_w_neg=15.0_c_neg=1.0_reg_neg=0.1_discount=[0.3,0.7]_lr=0.0001_rnn_type=GRU",15.0,1.0,0.1,GRU,0.3,0.7,0.0001,148,126,5,0.8495738351536739,0.7871494956618309,0.7834568509019858,0.8005560974960119,0.93912697,8,0.7985120761608974,0.8295470099922518,0.029463471844792366,0.9882928133010864,17.85346031188965,16.411636352539062,0.37615537211826483,0.019861226711990358,0.14782161199645477,0.07946622214889819,0.10339375261108719
HardMaze,"0174_window_len=8_w_neg=15.0_c_neg=1.0_reg_neg=0.1_discount=[0.3,0.7]_lr=0.001_rnn_type=LSTM",15.0,1.0,0.1,LSTM,0.3,0.7,0.001,148,126,5,0.8495738351536739,0.7871494956618309,0.7799329101837833,0.7878070881312661,0.93947953,8,0.7521710460668144,0.7324578168835323,-0.010440751910209656,0.9860639572143555,18.26194953918457,17.39798927307129,0.37615537211826483,0.11004163121436346,0.15152676735059303,0.12905858665881503,0.10339375261108719
HardMaze,"0175_window_len=8_w_neg=15.0_c_neg=1.0_reg_neg=0.1_discount=[0.3,0.7]_lr=0.001_rnn_type=GRU",15.0,1.0,0.1,GRU,0.3,0.7,0.001,148,126,5,0.8495738351536739,0.7871494956618309,0.7878186662242697,0.798819995867791,0.95110446,8,0.7832820580278481,0.7350626633680943,-0.027964895591139793,0.9897401928901672,18.47321319580078,17.385759353637695,0.37615537211826483,0.017659263450001225,0.037089550382183104,0.022806445250122286,0.10339375261108719
HardMaze,"0176_window_len=8_w_neg=15.0_c_neg=2.0_reg_neg=0.0_discount=[0.1,0.9]_lr=0.0001_rnn_type=LSTM",15.0,2.0,0.0,LSTM,0.1,0.9,0.0001,148,126,5,0.8495738351536739,0.7871494956618309,0.7871530551384547,0.8191740832510416,0.8802086,8,0.8041749492307428,0.8457286820981296,0.0375165157020092,0.941763162612915,18.102458953857422,15.052948951721191,0.37615537211826483,0.02884330917629956,0.2650020155202047,0.10845688492732582,0.10339375261108719
HardMaze,"0177_window_len=8_w_neg=15.0_c_neg=2.0_reg_neg=0.0_discount=[0.1,0.9]_lr=0.0001_rnn_type=GRU",15.0,2.0,0.0,GRU,0.1,0.9,0.0001,148,126,5,0.8495738351536739,0.7871494956618309,0.7895251358590782,0.8029226551559197,0.886271,8,0.8010749717771359,0.8343011221062373,0.004645792301744223,0.941585123538971,17.93643569946289,14.556855201721191,0.37615537211826483,0.01922918170160459,0.22784295872192342,0.10074074598821744,0.10339375261108719
HardMaze,"0178_window_len=8_w_neg=15.0_c_neg=2.0_reg_neg=0.0_discount=[0.1,0.9]_lr=0.001_rnn_type=LSTM",15.0,2.0,0.0,LSTM,0.1,0.9,0.001,148,126,5,0.8495738351536739,0.7871494956618309,0.7587850260275262,0.8080226776205318,0.8516596,8,0.7419552904061477,0.7896521417633047,0.02285495400428772,0.9179693460464478,18.79214859008789,16.112060546875,0.37615537211826483,-0.016267281623609107,0.20409771347836894,0.07361841567450787,0.10339375261108719
HardMaze,"0179_window_len=8_w_neg=15.0_c_neg=2.0_reg_neg=0.0_discount=[0.1,0.9]_lr=0.001_rnn_type=GRU",15.0,2.0,0.0,GRU,0.1,0.9,0.001,148,126,5,0.8495738351536739,0.7871494956618309,0.7620219031070197,0.8032649082250615,0.85799044,8,0.7442709758058779,0.7378366414487415,0.012138420715928078,0.9155595302581787,18.668581008911133,16.517822265625,0.37615537211826483,-0.019077194338403318,0.18626885437308824,0.04364539554855984,0.10339375261108719
HardMaze,"0180_window_len=8_w_neg=15.0_c_neg=2.0_reg_neg=0.0_discount=[0.3,0.7]_lr=0.0001_rnn_type=LSTM",15.0,2.0,0.0,LSTM,0.3,0.7,0.0001,148,126,5,0.8495738351536739,0.7871494956618309,0.7987482802522904,0.8263118284958431,0.9161003,8,0.8158984467762391,0.8559210279538505,-0.0908794030547142,0.9741369485855103,17.876056671142578,16.863073348999023,0.37615537211826483,0.04960255878427791,0.19674671491182946,0.11205639052899494,0.10339375261108719
HardMaze,"0181_window_len=8_w_neg=15.0_c_neg=2.0_reg_neg=0.0_discount=[0.3,0.7]_lr=0.0001_rnn_type=GRU",15.0,2.0,0.0,GRU,0.3,0.7,0.0001,148,126,5,0.8495738351536739,0.7871494956618309,0.7860070334740632,0.8006912737896508,0.9331834,8,0.7998883431765947,0.8299582114896905,0.06751623749732971,0.9891465902328491,17.877103805541992,16.91883659362793,0.37615537211826483,0.022843515338707963,0.1345746158403636,0.06985765518749107,0.10339375261108719
HardMaze,"0182_window_len=8_w_neg=15.0_c_neg=2.0_reg_neg=0.0_discount=[0.3,0.7]_lr=0.001_rnn_type=LSTM",15.0,2.0,0.0,LSTM,0.3,0.7,0.001,148,126,5,0.8495738351536739,0.7871494956618309,0.7698317300836323,0.8116115129637589,0.9238353,8,0.7486184171443868,0.8029340256799934,-0.023667756468057632,0.9711953401565552,18.66046714782715,17.85132598876953,0.37615537211826483,0.10621785157675102,0.152003117988919,0.12408748777947594,0.10339375261108719
HardMaze,"0183_window_len=8_w_neg=15.0_c_neg=2.0_reg_neg=0.0_discount=[0.3,0.7]_lr=0.001_rnn_type=GRU",15.0,2.0,0.0,GRU,0.3,0.7,0.001,148,126,5,0.8495738351536739,0.7871494956618309,0.7717460993119223,0.793141156152548,0.9077428,8,0.7510969273510709,0.7515456500367038,-0.020456815138459206,0.9730263948440552,18.56814193725586,17.672082901000977,0.37615537211826483,0.0625066566209516,0.12391511186755255,0.09372337821894905,0.10339375261108719
HardMaze,"0184_window_len=8_w_neg=15.0_c_neg=2.0_reg_neg=0.1_discount=[0.1,0.9]_lr=0.0001_rnn_type=LSTM",15.0,2.0,0.1,LSTM,0.1,0.9,0.0001,148,126,5,0.8495738351536739,0.7871494956618309,0.7838335206932076,0.8318817651307052,0.86721957,8,0.7979210087572468,0.8628885155979796,-0.0007177816587500274,0.9395133256912231,17.97746467590332,14.96977424621582,0.37615537211826483,0.20312462365299494,0.4923287732585726,0.3253650942686896,0.10339375261108719
HardMaze,"0185_window_len=8_w_neg=15.0_c_neg=2.0_reg_neg=0.1_discount=[0.1,0.9]_lr=0.0001_rnn_type=GRU",15.0,2.0,0.1,GRU,0.1,0.9,0.0001,148,126,5,0.8495738351536739,0.7871494956618309,0.7818230580049135,0.8023692309314872,0.8948372,8,0.7968058633937926,0.8323639981244142,0.10757682472467422,0.9573201537132263,18.088027954101562,15.01219654083252,0.37615537211826483,-0.00812669017019474,0.2568317679959218,0.07534217479374178,0.10339375261108719
HardMaze,"0186_window_len=8_w_neg=15.0_c_neg=2.0_reg_neg=0.1_discount=[0.1,0.9]_lr=0.001_rnn_type=LSTM",15.0,2.0,0.1,LSTM,0.1,0.9,0.001,148,126,5,0.8495738351536739,0.7871494956618309,0.7584452883964422,0.8177971511568753,0.85939634,8,0.7415057024683467,0.7933893227136648,0.007101527880877256,0.9186535477638245,18.641916275024414,16.084745407104492,0.37615537211826483,0.017672237981006214,0.2505576555027962,0.08447809812568154,0.10339375261108719
HardMaze,"0187_window_len=8_w_neg=15.0_c_neg=2.0_reg_neg=0.1_discount=[0.1,0.9]_lr=0.001_rnn_type=GRU",15.0,2.0,0.1,GRU,0.1,0.9,0.001,148,126,5,0.8495738351536739,0.7871494956618309,0.7611000756964796,0.7956850502813702,0.8476879,8,0.7400473621321357,0.7104573104814667,-0.04015376791357994,0.920634925365448,18.781993865966797,16.480880737304688,0.37615537211826483,0.005546612004631716,0.21618441586172846,0.06712002914543892,0.10339375261108719
HardMaze,"0188_window_len=8_w_neg=15.0_c_neg=2.0_reg_neg=0.1_discount=[0.3,0.7]_lr=0.0001_rnn_type=LSTM",15.0,2.0,0.1,LSTM,0.3,0.7,0.0001,148,126,5,0.8495738351536739,0.7871494956618309,0.7955903284655385,0.8080668662566092,0.9391686,8,0.8117918856614755,0.8311190735174513,-0.09117329865694046,0.9854944348335266,18.135448455810547,17.308008193969727,0.37615537211826483,0.16207506105764702,0.24898403024233426,0.19854276070380544,0.10339375261108719
HardMaze,"0189_window_len=8_w_neg=15.0_c_neg=2.0_reg_neg=0.1_discount=[0.3,0.7]_lr=0.0001_rnn_type=GRU",15.0,2.0,0.1,GRU,0.3,0.7,0.0001,148,126,5,0.8495738351536739,0.7871494956618309,0.778793852651796,0.8066383171746617,0.90611637,8,0.791483672647705,0.8352544984641691,-0.023433156311511993,0.9753244519233704,17.965492248535156,17.009126663208008,0.37615537211826483,0.13889884167388264,0.22782442367763062,0.17367614528053424,0.10339375261108719
HardMaze,"0190_window_len=8_w_neg=15.0_c_neg=2.0_reg_neg=0.1_discount=[0.3,0.7]_lr=0.001_rnn_type=LSTM",15.0,2.0,0.1,LSTM,0.3,0.7,0.001,148,126,5,0.8495738351536739,0.7871494956618309,0.7815937325277935,0.8009606771229896,0.95360297,8,0.7589683517436442,0.7689117831286947,0.03374766185879707,0.9885149002075195,18.63686180114746,18.07111167907715,0.37615537211826483,0.012639973455500745,0.07843567368621641,0.044108771655880785,0.10339375261108719
HardMaze,"0191_window_len=8_w_neg=15.0_c_neg=2.0_reg_neg=0.1_discount=[0.3,0.7]_lr=0.001_rnn_type=GRU",15.0,2.0,0.1,GRU,0.3,0.7,0.001,148,126,5,0.8495738351536739,0.7871494956618309,0.7724993637231574,0.7842258519306041,0.9204019,8,0.7617750862364284,0.7206567731070546,-0.004649026785045862,0.9746386408805847,18.605607986450195,18.15561866760254,0.37615537211826483,0.06966303722241628,0.13536606223166775,0.09530256399269882,0.10339375261108719
HardMaze,"0192_window_len=16_w_neg=5.0_c_neg=1.0_reg_neg=0.0_discount=[0.1,0.9]_lr=0.0001_rnn_type=LSTM",5.0,1.0,0.0,LSTM,0.1,0.9,0.0001,148,126,5,0.8495738351536739,0.7871494956618309,0.7479201979793241,0.6247316654182649,0.7000042,16,0.7282964554100589,0.5409090660743843,-0.04745138809084892,0.6715555191040039,18.18712615966797,6.568416118621826,0.37615537211826483,-0.010098818882952682,0.3057383358670036,0.08809799227607276,0.10339375261108719
HardMaze,"0193_window_len=16_w_neg=5.0_c_neg=1.0_reg_neg=0.0_discount=[0.1,0.9]_lr=0.0001_rnn_type=GRU",5.0,1.0,0.0,GRU,0.1,0.9,0.0001,148,126,5,0.8495738351536739,0.7871494956618309,0.7834749049064209,0.5765037572225623,0.6223588,16,0.7944538458786311,0.5033523645701178,-0.0351390540599823,0.7747132778167725,16.40499496459961,7.289896011352539,0.37615537211826483,0.14569749592049552,0.6448758947974863,0.3477980583763112,0.10339375261108719
HardMaze,"0194_window_len=16_w_neg=5.0_c_neg=1.0_reg_neg=0.0_discount=[0.1,0.9]_lr=0.001_rnn_type=LSTM",5.0,1.0,0.0,LSTM,0.1,0.9,0.001,148,126,5,0.8495738351536739,0.7871494956618309,0.7504325812094362,0.7285465617086712,0.783675,16,0.7223876241887263,0.6297245069933337,0.03807412087917328,0.795299232006073,18.252580642700195,9.389044761657715,0.37615537211826483,-0.07113657324369688,0.364850299125722,-0.008810633304600454,0.10339375261108719
HardMaze,"0195_window_len=16_w_neg=5.0_c_neg=1.0_reg_neg=0.0_discount=[0.1,0.9]_lr=0.001_rnn_type=GRU",5.0,1.0,0.0,GRU,0.1,0.9,0.001,148,126,5,0.8495738351536739,0.7871494956618309,0.7655742357157661,0.727040010502974,0.7888141,16,0.7424295250150409,0.6122044263719437,0.032143980264663696,0.814300537109375,18.594257354736328,10.305171012878418,0.37615537211826483,0.07301046622170279,0.42037758481820553,0.17244928495718245,0.10339375261108719
HardMaze,"0196_window_len=16_w_neg=5.0_c_neg=1.0_reg_neg=0.0_discount=[0.3,0.7]_lr=0.0001_rnn_type=LSTM",5.0,1.0,0.0,LSTM,0.3,0.7,0.0001,148,126,5,0.8495738351536739,0.7871494956618309,0.775092210743397,0.7515747581979577,0.830167,16,0.7102220746443174,0.6644313068877177,0.039295319467782974,0.9039570689201355,18.089054107666016,13.279366493225098,0.37615537211826483,-0.0028182534847259895,0.17470113322992817,0.05435309063653224,0.10339375261108719
HardMaze,"0197_window_len=16_w_neg=5.0_c_neg=1.0_reg_neg=0.0_discount=[0.3,0.7]_lr=0.0001_rnn_type=GRU",5.0,1.0,0.0,GRU,0.3,0.7,0.0001,148,126,5,0.8495738351536739,0.7871494956618309,0.7844881743445453,0.7545382105827587,0.80123776,16,0.7945569587614905,0.7058253762177102,-0.09049217402935028,0.9159797430038452,15.279746055603027,10.683115005493164,0.37615537211826483,0.1704992386887418,0.3294465110219724,0.25224619803787374,0.10339375261108719
HardMaze,"0198_window_len=16_w_neg=5.0_c_neg=1.0_reg_neg=0.0_discount=[0.3,0.7]_lr=0.001_rnn_type=LSTM",5.0,1.0,0.0,LSTM,0.3,0.7,0.001,148,126,5,0.8495738351536739,0.7871494956618309,0.7638363083624231,0.7532575183229484,0.8735965,16,0.7180666223343982,0.7084840243599497,0.0544176809489727,0.9226527810096741,17.487335205078125,12.430365562438965,0.37615537211826483,0.00040499071779850616,0.16211954516394986,0.049289316535728954,0.10339375261108719
HardMaze,"0199_window_len=16_w_neg=5.0_c_neg=1.0_reg_neg=0.0_discount=[0.3,0.7]_lr=0.001_rnn_type=GRU",5.0,1.0,0.0,GRU,0.3,0.7,0.001,148,126,5,0.8495738351536739,0.7871494956618309,0.7821053640509372,0.7937283540739701,0.93931115,16,0.7404838214586532,0.668944427729054,0.056649692356586456,0.9821646213531494,18.27820587158203,15.736658096313477,0.37615537211826483,0.11535748191754934,0.22751118142908164,0.15819752979158538,0.10339375261108719
HardMaze,"0200_window_len=16_w_neg=5.0_c_neg=1.0_reg_neg=0.1_discount=[0.1,0.9]_lr=0.0001_rnn_type=LSTM",5.0,1.0,0.1,LSTM,0.1,0.9,0.0001,148,126,5,0.8495738351536739,0.7871494956618309,0.7648661463087009,0.6687809714282873,0.71987915,16,0.7158856322505911,0.5485164550956586,-0.07149294763803482,0.726137638092041,18.475238800048828,7.991182804107666,0.37615537211826483,0.03167175693538662,0.3673284345476744,0.16792101402760806,0.10339375261108719
HardMaze,"0201_window_len=16_w_neg=5.0_c_neg=1.0_reg_neg=0.1_discount=[0.1,0.9]_lr=0.0001_rnn_type=GRU",5.0,1.0,0.1,GRU,0.1,0.9,0.0001,148,126,5,0.8495738351536739,0.7871494956618309,0.7748243103092167,0.6032569445826328,0.6470554,16,0.7861418116933143,0.5259018915574993,-0.046249523758888245,0.790682852268219,16.176677703857422,7.386355400085449,0.37615537211826483,0.09772880129063129,0.4609489432707982,0.24807025255869736,0.10339375261108719
HardMaze,"0202_window_len=16_w_neg=5.0_c_neg=1.0_reg_neg=0.1_discount=[0.1,0.9]_lr=0.001_rnn_type=LSTM",5.0,1.0,0.1,LSTM,0.1,0.9,0.001,148,126,5,0.8495738351536739,0.7871494956618309,0.7581294977455544,0.7371999614807928,0.77896506,16,0.7412601569158858,0.6173773024959118,-0.06304538249969482,0.808326005935669,18.64850425720215,10.107146263122559,0.37615537211826483,-0.006844065105130361,0.4147985364860614,0.09518208620479536,0.10339375261108719
HardMaze,"0203_window_len=16_w_neg=5.0_c_neg=1.0_reg_neg=0.1_discount=[0.1,0.9]_lr=0.001_rnn_type=GRU",5.0,1.0,0.1,GRU,0.1,0.9,0.001,148,126,5,0.8495738351536739,0.7871494956618309,0.7679854224073066,0.7089171976175012,0.76883394,16,0.7555544442266714,0.633479470394501,0.04465220496058464,0.8105713129043579,18.35469627380371,9.73859691619873,0.37615537211826483,0.07426714222475718,0.3777006453339464,0.2002850548673322,0.10339375261108719
HardMaze,"0204_window_len=16_w_neg=5.0_c_neg=1.0_reg_neg=0.1_discount=[0.3,0.7]_lr=0.0001_rnn_type=LSTM",5.0,1.0,0.1,LSTM,0.3,0.7,0.0001,148,126,5,0.8495738351536739,0.7871494956618309,0.7685253255513075,0.7618589422888575,0.8669076,16,0.7236390238142681,0.6742909746155514,-0.053266577422618866,0.8963087201118469,17.732812881469727,12.32768726348877,0.37615537211826483,0.011594596957384695,0.16809895045281933,0.058981291196453844,0.10339375261108719
HardMaze,"0205_window_len=16_w_neg=5.0_c_neg=1.0_reg_neg=0.1_discount=[0.3,0.7]_lr=0.0001_rnn_type=GRU",5.0,1.0,0.1,GRU,0.3,0.7,0.0001,148,126,5,0.8495738351536739,0.7871494956618309,0.7851557961642537,0.7434369859234387,0.8031769,16,0.800100289908422,0.7230738886841288,0.07558970898389816,0.9106602072715759,15.357600212097168,10.585121154785156,0.37615537211826483,0.19127516983658374,0.33725347167811576,0.2580421063882441,0.10339375261108719
HardMaze,"0206_window_len=16_w_neg=5.0_c_neg=1.0_reg_neg=0.1_discount=[0.3,0.7]_lr=0.001_rnn_type=LSTM",5.0,1.0,0.1,LSTM,0.3,0.7,0.001,148,126,5,0.8495738351536739,0.7871494956618309,0.782427338021707,0.7962664291066568,0.94400436,16,0.7350727226492566,0.694547824368167,0.0387626551091671,0.9689199328422546,18.004404067993164,14.571928024291992,0.37615537211826483,-0.037703060348276037,0.14607375731964017,0.022900973976015763,0.10339375261108719
HardMaze,"0207_window_len=16_w_neg=5.0_c_neg=1.0_reg_neg=0.1_discount=[0.3,0.7]_lr=0.001_rnn_type=GRU",5.0,1.0,0.1,GRU,0.3,0.7,0.001,148,126,5,0.8495738351536739,0.7871494956618309,0.7836201662793021,0.79312962997019,0.9513079,16,0.7599429628449057,0.706873344706419,0.050739604979753494,0.9812675714492798,18.28190040588379,15.51644515991211,0.37615537211826483,0.06898650810572769,0.20904842380898592,0.1129609006904854,0.10339375261108719
HardMaze,"0208_window_len=16_w_neg=5.0_c_neg=2.0_reg_neg=0.0_discount=[0.1,0.9]_lr=0.0001_rnn_type=LSTM",5.0,2.0,0.0,LSTM,0.1,0.9,0.0001,148,126,5,0.8495738351536739,0.7871494956618309,0.7601442381374219,0.7950758521160922,0.8670108,16,0.7105185210372187,0.6640074511602385,0.070899099111557,0.9276077747344971,18.43927764892578,15.164176940917969,0.37615537211826483,0.07911220280290499,0.3666797079974251,0.16686637000734564,0.10339375261108719
HardMaze,"0209_window_len=16_w_neg=5.0_c_neg=2.0_reg_neg=0.0_discount=[0.1,0.9]_lr=0.0001_rnn_type=GRU",5.0,2.0,0.0,GRU,0.1,0.9,0.0001,148,126,5,0.8495738351536739,0.7871494956618309,0.7878860237275119,0.8249913354929619,0.8703743,16,0.8008130089136433,0.8036106870471402,0.03454151004552841,0.9353338479995728,17.81833839416504,12.818083763122559,0.37615537211826483,-0.014851204239636298,0.3009803899970322,0.09575852608230263,0.10339375261108719
HardMaze,"0210_window_len=16_w_neg=5.0_c_neg=2.0_reg_neg=0.0_discount=[0.1,0.9]_lr=0.001_rnn_type=LSTM",5.0,2.0,0.0,LSTM,0.1,0.9,0.001,148,126,5,0.8495738351536739,0.7871494956618309,0.7619841382960859,0.79347681306295,0.83529484,16,0.7417443974781742,0.6759882863365437,-0.08463681489229202,0.9029071927070618,18.571813583374023,13.707948684692383,0.37615537211826483,0.006095249315699714,0.19633894393738704,0.034442746057165866,0.10339375261108719
HardMaze,"0211_window_len=16_w_neg=5.0_c_neg=2.0_reg_neg=0.0_discount=[0.1,0.9]_lr=0.001_rnn_type=GRU",5.0,2.0,0.0,GRU,0.1,0.9,0.001,148,126,5,0.8495738351536739,0.7871494956618309,0.7642933868680057,0.684861101758577,0.7418828,16,0.7535761360119375,0.594606563993054,-0.05541054159402847,0.7862023115158081,18.76741600036621,9.800654411315918,0.37615537211826483,0.03860757050976652,0.04389191163765459,0.04851084467542976,0.10339375261108719
HardMaze,"0212_window_len=16_w_neg=5.0_c_neg=2.0_reg_neg=0.0_discount=[0.3,0.7]_lr=0.0001_rnn_type=LSTM",5.0,2.0,0.0,LSTM,0.3,0.7,0.0001,148,126,5,0.8495738351536739,0.7871494956618309,0.7679580199721292,0.7880680451033331,0.90565574,16,0.7239053330365132,0.7103740128413871,0.012651151046156883,0.9726620316505432,18.321088790893555,17.18865203857422,0.37615537211826483,0.032498419910847176,0.08597387620011356,0.05282024247351456,0.10339375261108719
HardMaze,"0213_window_len=16_w_neg=5.0_c_neg=2.0_reg_neg=0.0_discount=[0.3,0.7]_lr=0.0001_rnn_type=GRU",5.0,2.0,0.0,GRU,0.3,0.7,0.0001,148,126,5,0.8495738351536739,0.7871494956618309,0.7939227658590181,0.8037534462717444,0.9242834,16,0.8103281545218184,0.8264073132623437,0.11463621258735657,0.9839467406272888,17.471717834472656,15.553041458129883,0.37615537211826483,0.031091610049020786,0.15377692172774357,0.0884038205069046,0.10339375261108719
HardMaze,"0214_window_len=16_w_neg=5.0_c_neg=2.0_reg_neg=0.0_discount=[0.3,0.7]_lr=0.001_rnn_type=LSTM",5.0,2.0,0.0,LSTM,0.3,0.7,0.001,148,126,5,0.8495738351536739,0.7871494956618309,0.7745058287402133,0.7616981893970574,0.87003386,16,0.7489677319484006,0.7187901697727899,-0.02972504496574402,0.9449877142906189,17.615463256835938,15.97950553894043,0.37615537211826483,0.04687420026437219,0.13395925236984135,0.0703006427460899,0.10339375261108719
HardMaze,"0215_window_len=16_w_neg=5.0_c_neg=2.0_reg_neg=0.0_discount=[0.3,0.7]_lr=0.001_rnn_type=GRU",5.0,2.0,0.0,GRU,0.3,0.7,0.001,148,126,5,0.8495738351536739,0.7871494956618309,0.7875439314640931,0.7955237511608604,0.93911946,16,0.7653711306275366,0.7512521445211539,-0.0420452244579792,0.987250030040741,17.822063446044922,16.81915283203125,0.37615537211826483,0.16898307206558769,0.20154729138367444,0.18283987117891323,0.10339375261108719
HardMaze,"0216_window_len=16_w_neg=5.0_c_neg=2.0_reg_neg=0.1_discount=[0.1,0.9]_lr=0.0001_rnn_type=LSTM",5.0,2.0,0.1,LSTM,0.1,0.9,0.0001,148,126,5,0.8495738351536739,0.7871494956618309,0.7626334940660905,0.7920442652907398,0.8717744,16,0.7400705622104293,0.6413023973673214,-0.1535259634256363,0.9238062500953674,18.7637939453125,15.47270679473877,0.37615537211826483,0.07930682076797979,0.33954069614385196,0.14474664814827296,0.10339375261108719
HardMaze,"0217_window_len=16_w_neg=5.0_c_neg=2.0_reg_neg=0.1_discount=[0.1,0.9]_lr=0.0001_rnn_type=GRU",5.0,2.0,0.1,GRU,0.1,0.9,0.0001,148,126,5,0.8495738351536739,0.7871494956618309,0.777742343756485,0.7911437692844431,0.8809174,16,0.7963792593116856,0.7985125415298148,-0.05686722695827484,0.9474332928657532,17.93412208557129,13.135257720947266,0.37615537211826483,-0.009800404669837993,0.3307217220693197,0.11009538284281269,0.10339375261108719
HardMaze,"0218_window_len=16_w_neg=5.0_c_neg=2.0_reg_neg=0.1_discount=[0.1,0.9]_lr=0.001_rnn_type=LSTM",5.0,2.0,0.1,LSTM,0.1,0.9,0.001,148,126,5,0.8495738351536739,0.7871494956618309,0.7606133841090905,0.7833741584727691,0.84919465,16,0.7477209944864915,0.6042425709766638,0.06914937496185303,0.8944782614707947,18.551259994506836,13.608949661254883,0.37615537211826483,0.11836015909298905,0.29425958293644916,0.16136702236566064,0.10339375261108719
HardMaze,"0219_window_len=16_w_neg=5.0_c_neg=2.0_reg_neg=0.1_discount=[0.1,0.9]_lr=0.001_rnn_type=GRU",5.0,2.0,0.1,GRU,0.1,0.9,0.001,148,126,5,0.8495738351536739,0.7871494956618309,0.7646142324864975,0.7888863598727661,0.86784494,16,0.7597380686055192,0.6728254470016872,-0.05942927673459053,0.9219094514846802,18.644317626953125,15.339588165283203,0.37615537211826483,0.021629469937527086,0.22547788707015737,0.0770548128864,0.10339375261108719
HardMaze,"0220_window_len=16_w_neg=5.0_c_neg=2.0_reg_neg=0.1_discount=[0.3,0.7]_lr=0.0001_rnn_type=LSTM",5.0,2.0,0.1,LSTM,0.3,0.7,0.0001,148,126,5,0.8495738351536739,0.7871494956618309,0.7765576344049406,0.7937081665331354,0.9116608,16,0.7448798049915044,0.7288708620433162,-0.003651184029877186,0.9781259894371033,18.367013931274414,17.297271728515625,0.37615537211826483,0.05152834988630377,0.12935144035864188,0.07133860522648881,0.10339375261108719
HardMaze,"0221_window_len=16_w_neg=5.0_c_neg=2.0_reg_neg=0.1_discount=[0.3,0.7]_lr=0.0001_rnn_type=GRU",5.0,2.0,0.1,GRU,0.3,0.7,0.0001,148,126,5,0.8495738351536739,0.7871494956618309,0.7947331013122998,0.8016068882034239,0.9197782,16,0.8106578645143421,0.8127936423000927,-0.04614734649658203,0.9831773638725281,17.621444702148438,15.741839408874512,0.37615537211826483,0.09111364398251746,0.23616148660054903,0.15968589384830023,0.10339375261108719
HardMaze,"0222_window_len=16_w_neg=5.0_c_neg=2.0_reg_neg=0.1_discount=[0.3,0.7]_lr=0.001_rnn_type=LSTM",5.0,2.0,0.1,LSTM,0.3,0.7,0.001,148,126,5,0.8495738351536739,0.7871494956618309,0.7748910074868978,0.7934051844364568,0.93449605,16,0.7518506256403408,0.7054549263917127,-0.024521179497241974,0.979132354259491,18.399085998535156,16.92361068725586,0.37615537211826483,0.03508776559855662,0.14236860196550188,0.07007451520571728,0.10339375261108719
HardMaze,"0223_window_len=16_w_neg=5.0_c_neg=2.0_reg_neg=0.1_discount=[0.3,0.7]_lr=0.001_rnn_type=GRU",5.0,2.0,0.1,GRU,0.3,0.7,0.001,148,126,5,0.8495738351536739,0.7871494956618309,0.7812963687480254,0.797820118545172,0.95864934,16,0.7580176577267751,0.7173816484913864,-0.0102996826171875,0.9867324829101562,18.332612991333008,17.1248779296875,0.37615537211826483,0.049743425120903476,0.13291016886286675,0.07680273628401739,0.10339375261108719
HardMaze,"0224_window_len=16_w_neg=15.0_c_neg=1.0_reg_neg=0.0_discount=[0.1,0.9]_lr=0.0001_rnn_type=LSTM",15.0,1.0,0.0,LSTM,0.1,0.9,0.0001,148,126,5,0.8495738351536739,0.7871494956618309,0.7856019920756966,0.7967756345638533,0.8893,16,0.7951718987198209,0.703667386751974,-0.05663980543613434,0.9429121017456055,18.00543785095215,16.13076400756836,0.37615537211826483,0.16332246953855503,0.31880368858902497,0.2187997106114479,0.10339375261108719
HardMaze,"0225_window_len=16_w_neg=15.0_c_neg=1.0_reg_neg=0.0_discount=[0.1,0.9]_lr=0.0001_rnn_type=GRU",15.0,1.0,0.0,GRU,0.1,0.9,0.0001,148,126,5,0.8495738351536739,0.7871494956618309,0.7854737986376709,0.7896142188278726,0.8729089,16,0.7998718332672923,0.8161934498718258,-0.06067701801657677,0.936342179775238,18.189212799072266,14.074481010437012,0.37615537211826483,0.006697638255216944,0.29548845637306437,0.1166882980977751,0.10339375261108719
HardMaze,"0226_window_len=16_w_neg=15.0_c_neg=1.0_reg_neg=0.0_discount=[0.1,0.9]_lr=0.001_rnn_type=LSTM",15.0,1.0,0.0,LSTM,0.1,0.9,0.001,148,126,5,0.8495738351536739,0.7871494956618309,0.74669890481605,0.8218546375475404,0.834421,16,0.7102003311152523,0.7132140954870967,-0.07638321816921234,0.9088617563247681,18.69243812561035,16.0772762298584,0.37615537211826483,-0.007368606858617673,0.2610725861301231,0.06768905500522905,0.10339375261108719
HardMaze,"0227_window_len=16_w_neg=15.0_c_neg=1.0_reg_neg=0.0_discount=[0.1,0.9]_lr=0.001_rnn_type=GRU",15.0,1.0,0.0,GRU,0.1,0.9,0.001,148,126,5,0.8495738351536739,0.7871494956618309,0.7436090268435518,0.8141653777298519,0.82714283,16,0.7265565021862028,0.6954754238461676,0.044740207493305206,0.8886544704437256,18.614648818969727,16.307594299316406,0.37615537211826483,0.08307870228157228,0.3797098441352901,0.16521860456971235,0.10339375261108719
HardMaze,"0228_window_len=16_w_neg=15.0_c_neg=1.0_reg_neg=0.0_discount=[0.3,0.7]_lr=0.0001_rnn_type=LSTM",15.0,1.0,0.0,LSTM,0.3,0.7,0.0001,148,126,5,0.8495738351536739,0.7871494956618309,0.7820723379527981,0.786177120505491,0.9310573,16,0.752196638806072,0.6989865541364824,0.056702665984630585,0.9879308938980103,18.269155502319336,17.562284469604492,0.37615537211826483,0.13412050725518906,0.11951303884800357,0.12684364886582095,0.10339375261108719
HardMaze,"0229_window_len=16_w_neg=15.0_c_neg=1.0_reg_neg=0.0_discount=[0.3,0.7]_lr=0.0001_rnn_type=GRU",15.0,1.0,0.0,GRU,0.3,0.7,0.0001,148,126,5,0.8495738351536739,0.7871494956618309,0.7942786001550743,0.8008251498842223,0.92959535,16,0.8085114407097729,0.8189014299242278,0.06644491851329803,0.9831552505493164,17.959789276123047,16.654922485351562,0.37615537211826483,0.1367079994384692,0.27629356450340153,0.1943501336847655,0.10339375261108719
HardMaze,"0230_window_len=16_w_neg=15.0_c_neg=1.0_reg_neg=0.0_discount=[0.3,0.7]_lr=0.001_rnn_type=LSTM",15.0,1.0,0.0,LSTM,0.3,0.7,0.001,148,126,5,0.8495738351536739,0.7871494956618309,0.773701913483257,0.7851444573147719,0.90775836,16,0.745085767413942,0.7369414129136109,0.035144153982400894,0.9432748556137085,18.526498794555664,17.75115203857422,0.37615537211826483,0.05704252556342302,0.0014040296051824643,0.019345952480649468,0.10339375261108719
HardMaze,"0231_window_len=16_w_neg=15.0_c_neg=1.0_reg_neg=0.0_discount=[0.3,0.7]_lr=0.001_rnn_type=GRU",15.0,1.0,0.0,GRU,0.3,0.7,0.001,148,126,5,0.8495738351536739,0.7871494956618309,0.761206426304238,0.7929976332534374,0.9085372,16,0.7386612047344481,0.718070314126456,0.11022242903709412,0.9526228904724121,18.17337417602539,17.73543930053711,0.37615537211826483,0.01581873355172243,0.06678083783488,0.029998042435743357,0.10339375261108719
HardMaze,"0232_window_len=16_w_neg=15.0_c_neg=1.0_reg_neg=0.1_discount=[0.1,0.9]_lr=0.0001_rnn_type=LSTM",15.0,1.0,0.1,LSTM,0.1,0.9,0.0001,148,126,5,0.8495738351536739,0.7871494956618309,0.7868139322124286,0.7976149576859748,0.8806735,16,0.7797692773024723,0.71980824080608,-0.060170728713274,0.9353392124176025,18.415708541870117,16.048194885253906,0.37615537211826483,0.19620549161847858,0.3723699665953263,0.2755039716165266,0.10339375261108719
HardMaze,"0233_window_len=16_w_neg=15.0_c_neg=1.0_reg_neg=0.1_discount=[0.1,0.9]_lr=0.0001_rnn_type=GRU",15.0,1.0,0.1,GRU,0.1,0.9,0.0001,148,126,5,0.8495738351536739,0.7871494956618309,0.7795153772702286,0.8133172793192209,0.8540602,16,0.7947941044758106,0.8163303714809205,-0.06531016528606415,0.9384597539901733,18.028499603271484,14.41833209991455,0.37615537211826483,0.07215785418423223,0.4564430740032093,0.22311466892282053,0.10339375261108719
HardMaze,"0234_window_len=16_w_neg=15.0_c_neg=1.0_reg_neg=0.1_discount=[0.1,0.9]_lr=0.001_rnn_type=LSTM",15.0,1.0,0.1,LSTM,0.1,0.9,0.001,148,126,5,0.8495738351536739,0.7871494956618309,0.7578544350622869,0.8154785983307496,0.8542569,16,0.7348325455287489,0.7320145563314178,-0.032238226383924484,0.9102356433868408,18.629283905029297,15.609661102294922,0.37615537211826483,-0.08007417160170327,0.20038699761094284,-0.002362291395122179,0.10339375261108719
HardMaze,"0235_window_len=16_w_neg=15.0_c_neg=1.0_reg_neg=0.1_discount=[0.1,0.9]_lr=0.001_rnn_type=GRU",15.0,1.0,0.1,GRU,0.1,0.9,0.001,148,126,5,0.8495738351536739,0.7871494956618309,0.7563948678342681,0.8228750375504756,0.85394084,16,0.7417889264312777,0.717992436105738,0.014767675660550594,0.9092866778373718,18.658157348632812,15.526707649230957,0.37615537211826483,0.10189733275209054,0.3294909951282753,0.15256843683985052,0.10339375261108719
HardMaze,"0236_window_len=16_w_neg=15.0_c_neg=1.0_reg_neg=0.1_discount=[0.3,0.7]_lr=0.0001_rnn_type=LSTM",15.0,1.0,0.1,LSTM,0.3,0.7,0.0001,148,126,5,0.8495738351536739,0.7871494956618309,0.7865148928375755,0.7868977431094117,0.91492665,16,0.7819825434916521,0.7278044860854231,0.043286245316267014,0.9753116965293884,18.018478393554688,17.482263565063477,0.37615537211826483,0.05275536981848963,0.05356535125408664,0.04599749266932096,0.10339375261108719
HardMaze,"0237_window_len=16_w_neg=15.0_c_neg=1.0_reg_neg=0.1_discount=[0.3,0.7]_lr=0.0001_rnn_type=GRU",15.0,1.0,0.1,GRU,0.3,0.7,0.0001,148,126,5,0.8495738351536739,0.7871494956618309,0.7914286505713476,0.7958482084558135,0.9061593,16,0.8160100423850094,0.8345677754277638,0.04374136030673981,0.9653099775314331,17.947492599487305,16.594694137573242,0.37615537211826483,0.19819059486224155,0.33391345669654643,0.2656878121590397,0.10339375261108719
HardMaze,"0238_window_len=16_w_neg=15.0_c_neg=1.0_reg_neg=0.1_discount=[0.3,0.7]_lr=0.001_rnn_type=LSTM",15.0,1.0,0.1,LSTM,0.3,0.7,0.001,148,126,5,0.8495738351536739,0.7871494956618309,0.7785184724395335,0.7970540888669213,0.950716,16,0.7467908916400691,0.7238316765798352,-0.0061173029243946075,0.9893421530723572,18.551883697509766,17.714235305786133,0.37615537211826483,0.015713083799253257,0.09653699794260183,0.038678003678079304,0.10339375261108719
HardMaze,"0239_window_len=16_w_neg=15.0_c_neg=1.0_reg_neg=0.1_discount=[0.3,0.7]_lr=0.001_rnn_type=GRU",15.0,1.0,0.1,GRU,0.3,0.7,0.001,148,126,5,0.8495738351536739,0.7871494956618309,0.7859812460667487,0.8023302641419578,0.95635426,16,0.752397413068454,0.7268353322424864,0.03461708500981331,0.9863227605819702,17.511293411254883,17.067819595336914,0.37615537211826483,0.12105330102873839,0.17323871823522324,0.1400257723668872,0.10339375261108719
HardMaze,"0240_window_len=16_w_neg=15.0_c_neg=2.0_reg_neg=0.0_discount=[0.1,0.9]_lr=0.0001_rnn_type=LSTM",15.0,2.0,0.0,LSTM,0.1,0.9,0.0001,148,126,5,0.8495738351536739,0.7871494956618309,0.7904339477172336,0.8007463722610787,0.915781,16,0.805110349342091,0.76029984193554,0.05608059838414192,0.9708776473999023,17.989978790283203,15.259878158569336,0.37615537211826483,-0.0625307521785323,0.08661148172378717,-0.01720144785596813,0.10339375261108719
HardMaze,"0241_window_len=16_w_neg=15.0_c_neg=2.0_reg_neg=0.0_discount=[0.1,0.9]_lr=0.0001_rnn_type=GRU",15.0,2.0,0.0,GRU,0.1,0.9,0.0001,148,126,5,0.8495738351536739,0.7871494956618309,0.7871809002711116,0.7972712758669364,0.87679607,16,0.8016577454187368,0.8226154212178525,-0.012716859579086304,0.9403896927833557,18.427236557006836,15.270737648010254,0.37615537211826483,0.023618280190148583,0.2089928186761074,0.09603284473783665,0.10339375261108719
HardMaze,"0242_window_len=16_w_neg=15.0_c_neg=2.0_reg_neg=0.0_discount=[0.1,0.9]_lr=0.001_rnn_type=LSTM",15.0,2.0,0.0,LSTM,0.1,0.9,0.001,148,126,5,0.8495738351536739,0.7871494956618309,0.7458462596548564,0.7969665076373535,0.8225376,16,0.7259434011649468,0.768226523366727,0.01592675782740116,0.9059217572212219,18.391096115112305,16.250473022460938,0.37615537211826483,-0.1204008674696305,0.23217645207758894,0.021627616433097803,0.10339375261108719
HardMaze,"0243_window_len=16_w_neg=15.0_c_neg=2.0_reg_neg=0.0_discount=[0.1,0.9]_lr=0.001_rnn_type=GRU",15.0,2.0,0.0,GRU,0.1,0.9,0.001,148,126,5,0.8495738351536739,0.7871494956618309,0.755253295888114,0.7766012196036262,0.8276323,16,0.7480794242901786,0.670803442219687,-0.04099927842617035,0.9075356721878052,18.4981746673584,15.868789672851562,0.37615537211826483,-0.04902982591562922,0.11936846550251944,-0.007579906363556023,0.10339375261108719
HardMaze,"0244_window_len=16_w_neg=15.0_c_neg=2.0_reg_neg=0.0_discount=[0.3,0.7]_lr=0.0001_rnn_type=LSTM",15.0,2.0,0.0,LSTM,0.3,0.7,0.0001,148,126,5,0.8495738351536739,0.7871494956618309,0.7974449507291151,0.8058949204933847,0.9254656,16,0.8147570069781999,0.8293979969632345,-0.038704171776771545,0.9851701259613037,18.301902770996094,17.516460418701172,0.37615537211826483,0.019510914374855727,0.09250933281776816,0.04944686441221808,0.10339375261108719
HardMaze,"0245_window_len=16_w_neg=15.0_c_neg=2.0_reg_neg=0.0_discount=[0.3,0.7]_lr=0.0001_rnn_type=GRU",15.0,2.0,0.0,GRU,0.3,0.7,0.0001,148,126,5,0.8495738351536739,0.7871494956618309,0.7930825706320175,0.797262958831592,0.9236325,16,0.8073692562899915,0.8228093517512288,-0.0721672847867012,0.9833931922912598,17.82469367980957,17.080766677856445,0.37615537211826483,0.0871675330525723,0.1316609068775295,0.11424908626883765,0.10339375261108719
HardMaze,"0246_window_len=16_w_neg=15.0_c_neg=2.0_reg_neg=0.0_discount=[0.3,0.7]_lr=0.001_rnn_type=LSTM",15.0,2.0,0.0,LSTM,0.3,0.7,0.001,148,126,5,0.8495738351536739,0.7871494956618309,0.7684417670441224,0.7892738759835196,0.8993471,16,0.7651185731662472,0.7209567022627908,-0.03478047996759415,0.9564627408981323,17.81845474243164,17.67972755432129,0.37615537211826483,0.030203781427393855,0.13256541703901997,0.07855059096083201,0.10339375261108719
HardMaze,"0247_window_len=16_w_neg=15.0_c_neg=2.0_reg_neg=0.0_discount=[0.3,0.7]_lr=0.001_rnn_type=GRU",15.0,2.0,0.0,GRU,0.3,0.7,0.001,148,126,5,0.8495738351536739,0.7871494956618309,0.777845848140547,0.8000193276293655,0.9163887,16,0.7530262323879394,0.7487646820853646,-0.020133042708039284,0.9719260931015015,18.47622299194336,17.936819076538086,0.37615537211826483,0.061819006477687316,0.06609874820490357,0.05723714352849781,0.10339375261108719
HardMaze,"0248_window_len=16_w_neg=15.0_c_neg=2.0_reg_neg=0.1_discount=[0.1,0.9]_lr=0.0001_rnn_type=LSTM",15.0,2.0,0.1,LSTM,0.1,0.9,0.0001,148,126,5,0.8495738351536739,0.7871494956618309,0.7944288012071967,0.8024379460492369,0.9105838,16,0.8063350417004006,0.7591994178970778,0.060913652181625366,0.9632902145385742,18.25428009033203,16.157310485839844,0.37615537211826483,0.11643992850425107,0.2607018852442663,0.18308082675472015,0.10339375261108719
HardMaze,"0249_window_len=16_w_neg=15.0_c_neg=2.0_reg_neg=0.1_discount=[0.1,0.9]_lr=0.0001_rnn_type=GRU",15.0,2.0,0.1,GRU,0.1,0.9,0.0001,148,126,5,0.8495738351536739,0.7871494956618309,0.7713431589425637,0.7936290282066277,0.90742743,16,0.7844244552168494,0.8153919404923956,-0.05501164123415947,0.9612522721290588,18.24236488342285,15.111529350280762,0.37615537211826483,0.12567223406651357,0.4428198164479735,0.244730237577128,0.10339375261108719
HardMaze,"0250_window_len=16_w_neg=15.0_c_neg=2.0_reg_neg=0.1_discount=[0.1,0.9]_lr=0.001_rnn_type=LSTM",15.0,2.0,0.1,LSTM,0.1,0.9,0.001,148,126,5,0.8495738351536739,0.7871494956618309,0.7562755543382014,0.8041402214988261,0.84410274,16,0.7351894263541101,0.6620018005915391,0.0807991772890091,0.9108317494392395,17.895076751708984,16.125778198242188,0.37615537211826483,0.04138226664040435,0.23339791149648692,0.09179388010806462,0.10339375261108719
HardMaze,"0251_window_len=16_w_neg=15.0_c_neg=2.0_reg_neg=0.1_discount=[0.1,0.9]_lr=0.001_rnn_type=GRU",15.0,2.0,0.1,GRU,0.1,0.9,0.001,148,126,5,0.8495738351536739,0.7871494956618309,0.7626853466429124,0.801382524814582,0.86258924,16,0.743100622300237,0.697725907340549,-0.0010151927126571536,0.9193376302719116,18.52325439453125,16.63815689086914,0.37615537211826483,0.07854873745640273,0.2108574441319669,0.11557063492691698,0.10339375261108719
HardMaze,"0252_window_len=16_w_neg=15.0_c_neg=2.0_reg_neg=0.1_discount=[0.3,0.7]_lr=0.0001_rnn_type=LSTM",15.0,2.0,0.1,LSTM,0.3,0.7,0.0001,148,126,5,0.8495738351536739,0.7871494956618309,0.7902566887591607,0.7994903792859815,0.944859,16,0.8014067824868893,0.8023313543638126,0.05547989904880524,0.9905233383178711,18.04117774963379,17.301021575927734,0.37615537211826483,0.07739585770138821,0.1295108417395603,0.10358587528716803,0.10339375261108719
HardMaze,"0253_window_len=16_w_neg=15.0_c_neg=2.0_reg_neg=0.1_discount=[0.3,0.7]_lr=0.0001_rnn_type=GRU",15.0,2.0,0.1,GRU,0.3,0.7,0.0001,148,126,5,0.8495738351536739,0.7871494956618309,0.7836472699285773,0.7982944039803186,0.9276875,16,0.800526739014189,0.8199298297184198,-0.0003541192563716322,0.987004280090332,17.878042221069336,16.859724044799805,0.37615537211826483,0.021001131935999885,0.12276408561696732,0.0654314866103614,0.10339375261108719
HardMaze,"0254_window_len=16_w_neg=15.0_c_neg=2.0_reg_neg=0.1_discount=[0.3,0.7]_lr=0.001_rnn_type=LSTM",15.0,2.0,0.1,LSTM,0.3,0.7,0.001,148,126,5,0.8495738351536739,0.7871494956618309,0.783678027671583,0.8049011756083935,0.93541443,16,0.7358194452404238,0.7573840678301211,0.04972685128450394,0.9778314828872681,18.604671478271484,18.10675621032715,0.37615537211826483,0.028776583016845346,0.06686609903862704,0.03736942955100496,0.10339375261108719
HardMaze,"0255_window_len=16_w_neg=15.0_c_neg=2.0_reg_neg=0.1_discount=[0.3,0.7]_lr=0.001_rnn_type=GRU",15.0,2.0,0.1,GRU,0.3,0.7,0.001,148,126,5,0.8495738351536739,0.7871494956618309,0.7737655673767796,0.7966514280268132,0.9459389,16,0.7539809464212966,0.7336040300863245,0.035266127437353134,0.9877723455429077,18.486923217773438,18.073102951049805,0.37615537211826483,-0.024157649979070165,-0.007350071814324835,-0.022834247816561543,0.10339375261108719
